classe_nome;arquivo;fs_hz;amostra;tempo_s;aceleracao_g
normal;100.mat;48000;0;0,0000000;0,036716
normal;100.mat;48000;1;0,0000208;0,061542
normal;100.mat;48000;2;0,0000417;0,096589
normal;100.mat;48000;3;0,0000625;0,108480
normal;100.mat;48000;4;0,0000833;0,075310
normal;100.mat;48000;5;0,0001042;0,034213
normal;100.mat;48000;6;0,0001250;0,023365
normal;100.mat;48000;7;0,0001458;0,051319
normal;100.mat;48000;8;0,0001667;0,093877
normal;100.mat;48000;9;0,0001875;0,088453
normal;100.mat;48000;10;0,0002083;0,056743
normal;100.mat;48000;11;0,0002292;0,027954
normal;100.mat;48000;12;0,0002500;0,025451
normal;100.mat;48000;13;0,0002708;0,062167
normal;100.mat;48000;14;0,0002917;0,076979
normal;100.mat;48000;15;0,0003125;0,066340
normal;100.mat;48000;16;0,0003333;0,049859
normal;100.mat;48000;17;0,0003542;0,036716
normal;100.mat;48000;18;0,0003750;0,058204
normal;100.mat;48000;19;0,0003958;0,101596
normal;100.mat;48000;20;0,0004167;0,120997
normal;100.mat;48000;21;0,0004375;0,085324
normal;100.mat;48000;22;0,0004583;0,016063
normal;100.mat;48000;23;0,0004792;-0,017732
normal;100.mat;48000;24;0,0005000;0,004798
normal;100.mat;48000;25;0,0005208;0,047147
normal;100.mat;48000;26;0,0005417;0,053406
normal;100.mat;48000;27;0,0005625;0,017315
normal;100.mat;48000;28;0,0005833;-0,022322
normal;100.mat;48000;29;0,0006042;-0,058204
normal;100.mat;48000;30;0,0006250;-0,060081
normal;100.mat;48000;31;0,0006458;-0,054031
normal;100.mat;48000;32;0,0006667;-0,069678
normal;100.mat;48000;33;0,0006875;-0,077396
normal;100.mat;48000;34;0,0007083;-0,070929
normal;100.mat;48000;35;0,0007292;-0,027120
normal;100.mat;48000;36;0,0007500;0,032753
normal;100.mat;48000;37;0,0007708;0,070929
normal;100.mat;48000;38;0,0007917;0,052988
normal;100.mat;48000;39;0,0008125;-0,010014
normal;100.mat;48000;40;0,0008333;-0,054449
normal;100.mat;48000;41;0,0008542;-0,068426
normal;100.mat;48000;42;0,0008750;-0,048607
normal;100.mat;48000;43;0,0008958;-0,047147
normal;100.mat;48000;44;0,0009167;-0,074267
normal;100.mat;48000;45;0,0009375;-0,093251
normal;100.mat;48000;46;0,0009583;-0,105977
normal;100.mat;48000;47;0,0009792;-0,074684
normal;100.mat;48000;48;0,0010000;-0,031710
normal;100.mat;48000;49;0,0010208;-0,015229
normal;100.mat;48000;50;0,0010417;-0,025660
normal;100.mat;48000;51;0,0010625;-0,055492
normal;100.mat;48000;52;0,0010833;-0,030875
normal;100.mat;48000;53;0,0011042;0,034004
normal;100.mat;48000;54;0,0011250;0,083655
normal;100.mat;48000;55;0,0011458;0,088870
normal;100.mat;48000;56;0,0011667;0,056952
normal;100.mat;48000;57;0,0011875;0,052780
normal;100.mat;48000;58;0,0012083;0,067591
normal;100.mat;48000;59;0,0012292;0,080317
normal;100.mat;48000;60;0,0012500;0,079691
normal;100.mat;48000;61;0,0012708;0,047356
normal;100.mat;48000;62;0,0012917;0,000834
normal;100.mat;48000;63;0,0013125;-0,018567
normal;100.mat;48000;64;0,0013333;-0,012726
normal;100.mat;48000;65;0,0013542;-0,008970
normal;100.mat;48000;66;0,0013750;-0,030458
normal;100.mat;48000;67;0,0013958;-0,084489
normal;100.mat;48000;68;0,0014167;-0,116825
normal;100.mat;48000;69;0,0014375;-0,092834
normal;100.mat;48000;70;0,0014583;-0,045478
normal;100.mat;48000;71;0,0014792;-0,008762
normal;100.mat;48000;72;0,0015000;0,012934
normal;100.mat;48000;73;0,0015208;0,003964
normal;100.mat;48000;74;0,0015417;0,005007
normal;100.mat;48000;75;0,0015625;0,025242
normal;100.mat;48000;76;0,0015833;0,039846
normal;100.mat;48000;77;0,0016042;0,046938
normal;100.mat;48000;78;0,0016250;-0,003338
normal;100.mat;48000;79;0,0016458;-0,062793
normal;100.mat;48000;80;0,0016667;-0,095337
normal;100.mat;48000;81;0,0016875;-0,086575
normal;100.mat;48000;82;0,0017083;-0,037134
normal;100.mat;48000;83;0,0017292;-0,013143
normal;100.mat;48000;84;0,0017500;-0,012100
normal;100.mat;48000;85;0,0017708;-0,032335
normal;100.mat;48000;86;0,0017917;-0,021905
normal;100.mat;48000;87;0,0018125;0,032544
normal;100.mat;48000;88;0,0018333;0,071972
normal;100.mat;48000;89;0,0018542;0,077396
normal;100.mat;48000;90;0,0018750;0,035047
normal;100.mat;48000;91;0,0018958;0,000000
normal;100.mat;48000;92;0,0019167;0,003338
normal;100.mat;48000;93;0,0019375;0,028580
normal;100.mat;48000;94;0,0019583;0,053197
normal;100.mat;48000;95;0,0019792;0,035465
normal;100.mat;48000;96;0,0020000;-0,015020
normal;100.mat;48000;97;0,0020208;-0,048607
normal;100.mat;48000;98;0,0020417;-0,031292
normal;100.mat;48000;99;0,0020625;0,005841
normal;100.mat;48000;100;0,0020833;0,017941
normal;100.mat;48000;101;0,0021042;-0,006676
normal;100.mat;48000;102;0,0021250;-0,053823
normal;100.mat;48000;103;0,0021458;-0,073641
normal;100.mat;48000;104;0,0021667;-0,049025
normal;100.mat;48000;105;0,0021875;-0,010014
normal;100.mat;48000;106;0,0022083;0,009805
normal;100.mat;48000;107;0,0022292;0,000209
normal;100.mat;48000;108;0,0022500;-0,013977
normal;100.mat;48000;109;0,0022708;-0,004798
normal;100.mat;48000;110;0,0022917;0,027537
normal;100.mat;48000;111;0,0023125;0,038385
normal;100.mat;48000;112;0,0023333;-0,002295
normal;100.mat;48000;113;0,0023542;-0,070095
normal;100.mat;48000;114;0,0023750;-0,108689
normal;100.mat;48000;115;0,0023958;-0,072181
normal;100.mat;48000;116;0,0024167;-0,003546
normal;100.mat;48000;117;0,0024375;0,041514
normal;100.mat;48000;118;0,0024583;0,049442
normal;100.mat;48000;119;0,0024792;0,020653
normal;100.mat;48000;120;0,0025000;0,005424
normal;100.mat;48000;121;0,0025208;0,032544
normal;100.mat;48000;122;0,0025417;0,080734
normal;100.mat;48000;123;0,0025625;0,105559
normal;100.mat;48000;124;0,0025833;0,089079
normal;100.mat;48000;125;0,0026042;0,059873
normal;100.mat;48000;126;0,0026250;0,069678
normal;100.mat;48000;127;0,0026458;0,126421
normal;100.mat;48000;128;0,0026667;0,181078
normal;100.mat;48000;129;0,0026875;0,202983
normal;100.mat;48000;130;0,0027083;0,173777
normal;100.mat;48000;131;0,0027292;0,145196
normal;100.mat;48000;132;0,0027500;0,142067
normal;100.mat;48000;133;0,0027708;0,136017
normal;100.mat;48000;134;0,0027917;0,121623
normal;100.mat;48000;135;0,0028125;0,081569
normal;100.mat;48000;136;0,0028333;0,025451
normal;100.mat;48000;137;0,0028542;-0,001252
normal;100.mat;48000;138;0,0028750;0,033796
normal;100.mat;48000;139;0,0028958;0,107020
normal;100.mat;48000;140;0,0029167;0,153332
normal;100.mat;48000;141;0,0029375;0,142484
normal;100.mat;48000;142;0,0029583;0,119119
normal;100.mat;48000;143;0,0029792;0,110358
normal;100.mat;48000;144;0,0030000;0,125795
normal;100.mat;48000;145;0,0030208;0,124126
normal;100.mat;48000;146;0,0030417;0,075519
normal;100.mat;48000;147;0,0030625;0,003546
normal;100.mat;48000;148;0,0030833;-0,064462
normal;100.mat;48000;149;0,0031042;-0,073850
normal;100.mat;48000;150;0,0031250;-0,021279
normal;100.mat;48000;151;0,0031458;0,052988
normal;100.mat;48000;152;0,0031667;0,073641
normal;100.mat;48000;153;0,0031875;0,035673
normal;100.mat;48000;154;0,0032083;0,007719
normal;100.mat;48000;155;0,0032292;0,007510
normal;100.mat;48000;156;0,0032500;0,020444
normal;100.mat;48000;157;0,0032708;0,014186
normal;100.mat;48000;158;0,0032917;-0,026703
normal;100.mat;48000;159;0,0033125;-0,065922
normal;100.mat;48000;160;0,0033333;-0,048607
normal;100.mat;48000;161;0,0033542;0,026286
normal;100.mat;48000;162;0,0033750;0,104516
normal;100.mat;48000;163;0,0033958;0,141024
normal;100.mat;48000;164;0,0034167;0,110983
normal;100.mat;48000;165;0,0034375;0,036299
normal;100.mat;48000;166;0,0034583;-0,027954
normal;100.mat;48000;167;0,0034792;-0,059247
normal;100.mat;48000;168;0,0035000;-0,078648
normal;100.mat;48000;169;0,0035208;-0,124126
normal;100.mat;48000;170;0,0035417;-0,182747
normal;100.mat;48000;171;0,0035625;-0,206946
normal;100.mat;48000;172;0,0035833;-0,162929
normal;100.mat;48000;173;0,0036042;-0,074267
normal;100.mat;48000;174;0,0036250;-0,008970
normal;100.mat;48000;175;0,0036458;-0,006467
normal;100.mat;48000;176;0,0036667;-0,056118
normal;100.mat;48000;177;0,0036875;-0,090330
normal;100.mat;48000;178;0,0037083;-0,086993
normal;100.mat;48000;179;0,0037292;-0,066340
normal;100.mat;48000;180;0,0037500;-0,061959
normal;100.mat;48000;181;0,0037708;-0,107854
normal;100.mat;48000;182;0,0037917;-0,152706
normal;100.mat;48000;183;0,0038125;-0,148117
normal;100.mat;48000;184;0,0038333;-0,084072
normal;100.mat;48000;185;0,0038542;-0,013560
normal;100.mat;48000;186;0,0038750;-0,007302
normal;100.mat;48000;187;0,0038958;-0,040263
normal;100.mat;48000;188;0,0039167;-0,067800
normal;100.mat;48000;189;0,0039375;-0,052571
normal;100.mat;48000;190;0,0039583;-0,007927
normal;100.mat;48000;191;0,0039792;0,002503
normal;100.mat;48000;192;0,0040000;-0,039637
normal;100.mat;48000;193;0,0040208;-0,093251
normal;100.mat;48000;194;0,0040417;-0,116407
normal;100.mat;48000;195;0,0040625;-0,090748
normal;100.mat;48000;196;0,0040833;-0,027329
normal;100.mat;48000;197;0,0041042;0,018358
normal;100.mat;48000;198;0,0041250;0,017941
normal;100.mat;48000;199;0,0041458;-0,001878
normal;100.mat;48000;200;0,0041667;-0,003755
normal;100.mat;48000;201;0,0041875;0,018358
normal;100.mat;48000;202;0,0042083;0,038177
normal;100.mat;48000;203;0,0042292;0,013769
normal;100.mat;48000;204;0,0042500;-0,052154
normal;100.mat;48000;205;0,0042708;-0,108689
normal;100.mat;48000;206;0,0042917;-0,102013
normal;100.mat;48000;207;0,0043125;-0,027954
normal;100.mat;48000;208;0,0043333;0,040889
normal;100.mat;48000;209;0,0043542;0,070095
normal;100.mat;48000;210;0,0043750;0,048399
normal;100.mat;48000;211;0,0043958;0,005841
normal;100.mat;48000;212;0,0044167;-0,012100
normal;100.mat;48000;213;0,0044375;-0,026286
normal;100.mat;48000;214;0,0044583;-0,043601
normal;100.mat;48000;215;0,0044792;-0,091374
normal;100.mat;48000;216;0,0045000;-0,139564
normal;100.mat;48000;217;0,0045208;-0,114113
normal;100.mat;48000;218;0,0045417;-0,016272
normal;100.mat;48000;219;0,0045625;0,099301
normal;100.mat;48000;220;0,0045833;0,146865
normal;100.mat;48000;221;0,0046042;0,120162
normal;100.mat;48000;222;0,0046250;0,074893
normal;100.mat;48000;223;0,0046458;0,054240
normal;100.mat;48000;224;0,0046667;0,063210
normal;100.mat;48000;225;0,0046875;0,076353
normal;100.mat;48000;226;0,0047083;0,054866
normal;100.mat;48000;227;0,0047292;-0,000834
normal;100.mat;48000;228;0,0047500;-0,033170
normal;100.mat;48000;229;0,0047708;-0,010431
normal;100.mat;48000;230;0,0047917;0,065088
normal;100.mat;48000;231;0,0048125;0,115782
normal;100.mat;48000;232;0,0048333;0,101596
normal;100.mat;48000;233;0,0048542;0,053614
normal;100.mat;48000;234;0,0048750;0,017732
normal;100.mat;48000;235;0,0048958;0,048190
normal;100.mat;48000;236;0,0049167;0,088870
normal;100.mat;48000;237;0,0049375;0,091165
normal;100.mat;48000;238;0,0049583;0,039220
normal;100.mat;48000;239;0,0049792;-0,045687
normal;100.mat;48000;240;0,0050000;-0,074893
normal;100.mat;48000;241;0,0050208;-0,035465
normal;100.mat;48000;242;0,0050417;0,037342
normal;100.mat;48000;243;0,0050625;0,074058
normal;100.mat;48000;244;0,0050833;0,068217
normal;100.mat;48000;245;0,0051042;0,057578
normal;100.mat;48000;246;0,0051250;0,056743
normal;100.mat;48000;247;0,0051458;0,077396
normal;100.mat;48000;248;0,0051667;0,058204
normal;100.mat;48000;249;0,0051875;-0,012726
normal;100.mat;48000;250;0,0052083;-0,090956
normal;100.mat;48000;251;0,0052292;-0,131010
normal;100.mat;48000;252;0,0052500;-0,087201
normal;100.mat;48000;253;0,0052708;-0,006050
normal;100.mat;48000;254;0,0052917;0,046313
normal;100.mat;48000;255;0,0053125;0,043601
normal;100.mat;48000;256;0,0053333;0,004590
normal;100.mat;48000;257;0,0053542;-0,008136
normal;100.mat;48000;258;0,0053750;0,023365
normal;100.mat;48000;259;0,0053958;0,060916
normal;100.mat;48000;260;0,0054167;0,051319
normal;100.mat;48000;261;0,0054375;-0,008345
normal;100.mat;48000;262;0,0054583;-0,066757
normal;100.mat;48000;263;0,0054792;-0,065088
normal;100.mat;48000;264;0,0055000;0,012726
normal;100.mat;48000;265;0,0055208;0,090539
normal;100.mat;48000;266;0,0055417;0,106394
normal;100.mat;48000;267;0,0055625;0,059038
normal;100.mat;48000;268;0,0055833;-0,003129
normal;100.mat;48000;269;0,0056042;-0,007927
normal;100.mat;48000;270;0,0056250;0,020653
normal;100.mat;48000;271;0,0056458;0,036090
normal;100.mat;48000;272;0,0056667;0,005215
normal;100.mat;48000;273;0,0056875;-0,049859
normal;100.mat;48000;274;0,0057083;-0,044852
normal;100.mat;48000;275;0,0057292;0,019401
normal;100.mat;48000;276;0,0057500;0,114530
normal;100.mat;48000;277;0,0057708;0,160425
normal;100.mat;48000;278;0,0057917;0,116407
normal;100.mat;48000;279;0,0058125;0,036508
normal;100.mat;48000;280;0,0058333;-0,024199
normal;100.mat;48000;281;0,0058542;-0,004172
normal;100.mat;48000;282;0,0058750;0,032127
normal;100.mat;48000;283;0,0058958;0,032753
normal;100.mat;48000;284;0,0059167;0,000417
normal;100.mat;48000;285;0,0059375;-0,045270
normal;100.mat;48000;286;0,0059583;-0,012726
normal;100.mat;48000;287;0,0059792;0,058830
normal;100.mat;48000;288;0,0060000;0,112652
normal;100.mat;48000;289;0,0060208;0,115364
normal;100.mat;48000;290;0,0060417;0,059455
normal;100.mat;48000;291;0,0060625;0,030666
normal;100.mat;48000;292;0,0060833;0,055492
normal;100.mat;48000;293;0,0061042;0,108480
normal;100.mat;48000;294;0,0061250;0,104099
normal;100.mat;48000;295;0,0061458;0,034839
normal;100.mat;48000;296;0,0061667;-0,034839
normal;100.mat;48000;297;0,0061875;-0,060081
normal;100.mat;48000;298;0,0062083;-0,015855
normal;100.mat;48000;299;0,0062292;0,031501
normal;100.mat;48000;300;0,0062500;0,066966
normal;100.mat;48000;301;0,0062708;0,066340
normal;100.mat;48000;302;0,0062917;0,031918
normal;100.mat;48000;303;0,0063125;0,047773
normal;100.mat;48000;304;0,0063333;0,088662
normal;100.mat;48000;305;0,0063542;0,093251
normal;100.mat;48000;306;0,0063750;0,033170
normal;100.mat;48000;307;0,0063958;-0,059873
normal;100.mat;48000;308;0,0064167;-0,115782
normal;100.mat;48000;309;0,0064375;-0,114113
normal;100.mat;48000;310;0,0064583;-0,058621
normal;100.mat;48000;311;0,0064792;-0,012308
normal;100.mat;48000;312;0,0065000;-0,020444
normal;100.mat;48000;313;0,0065208;-0,052154
normal;100.mat;48000;314;0,0065417;-0,075727
normal;100.mat;48000;315;0,0065625;-0,056118
normal;100.mat;48000;316;0,0065833;-0,026286
normal;100.mat;48000;317;0,0066042;-0,020236
normal;100.mat;48000;318;0,0066250;-0,048190
normal;100.mat;48000;319;0,0066458;-0,080526
normal;100.mat;48000;320;0,0066667;-0,046104
normal;100.mat;48000;321;0,0066875;0,019401
normal;100.mat;48000;322;0,0067083;0,089496
normal;100.mat;48000;323;0,0067292;0,101178
normal;100.mat;48000;324;0,0067500;0,054657
normal;100.mat;48000;325;0,0067708;0,013977
normal;100.mat;48000;326;0,0067917;-0,020236
normal;100.mat;48000;327;0,0068125;0,006676
normal;100.mat;48000;328;0,0068333;0,025868
normal;100.mat;48000;329;0,0068542;0,000834
normal;100.mat;48000;330;0,0068750;-0,042140
normal;100.mat;48000;331;0,0068958;-0,066757
normal;100.mat;48000;332;0,0069167;-0,002921
normal;100.mat;48000;333;0,0069375;0,067800
normal;100.mat;48000;334;0,0069583;0,100135
normal;100.mat;48000;335;0,0069792;0,096172
normal;100.mat;48000;336;0,0070000;0,075102
normal;100.mat;48000;337;0,0070208;0,078022
normal;100.mat;48000;338;0,0070417;0,097632
normal;100.mat;48000;339;0,0070625;0,134974
normal;100.mat;48000;340;0,0070833;0,121206
normal;100.mat;48000;341;0,0071042;0,034839
normal;100.mat;48000;342;0,0071250;-0,047982
normal;100.mat;48000;343;0,0071458;-0,073641
normal;100.mat;48000;344;0,0071667;-0,043809
normal;100.mat;48000;345;0,0071875;-0,018150
normal;100.mat;48000;346;0,0072083;-0,017315
normal;100.mat;48000;347;0,0072292;-0,047982
normal;100.mat;48000;348;0,0072500;-0,058204
normal;100.mat;48000;349;0,0072708;-0,005633
normal;100.mat;48000;350;0,0072917;0,059038
normal;100.mat;48000;351;0,0073125;0,089496
normal;100.mat;48000;352;0,0073333;0,037134
normal;100.mat;48000;353;0,0073542;-0,052154
normal;100.mat;48000;354;0,0073750;-0,100344
normal;100.mat;48000;355;0,0073958;-0,093042
normal;100.mat;48000;356;0,0074167;-0,042140
normal;100.mat;48000;357;0,0074375;0,007302
normal;100.mat;48000;358;0,0074583;0,017315
normal;100.mat;48000;359;0,0074792;0,003964
normal;100.mat;48000;360;0,0075000;0,024617
normal;100.mat;48000;361;0,0075208;0,075727
normal;100.mat;48000;362;0,0075417;0,111818
normal;100.mat;48000;363;0,0075625;0,101804
normal;100.mat;48000;364;0,0075833;0,038385
normal;100.mat;48000;365;0,0076042;-0,001252
normal;100.mat;48000;366;0,0076250;0,014186
normal;100.mat;48000;367;0,0076458;0,069469
normal;100.mat;48000;368;0,0076667;0,137060
normal;100.mat;48000;369;0,0076875;0,131219
normal;100.mat;48000;370;0,0077083;0,091999
normal;100.mat;48000;371;0,0077292;0,072181
normal;100.mat;48000;372;0,0077500;0,108480
normal;100.mat;48000;373;0,0077708;0,168144
normal;100.mat;48000;374;0,0077917;0,165015
normal;100.mat;48000;375;0,0078125;0,127673
normal;100.mat;48000;376;0,0078333;0,063836
normal;100.mat;48000;377;0,0078542;0,047982
normal;100.mat;48000;378;0,0078750;0,091791
normal;100.mat;48000;379;0,0078958;0,133305
normal;100.mat;48000;380;0,0079167;0,153541
normal;100.mat;48000;381;0,0079375;0,119745
normal;100.mat;48000;382;0,0079583;0,079274
normal;100.mat;48000;383;0,0079792;0,066757
normal;100.mat;48000;384;0,0080000;0,090956
normal;100.mat;48000;385;0,0080208;0,115364
normal;100.mat;48000;386;0,0080417;0,083238
normal;100.mat;48000;387;0,0080625;0,018358
normal;100.mat;48000;388;0,0080833;-0,030875
normal;100.mat;48000;389;0,0081042;-0,027329
normal;100.mat;48000;390;0,0081250;0,020236
normal;100.mat;48000;391;0,0081458;0,059038
normal;100.mat;48000;392;0,0081667;0,050485
normal;100.mat;48000;393;0,0081875;0,016898
normal;100.mat;48000;394;0,0082083;0,002503
normal;100.mat;48000;395;0,0082292;0,041932
normal;100.mat;48000;396;0,0082500;0,103265
normal;100.mat;48000;397;0,0082708;0,112235
normal;100.mat;48000;398;0,0082917;0,059664
normal;100.mat;48000;399;0,0083125;-0,002503
normal;100.mat;48000;400;0,0083333;-0,031710
normal;100.mat;48000;401;0,0083542;-0,027746
normal;100.mat;48000;402;0,0083750;-0,004381
normal;100.mat;48000;403;0,0083958;0,005215
normal;100.mat;48000;404;0,0084167;-0,002295
normal;100.mat;48000;405;0,0084375;-0,002503
normal;100.mat;48000;406;0,0084583;0,032544
normal;100.mat;48000;407;0,0084792;0,083238
normal;100.mat;48000;408;0,0085000;0,086367
normal;100.mat;48000;409;0,0085208;0,034630
normal;100.mat;48000;410;0,0085417;-0,046730
normal;100.mat;48000;411;0,0085625;-0,103890
normal;100.mat;48000;412;0,0085833;-0,090748
normal;100.mat;48000;413;0,0086042;-0,028998
normal;100.mat;48000;414;0,0086250;0,020444
normal;100.mat;48000;415;0,0086458;0,024825
normal;100.mat;48000;416;0,0086667;-0,002086
normal;100.mat;48000;417;0,0086875;-0,018150
normal;100.mat;48000;418;0,0087083;0,001252
normal;100.mat;48000;419;0,0087292;0,011474
normal;100.mat;48000;420;0,0087500;-0,018775
normal;100.mat;48000;421;0,0087708;-0,069886
normal;100.mat;48000;422;0,0087917;-0,112235
normal;100.mat;48000;423;0,0088125;-0,103682
normal;100.mat;48000;424;0,0088333;-0,061124
normal;100.mat;48000;425;0,0088542;-0,018150
normal;100.mat;48000;426;0,0088750;-0,006050
normal;100.mat;48000;427;0,0088958;-0,033587
normal;100.mat;48000;428;0,0089167;-0,060290
normal;100.mat;48000;429;0,0089375;-0,051319
normal;100.mat;48000;430;0,0089583;0,001460
normal;100.mat;48000;431;0,0089792;0,024825
normal;100.mat;48000;432;0,0090000;0,003964
normal;100.mat;48000;433;0,0090208;-0,039220
normal;100.mat;48000;434;0,0090417;-0,060290
normal;100.mat;48000;435;0,0090625;-0,023365
normal;100.mat;48000;436;0,0090833;0,010222
normal;100.mat;48000;437;0,0091042;0,025451
normal;100.mat;48000;438;0,0091250;-0,001043
normal;100.mat;48000;439;0,0091458;-0,040680
normal;100.mat;48000;440;0,0091667;-0,041514
normal;100.mat;48000;441;0,0091875;-0,006050
normal;100.mat;48000;442;0,0092083;0,052154
normal;100.mat;48000;443;0,0092292;0,068426
normal;100.mat;48000;444;0,0092500;0,040889
normal;100.mat;48000;445;0,0092708;0,001669
normal;100.mat;48000;446;0,0092917;-0,025868
normal;100.mat;48000;447;0,0093125;-0,019193
normal;100.mat;48000;448;0,0093333;-0,033170
normal;100.mat;48000;449;0,0093542;-0,079691
normal;100.mat;48000;450;0,0093750;-0,125586
normal;100.mat;48000;451;0,0093958;-0,138312
normal;100.mat;48000;452;0,0094167;-0,098884
normal;100.mat;48000;453;0,0094375;-0,048607
normal;100.mat;48000;454;0,0094583;-0,009805
normal;100.mat;48000;455;0,0094792;-0,020236
normal;100.mat;48000;456;0,0095000;-0,058830
normal;100.mat;48000;457;0,0095208;-0,059664
normal;100.mat;48000;458;0,0095417;-0,026286
normal;100.mat;48000;459;0,0095625;0,025451
normal;100.mat;48000;460;0,0095833;0,048607
normal;100.mat;48000;461;0,0096042;0,024617
normal;100.mat;48000;462;0,0096250;-0,001043
normal;100.mat;48000;463;0,0096458;0,005841
normal;100.mat;48000;464;0,0096667;0,037134
normal;100.mat;48000;465;0,0096875;0,061542
normal;100.mat;48000;466;0,0097083;0,059873
normal;100.mat;48000;467;0,0097292;0,027120
normal;100.mat;48000;468;0,0097500;0,007302
normal;100.mat;48000;469;0,0097708;0,027954
normal;100.mat;48000;470;0,0097917;0,054240
normal;100.mat;48000;471;0,0098125;0,074058
normal;100.mat;48000;472;0,0098333;0,050902
normal;100.mat;48000;473;0,0098542;0,010014
normal;100.mat;48000;474;0,0098750;0,011891
normal;100.mat;48000;475;0,0098958;0,048607
normal;100.mat;48000;476;0,0099167;0,103890
normal;100.mat;48000;477;0,0099375;0,112652
normal;100.mat;48000;478;0,0099583;0,085324
normal;100.mat;48000;479;0,0099792;0,046104
normal;100.mat;48000;480;0,0100000;0,028372
normal;100.mat;48000;481;0,0100208;0,045895
normal;100.mat;48000;482;0,0100417;0,036299
normal;100.mat;48000;483;0,0100625;0,004172
normal;100.mat;48000;484;0,0100833;-0,070512
normal;100.mat;48000;485;0,0101042;-0,124126
normal;100.mat;48000;486;0,0101250;-0,098258
normal;100.mat;48000;487;0,0101458;-0,041723
normal;100.mat;48000;488;0,0101667;0,017941
normal;100.mat;48000;489;0,0101875;0,037551
normal;100.mat;48000;490;0,0102083;0,028163
normal;100.mat;48000;491;0,0102292;0,004590
normal;100.mat;48000;492;0,0102500;0,000626
normal;100.mat;48000;493;0,0102708;0,022530
normal;100.mat;48000;494;0,0102917;0,010222
normal;100.mat;48000;495;0,0103125;-0,033378
normal;100.mat;48000;496;0,0103333;-0,085741
normal;100.mat;48000;497;0,0103542;-0,093251
normal;100.mat;48000;498;0,0103750;-0,056326
normal;100.mat;48000;499;0,0103958;-0,015020
normal;100.mat;48000;500;0,0104167;0,010848
normal;100.mat;48000;501;0,0104375;-0,007719
normal;100.mat;48000;502;0,0104583;-0,025034
normal;100.mat;48000;503;0,0104792;-0,007719
normal;100.mat;48000;504;0,0105000;0,025868
normal;100.mat;48000;505;0,0105208;0,042975
normal;100.mat;48000;506;0,0105417;0,007719
normal;100.mat;48000;507;0,0105625;-0,048607
normal;100.mat;48000;508;0,0105833;-0,082194
normal;100.mat;48000;509;0,0106042;-0,067174
normal;100.mat;48000;510;0,0106250;-0,017941
normal;100.mat;48000;511;0,0106458;0,012100
normal;100.mat;48000;512;0,0106667;0,020862
normal;100.mat;48000;513;0,0106875;0,008762
normal;100.mat;48000;514;0,0107083;0,012100
normal;100.mat;48000;515;0,0107292;0,050276
normal;100.mat;48000;516;0,0107500;0,081986
normal;100.mat;48000;517;0,0107708;0,088244
normal;100.mat;48000;518;0,0107917;0,033796
normal;100.mat;48000;519;0,0108125;-0,024825
normal;100.mat;48000;520;0,0108333;-0,032335
normal;100.mat;48000;521;0,0108542;0,001460
normal;100.mat;48000;522;0,0108750;0,050068
normal;100.mat;48000;523;0,0108958;0,049650
normal;100.mat;48000;524;0,0109167;0,026911
normal;100.mat;48000;525;0,0109375;0,001252
normal;100.mat;48000;526;0,0109583;-0,002921
normal;100.mat;48000;527;0,0109792;0,025034
normal;100.mat;48000;528;0,0110000;0,030249
normal;100.mat;48000;529;0,0110208;-0,008970
normal;100.mat;48000;530;0,0110417;-0,080108
normal;100.mat;48000;531;0,0110625;-0,097006
normal;100.mat;48000;532;0,0110833;-0,040471
normal;100.mat;48000;533;0,0111042;0,037551
normal;100.mat;48000;534;0,0111250;0,092834
normal;100.mat;48000;535;0,0111458;0,085324
normal;100.mat;48000;536;0,0111667;0,052571
normal;100.mat;48000;537;0,0111875;0,032127
normal;100.mat;48000;538;0,0112083;0,039220
normal;100.mat;48000;539;0,0112292;0,046730
normal;100.mat;48000;540;0,0112500;0,010639
normal;100.mat;48000;541;0,0112708;-0,039846
normal;100.mat;48000;542;0,0112917;-0,075936
normal;100.mat;48000;543;0,0113125;-0,071138
normal;100.mat;48000;544;0,0113333;-0,020862
normal;100.mat;48000;545;0,0113542;0,036508
normal;100.mat;48000;546;0,0113750;0,067591
normal;100.mat;48000;547;0,0113958;0,058830
normal;100.mat;48000;548;0,0114167;0,045270
normal;100.mat;48000;549;0,0114375;0,064254
normal;100.mat;48000;550;0,0114583;0,093877
normal;100.mat;48000;551;0,0114792;0,094711
normal;100.mat;48000;552;0,0115000;0,035256
normal;100.mat;48000;553;0,0115208;-0,045478
normal;100.mat;48000;554;0,0115417;-0,093251
normal;100.mat;48000;555;0,0115625;-0,087827
normal;100.mat;48000;556;0,0115833;-0,026703
normal;100.mat;48000;557;0,0116042;0,015229
normal;100.mat;48000;558;0,0116250;0,022113
normal;100.mat;48000;559;0,0116458;0,019818
normal;100.mat;48000;560;0,0116667;0,047356
normal;100.mat;48000;561;0,0116875;0,108063
normal;100.mat;48000;562;0,0117083;0,132054
normal;100.mat;48000;563;0,0117292;0,093042
normal;100.mat;48000;564;0,0117500;0,004590
normal;100.mat;48000;565;0,0117708;-0,057786
normal;100.mat;48000;566;0,0117917;-0,061124
normal;100.mat;48000;567;0,0118125;-0,028163
normal;100.mat;48000;568;0,0118333;0,008970
normal;100.mat;48000;569;0,0118542;0,010431
normal;100.mat;48000;570;0,0118750;-0,004590
normal;100.mat;48000;571;0,0118958;0,001252
normal;100.mat;48000;572;0,0119167;0,025242
normal;100.mat;48000;573;0,0119375;0,046730
normal;100.mat;48000;574;0,0119583;0,032544
normal;100.mat;48000;575;0,0119792;-0,030041
normal;100.mat;48000;576;0,0120000;-0,080734
normal;100.mat;48000;577;0,0120208;-0,077814
normal;100.mat;48000;578;0,0120417;-0,012934
normal;100.mat;48000;579;0,0120625;0,059873
normal;100.mat;48000;580;0,0120833;0,093877
normal;100.mat;48000;581;0,0121042;0,077814
normal;100.mat;48000;582;0,0121250;0,019818
normal;100.mat;48000;583;0,0121458;0,015855
normal;100.mat;48000;584;0,0121667;0,046313
normal;100.mat;48000;585;0,0121875;0,056118
normal;100.mat;48000;586;0,0122083;0,029415
normal;100.mat;48000;587;0,0122292;-0,026703
normal;100.mat;48000;588;0,0122500;-0,052988
normal;100.mat;48000;589;0,0122708;-0,037342
normal;100.mat;48000;590;0,0122917;0,022530
normal;100.mat;48000;591;0,0123125;0,071346
normal;100.mat;48000;592;0,0123333;0,065505
normal;100.mat;48000;593;0,0123542;0,031084
normal;100.mat;48000;594;0,0123750;0,015229
normal;100.mat;48000;595;0,0123958;0,047147
normal;100.mat;48000;596;0,0124167;0,073641
normal;100.mat;48000;597;0,0124375;0,065505
normal;100.mat;48000;598;0,0124583;0,015020
normal;100.mat;48000;599;0,0124792;-0,040471
normal;100.mat;48000;600;0,0125000;-0,027537
normal;100.mat;48000;601;0,0125208;0,023574
normal;100.mat;48000;602;0,0125417;0,068634
normal;100.mat;48000;603;0,0125625;0,074684
normal;100.mat;48000;604;0,0125833;0,049025
normal;100.mat;48000;605;0,0126042;0,039011
normal;100.mat;48000;606;0,0126250;0,060707
normal;100.mat;48000;607;0,0126458;0,107020
normal;100.mat;48000;608;0,0126667;0,110566
normal;100.mat;48000;609;0,0126875;0,061124
normal;100.mat;48000;610;0,0127083;-0,014394
normal;100.mat;48000;611;0,0127292;-0,066548
normal;100.mat;48000;612;0,0127500;-0,048816
normal;100.mat;48000;613;0,0127708;-0,020653
normal;100.mat;48000;614;0,0127917;-0,014603
normal;100.mat;48000;615;0,0128125;-0,025451
normal;100.mat;48000;616;0,0128333;-0,036299
normal;100.mat;48000;617;0,0128542;-0,015229
normal;100.mat;48000;618;0,0128750;0,020236
normal;100.mat;48000;619;0,0128958;0,041932
normal;100.mat;48000;620;0,0129167;0,010431
normal;100.mat;48000;621;0,0129375;-0,065505
normal;100.mat;48000;622;0,0129583;-0,115782
normal;100.mat;48000;623;0,0129792;-0,098884
normal;100.mat;48000;624;0,0130000;-0,016063
normal;100.mat;48000;625;0,0130208;0,042558
normal;100.mat;48000;626;0,0130417;0,041723
normal;100.mat;48000;627;0,0130625;0,006676
normal;100.mat;48000;628;0,0130833;-0,034839
normal;100.mat;48000;629;0,0131042;-0,027537
normal;100.mat;48000;630;0,0131250;-0,018984
normal;100.mat;48000;631;0,0131458;-0,027329
normal;100.mat;48000;632;0,0131667;-0,053197
normal;100.mat;48000;633;0,0131875;-0,087410
normal;100.mat;48000;634;0,0132083;-0,068843
normal;100.mat;48000;635;0,0132292;-0,016689
normal;100.mat;48000;636;0,0132500;0,061333
normal;100.mat;48000;637;0,0132708;0,101178
normal;100.mat;48000;638;0,0132917;0,058204
normal;100.mat;48000;639;0,0133125;0,018358
normal;100.mat;48000;640;0,0133333;0,009596
normal;100.mat;48000;641;0,0133542;0,032961
normal;100.mat;48000;642;0,0133750;0,057369
normal;100.mat;48000;643;0,0133958;0,013351
normal;100.mat;48000;644;0,0134167;-0,059455
normal;100.mat;48000;645;0,0134375;-0,099927
normal;100.mat;48000;646;0,0134583;-0,070929
normal;100.mat;48000;647;0,0134792;0,009179
normal;100.mat;48000;648;0,0135000;0,060707
normal;100.mat;48000;649;0,0135208;0,068843
normal;100.mat;48000;650;0,0135417;0,032961
normal;100.mat;48000;651;0,0135625;0,019401
normal;100.mat;48000;652;0,0135833;0,051319
normal;100.mat;48000;653;0,0136042;0,076770
normal;100.mat;48000;654;0,0136250;0,067174
normal;100.mat;48000;655;0,0136458;-0,003755
normal;100.mat;48000;656;0,0136667;-0,056952
normal;100.mat;48000;657;0,0136875;-0,050068
normal;100.mat;48000;658;0,0137083;0,006050
normal;100.mat;48000;659;0,0137292;0,074267
normal;100.mat;48000;660;0,0137500;0,090122
normal;100.mat;48000;661;0,0137708;0,074476
normal;100.mat;48000;662;0,0137917;0,057161
normal;100.mat;48000;663;0,0138125;0,070929
normal;100.mat;48000;664;0,0138333;0,114947
normal;100.mat;48000;665;0,0138542;0,128507
normal;100.mat;48000;666;0,0138750;0,068217
normal;100.mat;48000;667;0,0138958;-0,017524
normal;100.mat;48000;668;0,0139167;-0,042975
normal;100.mat;48000;669;0,0139375;-0,002086
normal;100.mat;48000;670;0,0139583;0,072807
normal;100.mat;48000;671;0,0139792;0,116407
normal;100.mat;48000;672;0,0140000;0,110566
normal;100.mat;48000;673;0,0140208;0,082820
normal;100.mat;48000;674;0,0140417;0,056326
normal;100.mat;48000;675;0,0140625;0,061542
normal;100.mat;48000;676;0,0140833;0,080317
normal;100.mat;48000;677;0,0141042;0,066757
normal;100.mat;48000;678;0,0141250;0,013560
normal;100.mat;48000;679;0,0141458;-0,027746
normal;100.mat;48000;680;0,0141667;-0,003546
normal;100.mat;48000;681;0,0141875;0,063002
normal;100.mat;48000;682;0,0142083;0,120371
normal;100.mat;48000;683;0,0142292;0,126838
normal;100.mat;48000;684;0,0142500;0,089287
normal;100.mat;48000;685;0,0142708;0,056326
normal;100.mat;48000;686;0,0142917;0,039846
normal;100.mat;48000;687;0,0143125;0,058621
normal;100.mat;48000;688;0,0143333;0,062167
normal;100.mat;48000;689;0,0143542;0,001460
normal;100.mat;48000;690;0,0143750;-0,065714
normal;100.mat;48000;691;0,0143958;-0,073641
normal;100.mat;48000;692;0,0144167;-0,000209
normal;100.mat;48000;693;0,0144375;0,080734
normal;100.mat;48000;694;0,0144583;0,113487
normal;100.mat;48000;695;0,0144792;0,078648
normal;100.mat;48000;696;0,0145000;0,015229
normal;100.mat;48000;697;0,0145208;0,003129
normal;100.mat;48000;698;0,0145417;0,027120
normal;100.mat;48000;699;0,0145625;0,058621
normal;100.mat;48000;700;0,0145833;0,060498
normal;100.mat;48000;701;0,0146042;0,031084
normal;100.mat;48000;702;0,0146250;0,025868
normal;100.mat;48000;703;0,0146458;0,060916
normal;100.mat;48000;704;0,0146667;0,118285
normal;100.mat;48000;705;0,0146875;0,130385
normal;100.mat;48000;706;0,0147083;0,061124
normal;100.mat;48000;707;0,0147292;-0,029623
normal;100.mat;48000;708;0,0147500;-0,078857
normal;100.mat;48000;709;0,0147708;-0,048399
normal;100.mat;48000;710;0,0147917;0,007719
normal;100.mat;48000;711;0,0148125;0,025451
normal;100.mat;48000;712;0,0148333;0,009388
normal;100.mat;48000;713;0,0148542;-0,031292
normal;100.mat;48000;714;0,0148750;-0,037342
normal;100.mat;48000;715;0,0148958;-0,011265
normal;100.mat;48000;716;0,0149167;0,015855
normal;100.mat;48000;717;0,0149375;0,017524
normal;100.mat;48000;718;0,0149583;-0,027954
normal;100.mat;48000;719;0,0149792;-0,057578
normal;100.mat;48000;720;0,0150000;-0,043392
normal;100.mat;48000;721;0,0150208;-0,000626
normal;100.mat;48000;722;0,0150417;0,035882
normal;100.mat;48000;723;0,0150625;0,008345
normal;100.mat;48000;724;0,0150833;-0,066757
normal;100.mat;48000;725;0,0151042;-0,111192
normal;100.mat;48000;726;0,0151250;-0,099092
normal;100.mat;48000;727;0,0151458;-0,039637
normal;100.mat;48000;728;0,0151667;0,003964
normal;100.mat;48000;729;0,0151875;-0,001252
normal;100.mat;48000;730;0,0152083;-0,027537
normal;100.mat;48000;731;0,0152292;-0,057578
normal;100.mat;48000;732;0,0152500;-0,042140
normal;100.mat;48000;733;0,0152708;-0,008553
normal;100.mat;48000;734;0,0152917;-0,001669
normal;100.mat;48000;735;0,0153125;-0,022530
normal;100.mat;48000;736;0,0153333;-0,051319
normal;100.mat;48000;737;0,0153542;-0,028580
normal;100.mat;48000;738;0,0153750;0,037968
normal;100.mat;48000;739;0,0153958;0,110566
normal;100.mat;48000;740;0,0154167;0,118494
normal;100.mat;48000;741;0,0154375;0,048607
normal;100.mat;48000;742;0,0154583;-0,011682
normal;100.mat;48000;743;0,0154792;-0,032753
normal;100.mat;48000;744;0,0155000;-0,007093
normal;100.mat;48000;745;0,0155208;0,009388
normal;100.mat;48000;746;0,0155417;-0,003755
normal;100.mat;48000;747;0,0155625;-0,011891
normal;100.mat;48000;748;0,0155833;-0,003338
normal;100.mat;48000;749;0,0156042;0,066340
normal;100.mat;48000;750;0,0156250;0,144153
normal;100.mat;48000;751;0,0156458;0,170022
normal;100.mat;48000;752;0,0156667;0,139355
normal;100.mat;48000;753;0,0156875;0,081151
normal;100.mat;48000;754;0,0157083;0,065297
normal;100.mat;48000;755;0,0157292;0,076353
normal;100.mat;48000;756;0,0157500;0,081569
normal;100.mat;48000;757;0,0157708;0,052362
normal;100.mat;48000;758;0,0157917;-0,017315
normal;100.mat;48000;759;0,0158125;-0,064254
normal;100.mat;48000;760;0,0158333;-0,064462
normal;100.mat;48000;761;0,0158542;-0,037134
normal;100.mat;48000;762;0,0158750;-0,012934
normal;100.mat;48000;763;0,0158958;-0,027329
normal;100.mat;48000;764;0,0159167;-0,059873
normal;100.mat;48000;765;0,0159375;-0,062376
normal;100.mat;48000;766;0,0159583;-0,024199
normal;100.mat;48000;767;0,0159792;0,044644
normal;100.mat;48000;768;0,0160000;0,077396
normal;100.mat;48000;769;0,0160208;0,048607
normal;100.mat;48000;770;0,0160417;-0,002086
normal;100.mat;48000;771;0,0160625;-0,040263
normal;100.mat;48000;772;0,0160833;-0,026077
normal;100.mat;48000;773;0,0161042;0,003546
normal;100.mat;48000;774;0,0161250;0,014186
normal;100.mat;48000;775;0,0161458;-0,006884
normal;100.mat;48000;776;0,0161667;-0,034004
normal;100.mat;48000;777;0,0161875;-0,025034
normal;100.mat;48000;778;0,0162083;0,005215
normal;100.mat;48000;779;0,0162292;0,038177
normal;100.mat;48000;780;0,0162500;0,027954
normal;100.mat;48000;781;0,0162708;-0,008762
normal;100.mat;48000;782;0,0162917;-0,015229
normal;100.mat;48000;783;0,0163125;0,023574
normal;100.mat;48000;784;0,0163333;0,093877
normal;100.mat;48000;785;0,0163542;0,144988
normal;100.mat;48000;786;0,0163750;0,135391
normal;100.mat;48000;787;0,0163958;0,098049
normal;100.mat;48000;788;0,0164167;0,078857
normal;100.mat;48000;789;0,0164375;0,089287
normal;100.mat;48000;790;0,0164583;0,103682
normal;100.mat;48000;791;0,0164792;0,090748
normal;100.mat;48000;792;0,0165000;0,059873
normal;100.mat;48000;793;0,0165208;0,013143
normal;100.mat;48000;794;0,0165417;0,018567
normal;100.mat;48000;795;0,0165625;0,071138
normal;100.mat;48000;796;0,0165833;0,115156
normal;100.mat;48000;797;0,0166042;0,124126
normal;100.mat;48000;798;0,0166250;0,076979
normal;100.mat;48000;799;0,0166458;0,051528
normal;100.mat;48000;800;0,0166667;0,050068
normal;100.mat;48000;801;0,0166875;0,069886
normal;100.mat;48000;802;0,0167083;0,071346
normal;100.mat;48000;803;0,0167292;0,005424
normal;100.mat;48000;804;0,0167500;-0,055492
normal;100.mat;48000;805;0,0167708;-0,084281
normal;100.mat;48000;806;0,0167917;-0,053823
normal;100.mat;48000;807;0,0168125;0,006884
normal;100.mat;48000;808;0,0168333;0,022530
normal;100.mat;48000;809;0,0168542;-0,002086
normal;100.mat;48000;810;0,0168750;-0,028580
normal;100.mat;48000;811;0,0168958;-0,025868
normal;100.mat;48000;812;0,0169167;0,014603
normal;100.mat;48000;813;0,0169375;0,063836
normal;100.mat;48000;814;0,0169583;0,069678
normal;100.mat;48000;815;0,0169792;0,027954
normal;100.mat;48000;816;0,0170000;-0,021070
normal;100.mat;48000;817;0,0170208;-0,040263
normal;100.mat;48000;818;0,0170417;-0,025034
normal;100.mat;48000;819;0,0170625;-0,009179
normal;100.mat;48000;820;0,0170833;-0,020027
normal;100.mat;48000;821;0,0171042;-0,045270
normal;100.mat;48000;822;0,0171250;-0,047564
normal;100.mat;48000;823;0,0171458;-0,003546
normal;100.mat;48000;824;0,0171667;0,053197
normal;100.mat;48000;825;0,0171875;0,072807
normal;100.mat;48000;826;0,0172083;0,040680
normal;100.mat;48000;827;0,0172292;-0,022739
normal;100.mat;48000;828;0,0172500;-0,050276
normal;100.mat;48000;829;0,0172708;-0,026286
normal;100.mat;48000;830;0,0172917;0,012100
normal;100.mat;48000;831;0,0173125;0,030875
normal;100.mat;48000;832;0,0173333;0,003546
normal;100.mat;48000;833;0,0173542;-0,039428
normal;100.mat;48000;834;0,0173750;-0,051737
normal;100.mat;48000;835;0,0173958;-0,019610
normal;100.mat;48000;836;0,0174167;0,004590
normal;100.mat;48000;837;0,0174375;-0,002921
normal;100.mat;48000;838;0,0174583;-0,040680
normal;100.mat;48000;839;0,0174792;-0,069678
normal;100.mat;48000;840;0,0175000;-0,035465
normal;100.mat;48000;841;0,0175208;0,013769
normal;100.mat;48000;842;0,0175417;0,053614
normal;100.mat;48000;843;0,0175625;0,049859
normal;100.mat;48000;844;0,0175833;0,005841
normal;100.mat;48000;845;0,0176042;-0,016063
normal;100.mat;48000;846;0,0176250;-0,007510
normal;100.mat;48000;847;0,0176458;0,027746
normal;100.mat;48000;848;0,0176667;0,035256
normal;100.mat;48000;849;0,0176875;-0,007302
normal;100.mat;48000;850;0,0177083;-0,052988
normal;100.mat;48000;851;0,0177292;-0,063836
normal;100.mat;48000;852;0,0177500;-0,018150
normal;100.mat;48000;853;0,0177708;0,034839
normal;100.mat;48000;854;0,0177917;0,051945
normal;100.mat;48000;855;0,0178125;0,036925
normal;100.mat;48000;856;0,0178333;-0,003546
normal;100.mat;48000;857;0,0178542;-0,011474
normal;100.mat;48000;858;0,0178750;0,016272
normal;100.mat;48000;859;0,0178958;0,028998
normal;100.mat;48000;860;0,0179167;0,012308
normal;100.mat;48000;861;0,0179375;-0,042975
normal;100.mat;48000;862;0,0179583;-0,062585
normal;100.mat;48000;863;0,0179792;-0,041514
normal;100.mat;48000;864;0,0180000;-0,038594
normal;100.mat;48000;865;0,0180208;-0,033587
normal;100.mat;48000;866;0,0180417;-0,058204
normal;100.mat;48000;867;0,0180625;-0,079482
normal;100.mat;48000;868;0,0180833;-0,065088
normal;100.mat;48000;869;0,0181042;-0,024825
normal;100.mat;48000;870;0,0181250;0,016481
normal;100.mat;48000;871;0,0181458;0,010014
normal;100.mat;48000;872;0,0181667;-0,029206
normal;100.mat;48000;873;0,0181875;-0,091374
normal;100.mat;48000;874;0,0182083;-0,112026
normal;100.mat;48000;875;0,0182292;-0,075102
normal;100.mat;48000;876;0,0182500;-0,028580
normal;100.mat;48000;877;0,0182708;-0,003338
normal;100.mat;48000;878;0,0182917;-0,023991
normal;100.mat;48000;879;0,0183125;-0,038594
normal;100.mat;48000;880;0,0183333;-0,029206
normal;100.mat;48000;881;0,0183542;-0,022322
normal;100.mat;48000;882;0,0183750;-0,023156
normal;100.mat;48000;883;0,0183958;-0,063836
normal;100.mat;48000;884;0,0184167;-0,118285
normal;100.mat;48000;885;0,0184375;-0,136852
normal;100.mat;48000;886;0,0184583;-0,104308
normal;100.mat;48000;887;0,0184792;-0,031710
normal;100.mat;48000;888;0,0185000;-0,000626
normal;100.mat;48000;889;0,0185208;-0,025034
normal;100.mat;48000;890;0,0185417;-0,045895
normal;100.mat;48000;891;0,0185625;-0,030041
normal;100.mat;48000;892;0,0185833;0,019401
normal;100.mat;48000;893;0,0186042;0,046521
normal;100.mat;48000;894;0,0186250;0,038802
normal;100.mat;48000;895;0,0186458;0,016898
normal;100.mat;48000;896;0,0186667;-0,010222
normal;100.mat;48000;897;0,0186875;-0,003964
normal;100.mat;48000;898;0,0187083;0,026911
normal;100.mat;48000;899;0,0187292;0,032544
normal;100.mat;48000;900;0,0187500;-0,006258
normal;100.mat;48000;901;0,0187708;-0,053614
normal;100.mat;48000;902;0,0187917;-0,082403
normal;100.mat;48000;903;0,0188125;-0,068634
normal;100.mat;48000;904;0,0188333;-0,015646
normal;100.mat;48000;905;0,0188542;0,013351
normal;100.mat;48000;906;0,0188750;0,001878
normal;100.mat;48000;907;0,0188958;-0,034004
normal;100.mat;48000;908;0,0189167;-0,042975
normal;100.mat;48000;909;0,0189375;-0,023991
normal;100.mat;48000;910;0,0189583;-0,004381
normal;100.mat;48000;911;0,0189792;0,004381
normal;100.mat;48000;912;0,0190000;-0,015020
normal;100.mat;48000;913;0,0190208;-0,025868
normal;100.mat;48000;914;0,0190417;-0,002295
normal;100.mat;48000;915;0,0190625;0,055074
normal;100.mat;48000;916;0,0190833;0,089496
normal;100.mat;48000;917;0,0191042;0,070721
normal;100.mat;48000;918;0,0191250;0,024825
normal;100.mat;48000;919;0,0191458;-0,009388
normal;100.mat;48000;920;0,0191667;0,002295
normal;100.mat;48000;921;0,0191875;0,042975
normal;100.mat;48000;922;0,0192083;0,077396
normal;100.mat;48000;923;0,0192292;0,072807
normal;100.mat;48000;924;0,0192500;0,025868
normal;100.mat;48000;925;0,0192708;-0,011891
normal;100.mat;48000;926;0,0192917;0,005424
normal;100.mat;48000;927;0,0193125;0,038802
normal;100.mat;48000;928;0,0193333;0,057995
normal;100.mat;48000;929;0,0193542;0,057578
normal;100.mat;48000;930;0,0193750;0,044644
normal;100.mat;48000;931;0,0193958;0,059664
normal;100.mat;48000;932;0,0194167;0,102430
normal;100.mat;48000;933;0,0194375;0,141441
normal;100.mat;48000;934;0,0194583;0,122457
normal;100.mat;48000;935;0,0194792;0,046730
normal;100.mat;48000;936;0,0195000;-0,009179
normal;100.mat;48000;937;0,0195208;-0,010222
normal;100.mat;48000;938;0,0195417;0,039011
normal;100.mat;48000;939;0,0195625;0,090330
normal;100.mat;48000;940;0,0195833;0,102222
normal;100.mat;48000;941;0,0196042;0,100553
normal;100.mat;48000;942;0,0196250;0,106602
normal;100.mat;48000;943;0,0196458;0,128507
normal;100.mat;48000;944;0,0196667;0,138312
normal;100.mat;48000;945;0,0196875;0,097215
normal;100.mat;48000;946;0,0197083;0,026494
normal;100.mat;48000;947;0,0197292;-0,037134
normal;100.mat;48000;948;0,0197500;-0,051319
normal;100.mat;48000;949;0,0197708;0,006676
normal;100.mat;48000;950;0,0197917;0,083029
normal;100.mat;48000;951;0,0198125;0,112861
normal;100.mat;48000;952;0,0198333;0,084698
normal;100.mat;48000;953;0,0198542;0,040263
normal;100.mat;48000;954;0,0198750;0,018358
normal;100.mat;48000;955;0,0198958;0,036090
normal;100.mat;48000;956;0,0199167;0,049859
normal;100.mat;48000;957;0,0199375;0,031292
normal;100.mat;48000;958;0,0199583;0,006258
normal;100.mat;48000;959;0,0199792;-0,009179
normal;100.mat;48000;960;0,0200000;0,030249
normal;100.mat;48000;961;0,0200208;0,087618
normal;100.mat;48000;962;0,0200417;0,120997
normal;100.mat;48000;963;0,0200625;0,114738
normal;100.mat;48000;964;0,0200833;0,060081
normal;100.mat;48000;965;0,0201042;0,030458
normal;100.mat;48000;966;0,0201250;0,037134
normal;100.mat;48000;967;0,0201458;0,054449
normal;100.mat;48000;968;0,0201667;0,042349
normal;100.mat;48000;969;0,0201875;-0,017315
normal;100.mat;48000;970;0,0202083;-0,071138
normal;100.mat;48000;971;0,0202292;-0,086367
normal;100.mat;48000;972;0,0202500;-0,058412
normal;100.mat;48000;973;0,0202708;-0,016898
normal;100.mat;48000;974;0,0202917;0,006258
normal;100.mat;48000;975;0,0203125;0,007302
normal;100.mat;48000;976;0,0203333;0,027120
normal;100.mat;48000;977;0,0203542;0,079274
normal;100.mat;48000;978;0,0203750;0,113487
normal;100.mat;48000;979;0,0203958;0,099718
normal;100.mat;48000;980;0,0204167;0,024408
normal;100.mat;48000;981;0,0204375;-0,070095
normal;100.mat;48000;982;0,0204583;-0,105559
normal;100.mat;48000;983;0,0204792;-0,074267
normal;100.mat;48000;984;0,0205000;-0,008345
normal;100.mat;48000;985;0,0205208;0,043809
normal;100.mat;48000;986;0,0205417;0,037759
normal;100.mat;48000;987;0,0205625;0,022739
normal;100.mat;48000;988;0,0205833;0,027329
normal;100.mat;48000;989;0,0206042;0,040680
normal;100.mat;48000;990;0,0206250;0,042558
normal;100.mat;48000;991;0,0206458;-0,010431
normal;100.mat;48000;992;0,0206667;-0,080317
normal;100.mat;48000;993;0,0206875;-0,129967
normal;100.mat;48000;994;0,0207083;-0,115573
normal;100.mat;48000;995;0,0207292;-0,016063
normal;100.mat;48000;996;0,0207500;0,078648
normal;100.mat;48000;997;0,0207708;0,120997
normal;100.mat;48000;998;0,0207917;0,100135
normal;100.mat;48000;999;0,0208125;0,051319
normal;100.mat;48000;1000;0,0208333;0,033378
normal;100.mat;48000;1001;0,0208542;0,022948
normal;100.mat;48000;1002;0,0208750;-0,006050
normal;100.mat;48000;1003;0,0208958;-0,055492
normal;100.mat;48000;1004;0,0209167;-0,112026
normal;100.mat;48000;1005;0,0209375;-0,109106
normal;100.mat;48000;1006;0,0209583;-0,039428
normal;100.mat;48000;1007;0,0209792;0,032335
normal;100.mat;48000;1008;0,0210000;0,082612
normal;100.mat;48000;1009;0,0210208;0,066757
normal;100.mat;48000;1010;0,0210417;0,022530
normal;100.mat;48000;1011;0,0210625;0,020236
normal;100.mat;48000;1012;0,0210833;0,035673
normal;100.mat;48000;1013;0,0211042;0,048190
normal;100.mat;48000;1014;0,0211250;0,014603
normal;100.mat;48000;1015;0,0211458;-0,045478
normal;100.mat;48000;1016;0,0211667;-0,080108
normal;100.mat;48000;1017;0,0211875;-0,066340
normal;100.mat;48000;1018;0,0212083;-0,023782
normal;100.mat;48000;1019;0,0212292;-0,006258
normal;100.mat;48000;1020;0,0212500;-0,013351
normal;100.mat;48000;1021;0,0212708;-0,051737
normal;100.mat;48000;1022;0,0212917;-0,065088
normal;100.mat;48000;1023;0,0213125;-0,036716
normal;100.mat;48000;1024;0,0213333;-0,019818
normal;100.mat;48000;1025;0,0213542;-0,027954
normal;100.mat;48000;1026;0,0213750;-0,100970
normal;100.mat;48000;1027;0,0213958;-0,170439
normal;100.mat;48000;1028;0,0214167;-0,167310
normal;100.mat;48000;1029;0,0214375;-0,114530
normal;100.mat;48000;1030;0,0214583;-0,040054
normal;100.mat;48000;1031;0,0214792;-0,009805
normal;100.mat;48000;1032;0,0215000;0,000000
normal;100.mat;48000;1033;0,0215208;0,023574
normal;100.mat;48000;1034;0,0215417;0,056952
normal;100.mat;48000;1035;0,0215625;0,113278
normal;100.mat;48000;1036;0,0215833;0,119745
normal;100.mat;48000;1037;0,0216042;0,068843
normal;100.mat;48000;1038;0,0216250;-0,012100
normal;100.mat;48000;1039;0,0216458;-0,070512
normal;100.mat;48000;1040;0,0216667;-0,027120
normal;100.mat;48000;1041;0,0216875;0,050902
normal;100.mat;48000;1042;0,0217083;0,120162
normal;100.mat;48000;1043;0,0217292;0,143945
normal;100.mat;48000;1044;0,0217500;0,122040
normal;100.mat;48000;1045;0,0217708;0,117450
normal;100.mat;48000;1046;0,0217917;0,126630
normal;100.mat;48000;1047;0,0218125;0,148326
normal;100.mat;48000;1048;0,0218333;0,123709
normal;100.mat;48000;1049;0,0218542;0,057786
normal;100.mat;48000;1050;0,0218750;0,012100
normal;100.mat;48000;1051;0,0218958;0,020027
normal;100.mat;48000;1052;0,0219167;0,103473
normal;100.mat;48000;1053;0,0219375;0,171065
normal;100.mat;48000;1054;0,0219583;0,188588
normal;100.mat;48000;1055;0,0219792;0,164389
normal;100.mat;48000;1056;0,0220000;0,133097
normal;100.mat;48000;1057;0,0220208;0,149577
normal;100.mat;48000;1058;0,0220417;0,161260
normal;100.mat;48000;1059;0,0220625;0,138938
normal;100.mat;48000;1060;0,0220833;0,059455
normal;100.mat;48000;1061;0,0221042;-0,033170
normal;100.mat;48000;1062;0,0221250;-0,049442
normal;100.mat;48000;1063;0,0221458;0,013143
normal;100.mat;48000;1064;0,0221667;0,115782
normal;100.mat;48000;1065;0,0221875;0,162094
normal;100.mat;48000;1066;0,0222083;0,141441
normal;100.mat;48000;1067;0,0222292;0,119328
normal;100.mat;48000;1068;0,0222500;0,111192
normal;100.mat;48000;1069;0,0222708;0,139146
normal;100.mat;48000;1070;0,0222917;0,152706
normal;100.mat;48000;1071;0,0223125;0,111192
normal;100.mat;48000;1072;0,0223333;0,043183
normal;100.mat;48000;1073;0,0223542;-0,017524
normal;100.mat;48000;1074;0,0223750;0,002086
normal;100.mat;48000;1075;0,0223958;0,066340
normal;100.mat;48000;1076;0,0224167;0,116616
normal;100.mat;48000;1077;0,0224375;0,123500
normal;100.mat;48000;1078;0,0224583;0,079482
normal;100.mat;48000;1079;0,0224792;0,048607
normal;100.mat;48000;1080;0,0225000;0,061542
normal;100.mat;48000;1081;0,0225208;0,101178
normal;100.mat;48000;1082;0,0225417;0,094294
normal;100.mat;48000;1083;0,0225625;0,028789
normal;100.mat;48000;1084;0,0225833;-0,049233
normal;100.mat;48000;1085;0,0226042;-0,079900
normal;100.mat;48000;1086;0,0226250;-0,028789
normal;100.mat;48000;1087;0,0226458;0,028580
normal;100.mat;48000;1088;0,0226667;0,060498
normal;100.mat;48000;1089;0,0226875;0,055909
normal;100.mat;48000;1090;0,0227083;0,008970
normal;100.mat;48000;1091;0,0227292;-0,010222
normal;100.mat;48000;1092;0,0227500;-0,000834
normal;100.mat;48000;1093;0,0227708;-0,015646
normal;100.mat;48000;1094;0,0227917;-0,077188
normal;100.mat;48000;1095;0,0228125;-0,162720
normal;100.mat;48000;1096;0,0228333;-0,188380
normal;100.mat;48000;1097;0,0228542;-0,139564
normal;100.mat;48000;1098;0,0228750;-0,052154
normal;100.mat;48000;1099;0,0228958;0,013977
normal;100.mat;48000;1100;0,0229167;0,030458
normal;100.mat;48000;1101;0,0229375;0,021070
normal;100.mat;48000;1102;0,0229583;0,007927
normal;100.mat;48000;1103;0,0229792;0,028998
normal;100.mat;48000;1104;0,0230000;0,043183
normal;100.mat;48000;1105;0,0230208;0,010431
normal;100.mat;48000;1106;0,0230417;-0,081151
normal;100.mat;48000;1107;0,0230625;-0,178366
normal;100.mat;48000;1108;0,0230833;-0,193178
normal;100.mat;48000;1109;0,0231042;-0,137478
normal;100.mat;48000;1110;0,0231250;-0,063628
normal;100.mat;48000;1111;0,0231458;-0,038385
normal;100.mat;48000;1112;0,0231667;-0,062585
normal;100.mat;48000;1113;0,0231875;-0,084072
normal;100.mat;48000;1114;0,0232083;-0,069260
normal;100.mat;48000;1115;0,0232292;-0,026286
normal;100.mat;48000;1116;0,0232500;-0,003546
normal;100.mat;48000;1117;0,0232708;-0,043601
normal;100.mat;48000;1118;0,0232917;-0,098884
normal;100.mat;48000;1119;0,0233125;-0,110358
normal;100.mat;48000;1120;0,0233333;-0,075102
normal;100.mat;48000;1121;0,0233542;-0,002921
normal;100.mat;48000;1122;0,0233750;0,020653
normal;100.mat;48000;1123;0,0233958;-0,025868
normal;100.mat;48000;1124;0,0234167;-0,090748
normal;100.mat;48000;1125;0,0234375;-0,115990
normal;100.mat;48000;1126;0,0234583;-0,070303
normal;100.mat;48000;1127;0,0234792;-0,017524
normal;100.mat;48000;1128;0,0235000;-0,007093
normal;100.mat;48000;1129;0,0235208;-0,037134
normal;100.mat;48000;1130;0,0235417;-0,065505
normal;100.mat;48000;1131;0,0235625;-0,047982
normal;100.mat;48000;1132;0,0235833;0,013351
normal;100.mat;48000;1133;0,0236042;0,064879
normal;100.mat;48000;1134;0,0236250;0,072807
normal;100.mat;48000;1135;0,0236458;0,044852
normal;100.mat;48000;1136;0,0236667;0,031918
normal;100.mat;48000;1137;0,0236875;0,078022
normal;100.mat;48000;1138;0,0237083;0,142484
normal;100.mat;48000;1139;0,0237292;0,177532
normal;100.mat;48000;1140;0,0237500;0,127881
normal;100.mat;48000;1141;0,0237708;0,041097
normal;100.mat;48000;1142;0,0237917;-0,009596
normal;100.mat;48000;1143;0,0238125;-0,013769
normal;100.mat;48000;1144;0,0238333;0,029623
normal;100.mat;48000;1145;0,0238542;0,042349
normal;100.mat;48000;1146;0,0238750;0,022739
normal;100.mat;48000;1147;0,0238958;0,004590
normal;100.mat;48000;1148;0,0239167;0,016481
normal;100.mat;48000;1149;0,0239375;0,066757
normal;100.mat;48000;1150;0,0239583;0,093042
normal;100.mat;48000;1151;0,0239792;0,068634
normal;100.mat;48000;1152;0,0240000;-0,003964
normal;100.mat;48000;1153;0,0240208;-0,050902
normal;100.mat;48000;1154;0,0240417;-0,028998
normal;100.mat;48000;1155;0,0240625;0,036925
normal;100.mat;48000;1156;0,0240833;0,107437
normal;100.mat;48000;1157;0,0241042;0,109523
normal;100.mat;48000;1158;0,0241250;0,055074
normal;100.mat;48000;1159;0,0241458;0,014394
normal;100.mat;48000;1160;0,0241667;0,019818
normal;100.mat;48000;1161;0,0241875;0,054449
normal;100.mat;48000;1162;0,0242083;0,044226
normal;100.mat;48000;1163;0,0242292;-0,010848
normal;100.mat;48000;1164;0,0242500;-0,057369
normal;100.mat;48000;1165;0,0242708;-0,075727
normal;100.mat;48000;1166;0,0242917;-0,034004
normal;100.mat;48000;1167;0,0243125;0,012726
normal;100.mat;48000;1168;0,0243333;0,013977
normal;100.mat;48000;1169;0,0243542;-0,024199
normal;100.mat;48000;1170;0,0243750;-0,064254
normal;100.mat;48000;1171;0,0243958;-0,042975
normal;100.mat;48000;1172;0,0244167;0,009596
normal;100.mat;48000;1173;0,0244375;0,047147
normal;100.mat;48000;1174;0,0244583;0,021070
normal;100.mat;48000;1175;0,0244792;-0,043601
normal;100.mat;48000;1176;0,0245000;-0,075519
normal;100.mat;48000;1177;0,0245208;-0,070929
normal;100.mat;48000;1178;0,0245417;-0,025868
normal;100.mat;48000;1179;0,0245625;0,012308
normal;100.mat;48000;1180;0,0245833;0,009179
normal;100.mat;48000;1181;0,0246042;-0,011265
normal;100.mat;48000;1182;0,0246250;-0,023156
normal;100.mat;48000;1183;0,0246458;0,001669
normal;100.mat;48000;1184;0,0246667;0,028580
normal;100.mat;48000;1185;0,0246875;0,010639
normal;100.mat;48000;1186;0,0247083;-0,050276
normal;100.mat;48000;1187;0,0247292;-0,119537
normal;100.mat;48000;1188;0,0247500;-0,133097
normal;100.mat;48000;1189;0,0247708;-0,086158
normal;100.mat;48000;1190;0,0247917;-0,016689
normal;100.mat;48000;1191;0,0248125;0,016898
normal;100.mat;48000;1192;0,0248333;0,001669
normal;100.mat;48000;1193;0,0248542;-0,004172
normal;100.mat;48000;1194;0,0248750;0,021279
normal;100.mat;48000;1195;0,0248958;0,064462
normal;100.mat;48000;1196;0,0249167;0,066340
normal;100.mat;48000;1197;0,0249375;0,008136
normal;100.mat;48000;1198;0,0249583;-0,065714
normal;100.mat;48000;1199;0,0249792;-0,105768
normal;100.mat;48000;1200;0,0250000;-0,062793
normal;100.mat;48000;1201;0,0250208;0,017941
normal;100.mat;48000;1202;0,0250417;0,083238
normal;100.mat;48000;1203;0,0250625;0,108063
normal;100.mat;48000;1204;0,0250833;0,092625
normal;100.mat;48000;1205;0,0251042;0,098884
normal;100.mat;48000;1206;0,0251250;0,123918
normal;100.mat;48000;1207;0,0251458;0,129967
normal;100.mat;48000;1208;0,0251667;0,095129
normal;100.mat;48000;1209;0,0251875;0,028998
normal;100.mat;48000;1210;0,0252083;-0,011474
normal;100.mat;48000;1211;0,0252292;0,010848
normal;100.mat;48000;1212;0,0252500;0,080108
normal;100.mat;48000;1213;0,0252708;0,123083
normal;100.mat;48000;1214;0,0252917;0,104516
normal;100.mat;48000;1215;0,0253125;0,048816
normal;100.mat;48000;1216;0,0253333;0,005424
normal;100.mat;48000;1217;0,0253542;0,013351
normal;100.mat;48000;1218;0,0253750;0,043809
normal;100.mat;48000;1219;0,0253958;0,049025
normal;100.mat;48000;1220;0,0254167;-0,006050
normal;100.mat;48000;1221;0,0254375;-0,086367
normal;100.mat;48000;1222;0,0254583;-0,119119
normal;100.mat;48000;1223;0,0254792;-0,098675
normal;100.mat;48000;1224;0,0255000;-0,055909
normal;100.mat;48000;1225;0,0255208;-0,030041
normal;100.mat;48000;1226;0,0255417;-0,038594
normal;100.mat;48000;1227;0,0255625;-0,054657
normal;100.mat;48000;1228;0,0255833;-0,057161
normal;100.mat;48000;1229;0,0256042;-0,027329
normal;100.mat;48000;1230;0,0256250;-0,000209
normal;100.mat;48000;1231;0,0256458;-0,020653
normal;100.mat;48000;1232;0,0256667;-0,051945
normal;100.mat;48000;1233;0,0256875;-0,068634
normal;100.mat;48000;1234;0,0257083;-0,044852
normal;100.mat;48000;1235;0,0257292;0,010639
normal;100.mat;48000;1236;0,0257500;0,040889
normal;100.mat;48000;1237;0,0257708;0,029415
normal;100.mat;48000;1238;0,0257917;-0,019193
normal;100.mat;48000;1239;0,0258125;-0,047147
normal;100.mat;48000;1240;0,0258333;-0,029415
normal;100.mat;48000;1241;0,0258542;-0,006258
normal;100.mat;48000;1242;0,0258750;-0,011265
normal;100.mat;48000;1243;0,0258958;-0,062167
normal;100.mat;48000;1244;0,0259167;-0,103056
normal;100.mat;48000;1245;0,0259375;-0,096172
normal;100.mat;48000;1246;0,0259583;-0,044435
normal;100.mat;48000;1247;0,0259792;0,027746
normal;100.mat;48000;1248;0,0260000;0,052154
normal;100.mat;48000;1249;0,0260208;0,046938
normal;100.mat;48000;1250;0,0260417;0,042558
normal;100.mat;48000;1251;0,0260625;0,058204
normal;100.mat;48000;1252;0,0260833;0,097006
normal;100.mat;48000;1253;0,0261042;0,089705
normal;100.mat;48000;1254;0,0261250;0,040054
normal;100.mat;48000;1255;0,0261458;-0,033170
normal;100.mat;48000;1256;0,0261667;-0,079274
normal;100.mat;48000;1257;0,0261875;-0,044644
normal;100.mat;48000;1258;0,0262083;0,014394
normal;100.mat;48000;1259;0,0262292;0,049859
normal;100.mat;48000;1260;0,0262500;0,018984
normal;100.mat;48000;1261;0,0262708;-0,023574
normal;100.mat;48000;1262;0,0262917;-0,032127
normal;100.mat;48000;1263;0,0263125;-0,017315
normal;100.mat;48000;1264;0,0263333;0,016481
normal;100.mat;48000;1265;0,0263542;0,017315
normal;100.mat;48000;1266;0,0263750;-0,006884
normal;100.mat;48000;1267;0,0263958;-0,033378
normal;100.mat;48000;1268;0,0264167;-0,021905
normal;100.mat;48000;1269;0,0264375;0,027329
normal;100.mat;48000;1270;0,0264583;0,060290
normal;100.mat;48000;1271;0,0264792;0,050902
normal;100.mat;48000;1272;0,0265000;0,002086
normal;100.mat;48000;1273;0,0265208;-0,024199
normal;100.mat;48000;1274;0,0265417;-0,004381
normal;100.mat;48000;1275;0,0265625;0,034213
normal;100.mat;48000;1276;0,0265833;0,061959
normal;100.mat;48000;1277;0,0266042;0,050276
normal;100.mat;48000;1278;0,0266250;0,021696
normal;100.mat;48000;1279;0,0266458;0,010848
normal;100.mat;48000;1280;0,0266667;0,031501
normal;100.mat;48000;1281;0,0266875;0,066757
normal;100.mat;48000;1282;0,0267083;0,065088
normal;100.mat;48000;1283;0,0267292;0,034630
normal;100.mat;48000;1284;0,0267500;0,001252
normal;100.mat;48000;1285;0,0267708;-0,003964
normal;100.mat;48000;1286;0,0267917;0,034630
normal;100.mat;48000;1287;0,0268125;0,059038
normal;100.mat;48000;1288;0,0268333;0,051945
normal;100.mat;48000;1289;0,0268542;0,019401
normal;100.mat;48000;1290;0,0268750;-0,002503
normal;100.mat;48000;1291;0,0268958;0,025034
normal;100.mat;48000;1292;0,0269167;0,075102
normal;100.mat;48000;1293;0,0269375;0,107437
normal;100.mat;48000;1294;0,0269583;0,077188
normal;100.mat;48000;1295;0,0269792;0,012100
normal;100.mat;48000;1296;0,0270000;-0,037759
normal;100.mat;48000;1297;0,0270208;-0,043809
normal;100.mat;48000;1298;0,0270417;-0,001252
normal;100.mat;48000;1299;0,0270625;0,025034
normal;100.mat;48000;1300;0,0270833;0,022322
normal;100.mat;48000;1301;0,0271042;0,013351
normal;100.mat;48000;1302;0,0271250;0,012934
normal;100.mat;48000;1303;0,0271458;0,046730
normal;100.mat;48000;1304;0,0271667;0,075727
normal;100.mat;48000;1305;0,0271875;0,074058
normal;100.mat;48000;1306;0,0272083;0,043392
normal;100.mat;48000;1307;0,0272292;0,003964
normal;100.mat;48000;1308;0,0272500;0,019401
normal;100.mat;48000;1309;0,0272708;0,078648
normal;100.mat;48000;1310;0,0272917;0,130385
normal;100.mat;48000;1311;0,0273125;0,129342
normal;100.mat;48000;1312;0,0273333;0,100553
normal;100.mat;48000;1313;0,0273542;0,093251
normal;100.mat;48000;1314;0,0273750;0,093877
normal;100.mat;48000;1315;0,0273958;0,108897
normal;100.mat;48000;1316;0,0274167;0,109940
normal;100.mat;48000;1317;0,0274375;0,072390
normal;100.mat;48000;1318;0,0274583;0,032335
normal;100.mat;48000;1319;0,0274792;0,014603
normal;100.mat;48000;1320;0,0275000;0,053823
normal;100.mat;48000;1321;0,0275208;0,102013
normal;100.mat;48000;1322;0,0275417;0,105142
normal;100.mat;48000;1323;0,0275625;0,082194
normal;100.mat;48000;1324;0,0275833;0,042558
normal;100.mat;48000;1325;0,0276042;0,045895
normal;100.mat;48000;1326;0,0276250;0,073224
normal;100.mat;48000;1327;0,0276458;0,092625
normal;100.mat;48000;1328;0,0276667;0,081777
normal;100.mat;48000;1329;0,0276875;0,020236
normal;100.mat;48000;1330;0,0277083;-0,023365
normal;100.mat;48000;1331;0,0277292;-0,027120
normal;100.mat;48000;1332;0,0277500;0,004172
normal;100.mat;48000;1333;0,0277708;0,031084
normal;100.mat;48000;1334;0,0277917;0,024825
normal;100.mat;48000;1335;0,0278125;0,005841
normal;100.mat;48000;1336;0,0278333;-0,006884
normal;100.mat;48000;1337;0,0278542;0,030875
normal;100.mat;48000;1338;0,0278750;0,089287
normal;100.mat;48000;1339;0,0278958;0,099092
normal;100.mat;48000;1340;0,0279167;0,072807
normal;100.mat;48000;1341;0,0279375;0,023782
normal;100.mat;48000;1342;0,0279583;-0,006884
normal;100.mat;48000;1343;0,0279792;0,007719
normal;100.mat;48000;1344;0,0280000;0,041514
normal;100.mat;48000;1345;0,0280208;0,082194
normal;100.mat;48000;1346;0,0280417;0,094711
normal;100.mat;48000;1347;0,0280625;0,100761
normal;100.mat;48000;1348;0,0280833;0,131010
normal;100.mat;48000;1349;0,0281042;0,160425
normal;100.mat;48000;1350;0,0281250;0,161886
normal;100.mat;48000;1351;0,0281458;0,098258
normal;100.mat;48000;1352;0,0281667;0,013769
normal;100.mat;48000;1353;0,0281875;-0,036716
normal;100.mat;48000;1354;0,0282083;-0,053614
normal;100.mat;48000;1355;0,0282292;-0,026703
normal;100.mat;48000;1356;0,0282500;0,007719
normal;100.mat;48000;1357;0,0282708;0,027954
normal;100.mat;48000;1358;0,0282917;0,045478
normal;100.mat;48000;1359;0,0283125;0,066131
normal;100.mat;48000;1360;0,0283333;0,098466
normal;100.mat;48000;1361;0,0283542;0,120371
normal;100.mat;48000;1362;0,0283750;0,077188
normal;100.mat;48000;1363;0,0283958;-0,012726
normal;100.mat;48000;1364;0,0284167;-0,085115
normal;100.mat;48000;1365;0,0284375;-0,108897
normal;100.mat;48000;1366;0,0284583;-0,083446
normal;100.mat;48000;1367;0,0284792;-0,063210
normal;100.mat;48000;1368;0,0285000;-0,063419
normal;100.mat;48000;1369;0,0285208;-0,091582
normal;100.mat;48000;1370;0,0285417;-0,124126
normal;100.mat;48000;1371;0,0285625;-0,104934
normal;100.mat;48000;1372;0,0285833;-0,062376
normal;100.mat;48000;1373;0,0286042;-0,034213
normal;100.mat;48000;1374;0,0286250;-0,039428
normal;100.mat;48000;1375;0,0286458;-0,057161
normal;100.mat;48000;1376;0,0286667;-0,043183
normal;100.mat;48000;1377;0,0286875;-0,005007
normal;100.mat;48000;1378;0,0287083;0,049025
normal;100.mat;48000;1379;0,0287292;0,075727
normal;100.mat;48000;1380;0,0287500;0,037551
normal;100.mat;48000;1381;0,0287708;-0,014812
normal;100.mat;48000;1382;0,0287917;-0,050485
normal;100.mat;48000;1383;0,0288125;-0,057369
normal;100.mat;48000;1384;0,0288333;-0,051319
normal;100.mat;48000;1385;0,0288542;-0,081569
normal;100.mat;48000;1386;0,0288750;-0,124126
normal;100.mat;48000;1387;0,0288958;-0,146239
normal;100.mat;48000;1388;0,0289167;-0,138312
normal;100.mat;48000;1389;0,0289375;-0,086784
normal;100.mat;48000;1390;0,0289583;-0,021279
normal;100.mat;48000;1391;0,0289792;0,011265
normal;100.mat;48000;1392;0,0290000;0,016272
normal;100.mat;48000;1393;0,0290208;0,031292
normal;100.mat;48000;1394;0,0290417;0,074684
normal;100.mat;48000;1395;0,0290625;0,112652
normal;100.mat;48000;1396;0,0290833;0,099510
normal;100.mat;48000;1397;0,0291042;0,049859
normal;100.mat;48000;1398;0,0291250;-0,013560
normal;100.mat;48000;1399;0,0291458;-0,044644
normal;100.mat;48000;1400;0,0291667;-0,028998
normal;100.mat;48000;1401;0,0291875;-0,000834
normal;100.mat;48000;1402;0,0292083;0,012934
normal;100.mat;48000;1403;0,0292292;0,005633
normal;100.mat;48000;1404;0,0292500;0,011474
normal;100.mat;48000;1405;0,0292708;0,034839
normal;100.mat;48000;1406;0,0292917;0,065505
normal;100.mat;48000;1407;0,0293125;0,068009
normal;100.mat;48000;1408;0,0293333;0,018358
normal;100.mat;48000;1409;0,0293542;-0,056952
normal;100.mat;48000;1410;0,0293750;-0,092417
normal;100.mat;48000;1411;0,0293958;-0,050276
normal;100.mat;48000;1412;0,0294167;0,024825
normal;100.mat;48000;1413;0,0294375;0,075727
normal;100.mat;48000;1414;0,0294583;0,079274
normal;100.mat;48000;1415;0,0294792;0,050902
normal;100.mat;48000;1416;0,0295000;0,006676
normal;100.mat;48000;1417;0,0295208;-0,012100
normal;100.mat;48000;1418;0,0295417;-0,006676
normal;100.mat;48000;1419;0,0295625;-0,029415
normal;100.mat;48000;1420;0,0295833;-0,079691
normal;100.mat;48000;1421;0,0296042;-0,107020
normal;100.mat;48000;1422;0,0296250;-0,074893
normal;100.mat;48000;1423;0,0296458;-0,000209
normal;100.mat;48000;1424;0,0296667;0,060081
normal;100.mat;48000;1425;0,0296875;0,067800
normal;100.mat;48000;1426;0,0297083;0,031501
normal;100.mat;48000;1427;0,0297292;-0,017315
normal;100.mat;48000;1428;0,0297500;-0,040680
normal;100.mat;48000;1429;0,0297708;-0,031710
normal;100.mat;48000;1430;0,0297917;-0,022113
normal;100.mat;48000;1431;0,0298125;-0,050485
normal;100.mat;48000;1432;0,0298333;-0,094503
normal;100.mat;48000;1433;0,0298542;-0,095546
normal;100.mat;48000;1434;0,0298750;-0,055909
normal;100.mat;48000;1435;0,0298958;0,001252
normal;100.mat;48000;1436;0,0299167;0,025660
normal;100.mat;48000;1437;0,0299375;0,006884
normal;100.mat;48000;1438;0,0299583;-0,004590
normal;100.mat;48000;1439;0,0299792;0,000417
normal;100.mat;48000;1440;0,0300000;0,038802
normal;100.mat;48000;1441;0,0300208;0,059873
normal;100.mat;48000;1442;0,0300417;0,022739
normal;100.mat;48000;1443;0,0300625;-0,032335
normal;100.mat;48000;1444;0,0300833;-0,078648
normal;100.mat;48000;1445;0,0301042;-0,060707
normal;100.mat;48000;1446;0,0301250;-0,011682
normal;100.mat;48000;1447;0,0301458;0,018358
normal;100.mat;48000;1448;0,0301667;0,015855
normal;100.mat;48000;1449;0,0301875;-0,019401
normal;100.mat;48000;1450;0,0302083;0,003755
normal;100.mat;48000;1451;0,0302292;0,069052
normal;100.mat;48000;1452;0,0302500;0,117868
normal;100.mat;48000;1453;0,0302708;0,126212
normal;100.mat;48000;1454;0,0302917;0,068217
normal;100.mat;48000;1455;0,0303125;0,006884
normal;100.mat;48000;1456;0,0303333;-0,032335
normal;100.mat;48000;1457;0,0303542;-0,031292
normal;100.mat;48000;1458;0,0303750;0,030666
normal;100.mat;48000;1459;0,0303958;0,074058
normal;100.mat;48000;1460;0,0304167;0,068843
normal;100.mat;48000;1461;0,0304375;0,025034
normal;100.mat;48000;1462;0,0304583;0,000834
normal;100.mat;48000;1463;0,0304792;0,022530
normal;100.mat;48000;1464;0,0305000;0,021070
normal;100.mat;48000;1465;0,0305208;-0,003129
normal;100.mat;48000;1466;0,0305417;-0,043392
normal;100.mat;48000;1467;0,0305625;-0,043392
normal;100.mat;48000;1468;0,0305833;0,031501
normal;100.mat;48000;1469;0,0306042;0,133097
normal;100.mat;48000;1470;0,0306250;0,208615
normal;100.mat;48000;1471;0,0306458;0,191926
normal;100.mat;48000;1472;0,0306667;0,116616
normal;100.mat;48000;1473;0,0306875;0,049650
normal;100.mat;48000;1474;0,0307083;0,027954
normal;100.mat;48000;1475;0,0307292;0,035882
normal;100.mat;48000;1476;0,0307500;0,002295
normal;100.mat;48000;1477;0,0307708;-0,054031
normal;100.mat;48000;1478;0,0307917;-0,095546
normal;100.mat;48000;1479;0,0308125;-0,075102
normal;100.mat;48000;1480;0,0308333;0,012100
normal;100.mat;48000;1481;0,0308542;0,084906
normal;100.mat;48000;1482;0,0308750;0,108063
normal;100.mat;48000;1483;0,0308958;0,059664
normal;100.mat;48000;1484;0,0309167;-0,009805
normal;100.mat;48000;1485;0,0309375;-0,035047
normal;100.mat;48000;1486;0,0309583;-0,014603
normal;100.mat;48000;1487;0,0309792;0,012726
normal;100.mat;48000;1488;0,0310000;-0,016898
normal;100.mat;48000;1489;0,0310208;-0,066548
normal;100.mat;48000;1490;0,0310417;-0,087827
normal;100.mat;48000;1491;0,0310625;-0,054240
normal;100.mat;48000;1492;0,0310833;0,014603
normal;100.mat;48000;1493;0,0311042;0,039011
normal;100.mat;48000;1494;0,0311250;0,011474
normal;100.mat;48000;1495;0,0311458;-0,045061
normal;100.mat;48000;1496;0,0311667;-0,064879
normal;100.mat;48000;1497;0,0311875;-0,029415
normal;100.mat;48000;1498;0,0312083;0,016481
normal;100.mat;48000;1499;0,0312292;0,027954
normal;100.mat;48000;1500;0,0312500;-0,027954
normal;100.mat;48000;1501;0,0312708;-0,080734
normal;100.mat;48000;1502;0,0312917;-0,075936
normal;100.mat;48000;1503;0,0313125;-0,019401
normal;100.mat;48000;1504;0,0313333;0,048190
normal;100.mat;48000;1505;0,0313542;0,069052
normal;100.mat;48000;1506;0,0313750;0,044852
normal;100.mat;48000;1507;0,0313958;-0,000417
normal;100.mat;48000;1508;0,0314167;-0,010848
normal;100.mat;48000;1509;0,0314375;0,011891
normal;100.mat;48000;1510;0,0314583;0,005215
normal;100.mat;48000;1511;0,0314792;-0,040680
normal;100.mat;48000;1512;0,0315000;-0,106185
normal;100.mat;48000;1513;0,0315208;-0,116616
normal;100.mat;48000;1514;0,0315417;-0,047773
normal;100.mat;48000;1515;0,0315625;0,048399
normal;100.mat;48000;1516;0,0315833;0,116825
normal;100.mat;48000;1517;0,0316042;0,106185
normal;100.mat;48000;1518;0,0316250;0,062376
normal;100.mat;48000;1519;0,0316458;0,037551
normal;100.mat;48000;1520;0,0316667;0,030458
normal;100.mat;48000;1521;0,0316875;0,023782
normal;100.mat;48000;1522;0,0317083;-0,030666
normal;100.mat;48000;1523;0,0317292;-0,110566
normal;100.mat;48000;1524;0,0317500;-0,156670
normal;100.mat;48000;1525;0,0317708;-0,118076
normal;100.mat;48000;1526;0,0317917;-0,016063
normal;100.mat;48000;1527;0,0318125;0,054240
normal;100.mat;48000;1528;0,0318333;0,061959
normal;100.mat;48000;1529;0,0318542;0,004172
normal;100.mat;48000;1530;0,0318750;-0,042975
normal;100.mat;48000;1531;0,0318958;-0,030666
normal;100.mat;48000;1532;0,0319167;-0,010014
normal;100.mat;48000;1533;0,0319375;0,000000
normal;100.mat;48000;1534;0,0319583;-0,027746
normal;100.mat;48000;1535;0,0319792;-0,056743
normal;100.mat;48000;1536;0,0320000;-0,050276
normal;100.mat;48000;1537;0,0320208;0,003338
normal;100.mat;48000;1538;0,0320417;0,095546
normal;100.mat;48000;1539;0,0320625;0,128924
normal;100.mat;48000;1540;0,0320833;0,100553
normal;100.mat;48000;1541;0,0321042;0,059038
normal;100.mat;48000;1542;0,0321250;0,044226
normal;100.mat;48000;1543;0,0321458;0,079482
normal;100.mat;48000;1544;0,0321667;0,089079
normal;100.mat;48000;1545;0,0321875;0,059664
normal;100.mat;48000;1546;0,0322083;0,000209
normal;100.mat;48000;1547;0,0322292;-0,044852
normal;100.mat;48000;1548;0,0322500;0,002086
normal;100.mat;48000;1549;0,0322708;0,087618
normal;100.mat;48000;1550;0,0322917;0,157087
normal;100.mat;48000;1551;0,0323125;0,165641
normal;100.mat;48000;1552;0,0323333;0,127255
normal;100.mat;48000;1553;0,0323542;0,097841
normal;100.mat;48000;1554;0,0323750;0,092208
normal;100.mat;48000;1555;0,0323958;0,103682
normal;100.mat;48000;1556;0,0324167;0,065714
normal;100.mat;48000;1557;0,0324375;-0,010431
normal;100.mat;48000;1558;0,0324583;-0,074893
normal;100.mat;48000;1559;0,0324792;-0,096380
normal;100.mat;48000;1560;0,0325000;-0,045478
normal;100.mat;48000;1561;0,0325208;0,013769
normal;100.mat;48000;1562;0,0325417;0,032335
normal;100.mat;48000;1563;0,0325625;0,012934
normal;100.mat;48000;1564;0,0325833;-0,020027
normal;100.mat;48000;1565;0,0326042;-0,018150
normal;100.mat;48000;1566;0,0326250;0,018358
normal;100.mat;48000;1567;0,0326458;0,038802
normal;100.mat;48000;1568;0,0326667;0,005841
normal;100.mat;48000;1569;0,0326875;-0,050068
normal;100.mat;48000;1570;0,0327083;-0,072807
normal;100.mat;48000;1571;0,0327292;-0,035465
normal;100.mat;48000;1572;0,0327500;0,042140
normal;100.mat;48000;1573;0,0327708;0,095129
normal;100.mat;48000;1574;0,0327917;0,075310
normal;100.mat;48000;1575;0,0328125;0,006258
normal;100.mat;48000;1576;0,0328333;-0,036090
normal;100.mat;48000;1577;0,0328542;-0,020444
normal;100.mat;48000;1578;0,0328750;0,008762
normal;100.mat;48000;1579;0,0328958;0,003755
normal;100.mat;48000;1580;0,0329167;-0,024408
normal;100.mat;48000;1581;0,0329375;-0,020862
normal;100.mat;48000;1582;0,0329583;0,025034
normal;100.mat;48000;1583;0,0329792;0,106811
normal;100.mat;48000;1584;0,0330000;0,181495
normal;100.mat;48000;1585;0,0330208;0,172525
normal;100.mat;48000;1586;0,0330417;0,103056
normal;100.mat;48000;1587;0,0330625;0,039846
normal;100.mat;48000;1588;0,0330833;0,043809
normal;100.mat;48000;1589;0,0331042;0,095546
normal;100.mat;48000;1590;0,0331250;0,118076
normal;100.mat;48000;1591;0,0331458;0,080317
normal;100.mat;48000;1592;0,0331667;0,020236
normal;100.mat;48000;1593;0,0331875;0,013769
normal;100.mat;48000;1594;0,0332083;0,048190
normal;100.mat;48000;1595;0,0332292;0,095129
normal;100.mat;48000;1596;0,0332500;0,120162
normal;100.mat;48000;1597;0,0332708;0,084698
normal;100.mat;48000;1598;0,0332917;0,042140
normal;100.mat;48000;1599;0,0333125;0,024825
normal;100.mat;48000;1600;0,0333333;0,048607
normal;100.mat;48000;1601;0,0333542;0,095546
normal;100.mat;48000;1602;0,0333750;0,086784
normal;100.mat;48000;1603;0,0333958;0,029206
normal;100.mat;48000;1604;0,0334167;-0,020862
normal;100.mat;48000;1605;0,0334375;-0,017732
normal;100.mat;48000;1606;0,0334583;0,038385
normal;100.mat;48000;1607;0,0334792;0,077605
normal;100.mat;48000;1608;0,0335000;0,078648
normal;100.mat;48000;1609;0,0335208;0,059664
normal;100.mat;48000;1610;0,0335417;0,049650
normal;100.mat;48000;1611;0,0335625;0,087827
normal;100.mat;48000;1612;0,0335833;0,136852
normal;100.mat;48000;1613;0,0336042;0,145196
normal;100.mat;48000;1614;0,0336250;0,103890
normal;100.mat;48000;1615;0,0336458;0,039220
normal;100.mat;48000;1616;0,0336667;0,013977
normal;100.mat;48000;1617;0,0336875;0,040263
normal;100.mat;48000;1618;0,0337083;0,082612
normal;100.mat;48000;1619;0,0337292;0,102639
normal;100.mat;48000;1620;0,0337500;0,088870
normal;100.mat;48000;1621;0,0337708;0,060916
normal;100.mat;48000;1622;0,0337917;0,059038
normal;100.mat;48000;1623;0,0338125;0,081569
normal;100.mat;48000;1624;0,0338333;0,064462
normal;100.mat;48000;1625;0,0338542;0,001043
normal;100.mat;48000;1626;0,0338750;-0,065088
normal;100.mat;48000;1627;0,0338958;-0,095129
normal;100.mat;48000;1628;0,0339167;-0,066757
normal;100.mat;48000;1629;0,0339375;-0,011474
normal;100.mat;48000;1630;0,0339583;0,008553
normal;100.mat;48000;1631;0,0339792;-0,030249
normal;100.mat;48000;1632;0,0340000;-0,099301
normal;100.mat;48000;1633;0,0340208;-0,134974
normal;100.mat;48000;1634;0,0340417;-0,103682
normal;100.mat;48000;1635;0,0340625;-0,058204
normal;100.mat;48000;1636;0,0340833;-0,057578
normal;100.mat;48000;1637;0,0341042;-0,092417
normal;100.mat;48000;1638;0,0341250;-0,122666
normal;100.mat;48000;1639;0,0341458;-0,118285
normal;100.mat;48000;1640;0,0341667;-0,070929
normal;100.mat;48000;1641;0,0341875;-0,020862
normal;100.mat;48000;1642;0,0342083;-0,022530
normal;100.mat;48000;1643;0,0342292;-0,075936
normal;100.mat;48000;1644;0,0342500;-0,113487
normal;100.mat;48000;1645;0,0342708;-0,095129
normal;100.mat;48000;1646;0,0342917;-0,055492
normal;100.mat;48000;1647;0,0343125;-0,034630
normal;100.mat;48000;1648;0,0343333;-0,049233
normal;100.mat;48000;1649;0,0343542;-0,080734
normal;100.mat;48000;1650;0,0343750;-0,087201
normal;100.mat;48000;1651;0,0343958;-0,050068
normal;100.mat;48000;1652;0,0344167;0,002921
normal;100.mat;48000;1653;0,0344375;0,015855
normal;100.mat;48000;1654;0,0344583;-0,028163
normal;100.mat;48000;1655;0,0344792;-0,055283
normal;100.mat;48000;1656;0,0345000;-0,031292
normal;100.mat;48000;1657;0,0345208;0,022322
normal;100.mat;48000;1658;0,0345417;0,078022
normal;100.mat;48000;1659;0,0345625;0,071972
normal;100.mat;48000;1660;0,0345833;0,023574
normal;100.mat;48000;1661;0,0346042;-0,020444
normal;100.mat;48000;1662;0,0346250;-0,034422
normal;100.mat;48000;1663;0,0346458;-0,009179
normal;100.mat;48000;1664;0,0346667;0,004798
normal;100.mat;48000;1665;0,0346875;-0,012100
normal;100.mat;48000;1666;0,0347083;-0,044435
normal;100.mat;48000;1667;0,0347292;-0,057578
normal;100.mat;48000;1668;0,0347500;-0,021696
normal;100.mat;48000;1669;0,0347708;0,027954
normal;100.mat;48000;1670;0,0347917;0,045478
normal;100.mat;48000;1671;0,0348125;0,021279
normal;100.mat;48000;1672;0,0348333;-0,010639
normal;100.mat;48000;1673;0,0348542;0,011474
normal;100.mat;48000;1674;0,0348750;0,081777
normal;100.mat;48000;1675;0,0348958;0,151455
normal;100.mat;48000;1676;0,0349167;0,170230
normal;100.mat;48000;1677;0,0349375;0,113487
normal;100.mat;48000;1678;0,0349583;0,035882
normal;100.mat;48000;1679;0,0349792;-0,002503
normal;100.mat;48000;1680;0,0350000;0,015229
normal;100.mat;48000;1681;0,0350208;0,046104
normal;100.mat;48000;1682;0,0350417;0,044226
normal;100.mat;48000;1683;0,0350625;0,014186
normal;100.mat;48000;1684;0,0350833;-0,012726
normal;100.mat;48000;1685;0,0351042;0,009805
normal;100.mat;48000;1686;0,0351250;0,068843
normal;100.mat;48000;1687;0,0351458;0,099510
normal;100.mat;48000;1688;0,0351667;0,079274
normal;100.mat;48000;1689;0,0351875;0,031084
normal;100.mat;48000;1690;0,0352083;0,017941
normal;100.mat;48000;1691;0,0352292;0,047147
normal;100.mat;48000;1692;0,0352500;0,068426
normal;100.mat;48000;1693;0,0352708;0,068009
normal;100.mat;48000;1694;0,0352917;0,036090
normal;100.mat;48000;1695;0,0353125;-0,004590
normal;100.mat;48000;1696;0,0353333;-0,025034
normal;100.mat;48000;1697;0,0353542;-0,016689
normal;100.mat;48000;1698;0,0353750;-0,008553
normal;100.mat;48000;1699;0,0353958;-0,035673
normal;100.mat;48000;1700;0,0354167;-0,079691
normal;100.mat;48000;1701;0,0354375;-0,112235
normal;100.mat;48000;1702;0,0354583;-0,086367
normal;100.mat;48000;1703;0,0354792;-0,024825
normal;100.mat;48000;1704;0,0355000;0,007302
normal;100.mat;48000;1705;0,0355208;0,005007
normal;100.mat;48000;1706;0,0355417;-0,026703
normal;100.mat;48000;1707;0,0355625;-0,036508
normal;100.mat;48000;1708;0,0355833;-0,003129
normal;100.mat;48000;1709;0,0356042;0,039846
normal;100.mat;48000;1710;0,0356250;0,074893
normal;100.mat;48000;1711;0,0356458;0,053197
normal;100.mat;48000;1712;0,0356667;0,010222
normal;100.mat;48000;1713;0,0356875;-0,003129
normal;100.mat;48000;1714;0,0357083;0,027329
normal;100.mat;48000;1715;0,0357292;0,087827
normal;100.mat;48000;1716;0,0357500;0,093668
normal;100.mat;48000;1717;0,0357708;0,063419
normal;100.mat;48000;1718;0,0357917;0,037134
normal;100.mat;48000;1719;0,0358125;0,045270
normal;100.mat;48000;1720;0,0358333;0,098884
normal;100.mat;48000;1721;0,0358542;0,123918
normal;100.mat;48000;1722;0,0358750;0,106185
normal;100.mat;48000;1723;0,0358958;0,049650
normal;100.mat;48000;1724;0,0359167;-0,001460
normal;100.mat;48000;1725;0,0359375;0,001252
normal;100.mat;48000;1726;0,0359583;0,035047
normal;100.mat;48000;1727;0,0359792;0,082194
normal;100.mat;48000;1728;0,0360000;0,084698
normal;100.mat;48000;1729;0,0360208;0,049650
normal;100.mat;48000;1730;0,0360417;0,036090
normal;100.mat;48000;1731;0,0360625;0,050485
normal;100.mat;48000;1732;0,0360833;0,074267
normal;100.mat;48000;1733;0,0361042;0,048607
normal;100.mat;48000;1734;0,0361250;-0,013977
normal;100.mat;48000;1735;0,0361458;-0,062793
normal;100.mat;48000;1736;0,0361667;-0,079482
normal;100.mat;48000;1737;0,0361875;-0,052362
normal;100.mat;48000;1738;0,0362083;-0,023991
normal;100.mat;48000;1739;0,0362292;-0,029623
normal;100.mat;48000;1740;0,0362500;-0,064462
normal;100.mat;48000;1741;0,0362708;-0,087827
normal;100.mat;48000;1742;0,0362917;-0,065922
normal;100.mat;48000;1743;0,0363125;-0,001669
normal;100.mat;48000;1744;0,0363333;0,057578
normal;100.mat;48000;1745;0,0363542;0,060707
normal;100.mat;48000;1746;0,0363750;0,028998
normal;100.mat;48000;1747;0,0363958;0,009179
normal;100.mat;48000;1748;0,0364167;0,020444
normal;100.mat;48000;1749;0,0364375;0,047773
normal;100.mat;48000;1750;0,0364583;0,051945
normal;100.mat;48000;1751;0,0364792;0,014603
normal;100.mat;48000;1752;0,0365000;-0,021696
normal;100.mat;48000;1753;0,0365208;-0,020236
normal;100.mat;48000;1754;0,0365417;0,027954
normal;100.mat;48000;1755;0,0365625;0,087618
normal;100.mat;48000;1756;0,0365833;0,108689
normal;100.mat;48000;1757;0,0366042;0,074058
normal;100.mat;48000;1758;0,0366250;0,020236
normal;100.mat;48000;1759;0,0366458;0,004590
normal;100.mat;48000;1760;0,0366667;0,028998
normal;100.mat;48000;1761;0,0366875;0,065922
normal;100.mat;48000;1762;0,0367083;0,057995
normal;100.mat;48000;1763;0,0367292;0,002086
normal;100.mat;48000;1764;0,0367500;-0,045478
normal;100.mat;48000;1765;0,0367708;-0,050902
normal;100.mat;48000;1766;0,0367917;-0,023991
normal;100.mat;48000;1767;0,0368125;-0,009388
normal;100.mat;48000;1768;0,0368333;-0,027329
normal;100.mat;48000;1769;0,0368542;-0,063419
normal;100.mat;48000;1770;0,0368750;-0,079274
normal;100.mat;48000;1771;0,0368958;-0,062585
normal;100.mat;48000;1772;0,0369167;-0,030666
normal;100.mat;48000;1773;0,0369375;-0,015855
normal;100.mat;48000;1774;0,0369583;-0,030458
normal;100.mat;48000;1775;0,0369792;-0,031710
normal;100.mat;48000;1776;0,0370000;-0,015855
normal;100.mat;48000;1777;0,0370208;0,013560
normal;100.mat;48000;1778;0,0370417;0,033378
normal;100.mat;48000;1779;0,0370625;-0,003755
normal;100.mat;48000;1780;0,0370833;-0,062585
normal;100.mat;48000;1781;0,0371042;-0,115782
normal;100.mat;48000;1782;0,0371250;-0,132262
normal;100.mat;48000;1783;0,0371458;-0,117033
normal;100.mat;48000;1784;0,0371667;-0,096589
normal;100.mat;48000;1785;0,0371875;-0,085532
normal;100.mat;48000;1786;0,0372083;-0,104934
normal;100.mat;48000;1787;0,0372292;-0,111609
normal;100.mat;48000;1788;0,0372500;-0,091999
normal;100.mat;48000;1789;0,0372708;-0,044852
normal;100.mat;48000;1790;0,0372917;-0,029415
normal;100.mat;48000;1791;0,0373125;-0,069886
normal;100.mat;48000;1792;0,0373333;-0,088244
normal;100.mat;48000;1793;0,0373542;-0,076770
normal;100.mat;48000;1794;0,0373750;-0,034213
normal;100.mat;48000;1795;0,0373958;0,011057
normal;100.mat;48000;1796;0,0374167;0,012726
normal;100.mat;48000;1797;0,0374375;-0,030041
normal;100.mat;48000;1798;0,0374583;-0,090748
normal;100.mat;48000;1799;0,0374792;-0,122457
normal;100.mat;48000;1800;0,0375000;-0,120580
normal;100.mat;48000;1801;0,0375208;-0,107646
normal;100.mat;48000;1802;0,0375417;-0,106811
normal;100.mat;48000;1803;0,0375625;-0,122666
normal;100.mat;48000;1804;0,0375833;-0,117033
normal;100.mat;48000;1805;0,0376042;-0,059873
normal;100.mat;48000;1806;0,0376250;0,002921
normal;100.mat;48000;1807;0,0376458;0,030249
normal;100.mat;48000;1808;0,0376667;0,013143
normal;100.mat;48000;1809;0,0376875;-0,012308
normal;100.mat;48000;1810;0,0377083;0,002086
normal;100.mat;48000;1811;0,0377292;0,046104
normal;100.mat;48000;1812;0,0377500;0,090539
normal;100.mat;48000;1813;0,0377708;0,094503
normal;100.mat;48000;1814;0,0377917;0,064879
normal;100.mat;48000;1815;0,0378125;0,025660
normal;100.mat;48000;1816;0,0378333;0,022530
normal;100.mat;48000;1817;0,0378542;0,062585
normal;100.mat;48000;1818;0,0378750;0,087827
normal;100.mat;48000;1819;0,0378958;0,076562
normal;100.mat;48000;1820;0,0379167;0,050902
normal;100.mat;48000;1821;0,0379375;0,063419
normal;100.mat;48000;1822;0,0379583;0,108271
normal;100.mat;48000;1823;0,0379792;0,129342
normal;100.mat;48000;1824;0,0380000;0,113487
normal;100.mat;48000;1825;0,0380208;0,060916
normal;100.mat;48000;1826;0,0380417;-0,012100
normal;100.mat;48000;1827;0,0380625;-0,049442
normal;100.mat;48000;1828;0,0380833;-0,026494
normal;100.mat;48000;1829;0,0381042;0,042558
normal;100.mat;48000;1830;0,0381250;0,096589
normal;100.mat;48000;1831;0,0381458;0,107646
normal;100.mat;48000;1832;0,0381667;0,090122
normal;100.mat;48000;1833;0,0381875;0,067591
normal;100.mat;48000;1834;0,0382083;0,071138
normal;100.mat;48000;1835;0,0382292;0,067383
normal;100.mat;48000;1836;0,0382500;0,019401
normal;100.mat;48000;1837;0,0382708;-0,041932
normal;100.mat;48000;1838;0,0382917;-0,065922
normal;100.mat;48000;1839;0,0383125;-0,027120
normal;100.mat;48000;1840;0,0383333;0,052988
normal;100.mat;48000;1841;0,0383542;0,105768
normal;100.mat;48000;1842;0,0383750;0,101596
normal;100.mat;48000;1843;0,0383958;0,063628
normal;100.mat;48000;1844;0,0384167;0,030458
normal;100.mat;48000;1845;0,0384375;0,038802
normal;100.mat;48000;1846;0,0384583;0,069886
normal;100.mat;48000;1847;0,0384792;0,085532
normal;100.mat;48000;1848;0,0385000;0,060916
normal;100.mat;48000;1849;0,0385208;0,026286
normal;100.mat;48000;1850;0,0385417;0,042766
normal;100.mat;48000;1851;0,0385625;0,096380
normal;100.mat;48000;1852;0,0385833;0,147491
normal;100.mat;48000;1853;0,0386042;0,153541
normal;100.mat;48000;1854;0,0386250;0,113695
normal;100.mat;48000;1855;0,0386458;0,068634
normal;100.mat;48000;1856;0,0386667;0,044644
normal;100.mat;48000;1857;0,0386875;0,050902
normal;100.mat;48000;1858;0,0387083;0,059247
normal;100.mat;48000;1859;0,0387292;0,050068
normal;100.mat;48000;1860;0,0387500;0,015855
normal;100.mat;48000;1861;0,0387708;-0,005007
normal;100.mat;48000;1862;0,0387917;0,027746
normal;100.mat;48000;1863;0,0388125;0,078231
normal;100.mat;48000;1864;0,0388333;0,109314
normal;100.mat;48000;1865;0,0388542;0,095337
normal;100.mat;48000;1866;0,0388750;0,054449
normal;100.mat;48000;1867;0,0388958;0,051945
normal;100.mat;48000;1868;0,0389167;0,088036
normal;100.mat;48000;1869;0,0389375;0,129759
normal;100.mat;48000;1870;0,0389583;0,137686
normal;100.mat;48000;1871;0,0389792;0,071138
normal;100.mat;48000;1872;0,0390000;0,006884
normal;100.mat;48000;1873;0,0390208;-0,013560
normal;100.mat;48000;1874;0,0390417;-0,002295
normal;100.mat;48000;1875;0,0390625;0,025868
normal;100.mat;48000;1876;0,0390833;0,014186
normal;100.mat;48000;1877;0,0391042;-0,020444
normal;100.mat;48000;1878;0,0391250;-0,061124
normal;100.mat;48000;1879;0,0391458;-0,066757
normal;100.mat;48000;1880;0,0391667;-0,033796
normal;100.mat;48000;1881;0,0391875;-0,026077
normal;100.mat;48000;1882;0,0392083;-0,053614
normal;100.mat;48000;1883;0,0392292;-0,088036
normal;100.mat;48000;1884;0,0392500;-0,074893
normal;100.mat;48000;1885;0,0392708;-0,014812
normal;100.mat;48000;1886;0,0392917;0,050068
normal;100.mat;48000;1887;0,0393125;0,077605
normal;100.mat;48000;1888;0,0393333;0,052362
normal;100.mat;48000;1889;0,0393542;0,009596
normal;100.mat;48000;1890;0,0393750;-0,011891
normal;100.mat;48000;1891;0,0393958;-0,000417
normal;100.mat;48000;1892;0,0394167;0,009596
normal;100.mat;48000;1893;0,0394375;-0,016063
normal;100.mat;48000;1894;0,0394583;-0,072390
normal;100.mat;48000;1895;0,0394792;-0,107228
normal;100.mat;48000;1896;0,0395000;-0,066340
normal;100.mat;48000;1897;0,0395208;0,022322
normal;100.mat;48000;1898;0,0395417;0,098884
normal;100.mat;48000;1899;0,0395625;0,109523
normal;100.mat;48000;1900;0,0395833;0,071346
normal;100.mat;48000;1901;0,0396042;0,040889
normal;100.mat;48000;1902;0,0396250;0,027329
normal;100.mat;48000;1903;0,0396458;0,023156
normal;100.mat;48000;1904;0,0396667;-0,011682
normal;100.mat;48000;1905;0,0396875;-0,069678
normal;100.mat;48000;1906;0,0397083;-0,122040
normal;100.mat;48000;1907;0,0397292;-0,131845
normal;100.mat;48000;1908;0,0397500;-0,065922
normal;100.mat;48000;1909;0,0397708;0,001878
normal;100.mat;48000;1910;0,0397917;0,028998
normal;100.mat;48000;1911;0,0398125;0,020653
normal;100.mat;48000;1912;0,0398333;-0,003964
normal;100.mat;48000;1913;0,0398542;0,009805
normal;100.mat;48000;1914;0,0398750;0,051528
normal;100.mat;48000;1915;0,0398958;0,085741
normal;100.mat;48000;1916;0,0399167;0,081360
normal;100.mat;48000;1917;0,0399375;0,032335
normal;100.mat;48000;1918;0,0399583;0,002503
normal;100.mat;48000;1919;0,0399792;0,021487
normal;100.mat;48000;1920;0,0400000;0,072390
normal;100.mat;48000;1921;0,0400208;0,100344
normal;100.mat;48000;1922;0,0400417;0,070303
normal;100.mat;48000;1923;0,0400625;0,020653
normal;100.mat;48000;1924;0,0400833;0,003129
normal;100.mat;48000;1925;0,0401042;0,037968
normal;100.mat;48000;1926;0,0401250;0,073433
normal;100.mat;48000;1927;0,0401458;0,069678
normal;100.mat;48000;1928;0,0401667;0,016481
normal;100.mat;48000;1929;0,0401875;-0,043183
normal;100.mat;48000;1930;0,0402083;-0,036716
normal;100.mat;48000;1931;0,0402292;0,031084
normal;100.mat;48000;1932;0,0402500;0,106185
normal;100.mat;48000;1933;0,0402708;0,122457
normal;100.mat;48000;1934;0,0402917;0,101178
normal;100.mat;48000;1935;0,0403125;0,077605
normal;100.mat;48000;1936;0,0403333;0,069678
normal;100.mat;48000;1937;0,0403542;0,088662
normal;100.mat;48000;1938;0,0403750;0,058204
normal;100.mat;48000;1939;0,0403958;-0,019401
normal;100.mat;48000;1940;0,0404167;-0,106602
normal;100.mat;48000;1941;0,0404375;-0,155627
normal;100.mat;48000;1942;0,0404583;-0,114113
normal;100.mat;48000;1943;0,0404792;-0,024199
normal;100.mat;48000;1944;0,0405000;0,048816
normal;100.mat;48000;1945;0,0405208;0,058621
normal;100.mat;48000;1946;0,0405417;0,027329
normal;100.mat;48000;1947;0,0405625;0,008970
normal;100.mat;48000;1948;0,0405833;0,015646
normal;100.mat;48000;1949;0,0406042;0,010848
normal;100.mat;48000;1950;0,0406250;-0,024825
normal;100.mat;48000;1951;0,0406458;-0,088244
normal;100.mat;48000;1952;0,0406667;-0,133097
normal;100.mat;48000;1953;0,0406875;-0,106811
normal;100.mat;48000;1954;0,0407083;-0,013143
normal;100.mat;48000;1955;0,0407292;0,071764
normal;100.mat;48000;1956;0,0407500;0,086158
normal;100.mat;48000;1957;0,0407708;0,047982
normal;100.mat;48000;1958;0,0407917;0,008136
normal;100.mat;48000;1959;0,0408125;0,016481
normal;100.mat;48000;1960;0,0408333;0,043183
normal;100.mat;48000;1961;0,0408542;0,051945
normal;100.mat;48000;1962;0,0408750;0,017524
normal;100.mat;48000;1963;0,0408958;-0,018150
normal;100.mat;48000;1964;0,0409167;-0,016898
normal;100.mat;48000;1965;0,0409375;0,021696
normal;100.mat;48000;1966;0,0409583;0,095963
normal;100.mat;48000;1967;0,0409792;0,127881
normal;100.mat;48000;1968;0,0410000;0,097423
normal;100.mat;48000;1969;0,0410208;0,033378
normal;100.mat;48000;1970;0,0410417;0,012308
normal;100.mat;48000;1971;0,0410625;0,046313
normal;100.mat;48000;1972;0,0410833;0,057995
normal;100.mat;48000;1973;0,0411042;0,028998
normal;100.mat;48000;1974;0,0411250;-0,028580
normal;100.mat;48000;1975;0,0411458;-0,067383
normal;100.mat;48000;1976;0,0411667;-0,065922
normal;100.mat;48000;1977;0,0411875;-0,005424
normal;100.mat;48000;1978;0,0412083;0,070512
normal;100.mat;48000;1979;0,0412292;0,069052
normal;100.mat;48000;1980;0,0412500;0,020653
normal;100.mat;48000;1981;0,0412708;-0,031710
normal;100.mat;48000;1982;0,0412917;-0,039846
normal;100.mat;48000;1983;0,0413125;-0,008970
normal;100.mat;48000;1984;0,0413333;-0,000626
normal;100.mat;48000;1985;0,0413542;-0,017732
normal;100.mat;48000;1986;0,0413750;-0,070929
normal;100.mat;48000;1987;0,0413958;-0,072807
normal;100.mat;48000;1988;0,0414167;0,002503
normal;100.mat;48000;1989;0,0414375;0,089079
normal;100.mat;48000;1990;0,0414583;0,152081
normal;100.mat;48000;1991;0,0414792;0,133514
normal;100.mat;48000;1992;0,0415000;0,092417
normal;100.mat;48000;1993;0,0415208;0,070721
normal;100.mat;48000;1994;0,0415417;0,061124
normal;100.mat;48000;1995;0,0415625;0,061333
normal;100.mat;48000;1996;0,0415833;0,003546
normal;100.mat;48000;1997;0,0416042;-0,063002
normal;100.mat;48000;1998;0,0416250;-0,072807
normal;100.mat;48000;1999;0,0416458;-0,006258
normal;100.mat;48000;2000;0,0416667;0,101387
normal;100.mat;48000;2001;0,0416875;0,145405
normal;100.mat;48000;2002;0,0417083;0,139981
normal;100.mat;48000;2003;0,0417292;0,093668
normal;100.mat;48000;2004;0,0417500;0,046730
normal;100.mat;48000;2005;0,0417708;0,047147
normal;100.mat;48000;2006;0,0417917;0,072390
normal;100.mat;48000;2007;0,0418125;0,070929
normal;100.mat;48000;2008;0,0418333;0,001460
normal;100.mat;48000;2009;0,0418542;-0,043392
normal;100.mat;48000;2010;0,0418750;-0,019818
normal;100.mat;48000;2011;0,0418958;0,043183
normal;100.mat;48000;2012;0,0419167;0,098884
normal;100.mat;48000;2013;0,0419375;0,099718
normal;100.mat;48000;2014;0,0419583;0,065297
normal;100.mat;48000;2015;0,0419792;0,009805
normal;100.mat;48000;2016;0,0420000;0,003338
normal;100.mat;48000;2017;0,0420208;0,032127
normal;100.mat;48000;2018;0,0420417;0,026703
normal;100.mat;48000;2019;0,0420625;-0,000417
normal;100.mat;48000;2020;0,0420833;-0,061124
normal;100.mat;48000;2021;0,0421042;-0,090748
normal;100.mat;48000;2022;0,0421250;-0,068217
normal;100.mat;48000;2023;0,0421458;-0,014603
normal;100.mat;48000;2024;0,0421667;0,023156
normal;100.mat;48000;2025;0,0421875;-0,012726
normal;100.mat;48000;2026;0,0422083;-0,056952
normal;100.mat;48000;2027;0,0422292;-0,077814
normal;100.mat;48000;2028;0,0422500;-0,039637
normal;100.mat;48000;2029;0,0422708;0,014812
normal;100.mat;48000;2030;0,0422917;0,017732
normal;100.mat;48000;2031;0,0423125;-0,021279
normal;100.mat;48000;2032;0,0423333;-0,077396
normal;100.mat;48000;2033;0,0423542;-0,071138
normal;100.mat;48000;2034;0,0423750;-0,020653
normal;100.mat;48000;2035;0,0423958;0,036299
normal;100.mat;48000;2036;0,0424167;0,053614
normal;100.mat;48000;2037;0,0424375;0,013560
normal;100.mat;48000;2038;0,0424583;-0,013351
normal;100.mat;48000;2039;0,0424792;-0,025868
normal;100.mat;48000;2040;0,0425000;-0,019610
normal;100.mat;48000;2041;0,0425208;-0,042140
normal;100.mat;48000;2042;0,0425417;-0,113278
normal;100.mat;48000;2043;0,0425625;-0,184833
normal;100.mat;48000;2044;0,0425833;-0,215500
normal;100.mat;48000;2045;0,0426042;-0,156670
normal;100.mat;48000;2046;0,0426250;-0,079900
normal;100.mat;48000;2047;0,0426458;-0,027120
normal;100.mat;48000;2048;0,0426667;-0,018358
normal;100.mat;48000;2049;0,0426875;-0,050485
normal;100.mat;48000;2050;0,0427083;-0,051945
normal;100.mat;48000;2051;0,0427292;-0,035465
normal;100.mat;48000;2052;0,0427500;-0,021905
normal;100.mat;48000;2053;0,0427708;-0,059038
normal;100.mat;48000;2054;0,0427917;-0,131010
normal;100.mat;48000;2055;0,0428125;-0,152289
normal;100.mat;48000;2056;0,0428333;-0,126421
normal;100.mat;48000;2057;0,0428542;-0,054240
normal;100.mat;48000;2058;0,0428750;0,022113
normal;100.mat;48000;2059;0,0428958;0,049442
normal;100.mat;48000;2060;0,0429167;0,042558
normal;100.mat;48000;2061;0,0429375;0,022739
normal;100.mat;48000;2062;0,0429583;0,043809
normal;100.mat;48000;2063;0,0429792;0,079691
normal;100.mat;48000;2064;0,0430000;0,070512
normal;100.mat;48000;2065;0,0430208;0,023365
normal;100.mat;48000;2066;0,0430417;-0,021905
normal;100.mat;48000;2067;0,0430625;-0,036925
normal;100.mat;48000;2068;0,0430833;-0,023574
normal;100.mat;48000;2069;0,0431042;0,034004
normal;100.mat;48000;2070;0,0431250;0,065922
normal;100.mat;48000;2071;0,0431458;0,047564
normal;100.mat;48000;2072;0,0431667;0,034630
normal;100.mat;48000;2073;0,0431875;0,039011
normal;100.mat;48000;2074;0,0432083;0,084072
normal;100.mat;48000;2075;0,0432292;0,105977
normal;100.mat;48000;2076;0,0432500;0,077396
normal;100.mat;48000;2077;0,0432708;0,032753
normal;100.mat;48000;2078;0,0432917;-0,009596
normal;100.mat;48000;2079;0,0433125;0,000626
normal;100.mat;48000;2080;0,0433333;0,036508
normal;100.mat;48000;2081;0,0433542;0,052154
normal;100.mat;48000;2082;0,0433750;0,039846
normal;100.mat;48000;2083;0,0433958;0,021279
normal;100.mat;48000;2084;0,0434167;0,032753
normal;100.mat;48000;2085;0,0434375;0,075727
normal;100.mat;48000;2086;0,0434583;0,103473
normal;100.mat;48000;2087;0,0434792;0,076562
normal;100.mat;48000;2088;0,0435000;0,015020
normal;100.mat;48000;2089;0,0435208;-0,050068
normal;100.mat;48000;2090;0,0435417;-0,067591
normal;100.mat;48000;2091;0,0435625;-0,026911
normal;100.mat;48000;2092;0,0435833;0,027954
normal;100.mat;48000;2093;0,0436042;0,064879
normal;100.mat;48000;2094;0,0436250;0,060916
normal;100.mat;48000;2095;0,0436458;0,044852
normal;100.mat;48000;2096;0,0436667;0,065505
normal;100.mat;48000;2097;0,0436875;0,097215
normal;100.mat;48000;2098;0,0437083;0,084698
normal;100.mat;48000;2099;0,0437292;0,016689
normal;100.mat;48000;2100;0,0437500;-0,071764
normal;100.mat;48000;2101;0,0437708;-0,114947
normal;100.mat;48000;2102;0,0437917;-0,094920
normal;100.mat;48000;2103;0,0438125;-0,043183
normal;100.mat;48000;2104;0,0438333;0,016481
normal;100.mat;48000;2105;0,0438542;0,031710
normal;100.mat;48000;2106;0,0438750;0,025660
normal;100.mat;48000;2107;0,0438958;0,047564
normal;100.mat;48000;2108;0,0439167;0,083446
normal;100.mat;48000;2109;0,0439375;0,114113
normal;100.mat;48000;2110;0,0439583;0,083029
normal;100.mat;48000;2111;0,0439792;0,014186
normal;100.mat;48000;2112;0,0440000;-0,048399
normal;100.mat;48000;2113;0,0440208;-0,063628
normal;100.mat;48000;2114;0,0440417;-0,022948
normal;100.mat;48000;2115;0,0440625;-0,002921
normal;100.mat;48000;2116;0,0440833;-0,011057
normal;100.mat;48000;2117;0,0441042;-0,045687
normal;100.mat;48000;2118;0,0441250;-0,062585
normal;100.mat;48000;2119;0,0441458;-0,040471
normal;100.mat;48000;2120;0,0441667;-0,006258
normal;100.mat;48000;2121;0,0441875;0,014603
normal;100.mat;48000;2122;0,0442083;-0,016898
normal;100.mat;48000;2123;0,0442292;-0,062585
normal;100.mat;48000;2124;0,0442500;-0,061542
normal;100.mat;48000;2125;0,0442708;-0,003546
normal;100.mat;48000;2126;0,0442917;0,063419
normal;100.mat;48000;2127;0,0443125;0,088662
normal;100.mat;48000;2128;0,0443333;0,058412
normal;100.mat;48000;2129;0,0443542;0,012726
normal;100.mat;48000;2130;0,0443750;0,000209
normal;100.mat;48000;2131;0,0443958;0,027746
normal;100.mat;48000;2132;0,0444167;0,056743
normal;100.mat;48000;2133;0,0444375;0,052780
normal;100.mat;48000;2134;0,0444583;0,022739
normal;100.mat;48000;2135;0,0444792;-0,009805
normal;100.mat;48000;2136;0,0445000;0,002503
normal;100.mat;48000;2137;0,0445208;0,042140
normal;100.mat;48000;2138;0,0445417;0,079691
normal;100.mat;48000;2139;0,0445625;0,084906
normal;100.mat;48000;2140;0,0445833;0,048607
normal;100.mat;48000;2141;0,0446042;0,028998
normal;100.mat;48000;2142;0,0446250;0,028998
normal;100.mat;48000;2143;0,0446458;0,055909
normal;100.mat;48000;2144;0,0446667;0,064462
normal;100.mat;48000;2145;0,0446875;0,028998
normal;100.mat;48000;2146;0,0447083;-0,009596
normal;100.mat;48000;2147;0,0447292;-0,034004
normal;100.mat;48000;2148;0,0447500;-0,008970
normal;100.mat;48000;2149;0,0447708;0,033378
normal;100.mat;48000;2150;0,0447917;0,051945
normal;100.mat;48000;2151;0,0448125;0,041097
normal;100.mat;48000;2152;0,0448333;0,021696
normal;100.mat;48000;2153;0,0448542;0,029832
normal;100.mat;48000;2154;0,0448750;0,053614
normal;100.mat;48000;2155;0,0448958;0,065922
normal;100.mat;48000;2156;0,0449167;0,046730
normal;100.mat;48000;2157;0,0449375;0,007093
normal;100.mat;48000;2158;0,0449583;-0,019401
normal;100.mat;48000;2159;0,0449792;-0,013560
normal;100.mat;48000;2160;0,0450000;0,012726
normal;100.mat;48000;2161;0,0450208;0,002921
normal;100.mat;48000;2162;0,0450417;-0,040680
normal;100.mat;48000;2163;0,0450625;-0,064045
normal;100.mat;48000;2164;0,0450833;-0,061333
normal;100.mat;48000;2165;0,0451042;-0,014603
normal;100.mat;48000;2166;0,0451250;0,032753
normal;100.mat;48000;2167;0,0451458;0,051111
normal;100.mat;48000;2168;0,0451667;0,036508
normal;100.mat;48000;2169;0,0451875;-0,010222
normal;100.mat;48000;2170;0,0452083;-0,009596
normal;100.mat;48000;2171;0,0452292;0,010639
normal;100.mat;48000;2172;0,0452500;0,034422
normal;100.mat;48000;2173;0,0452708;0,030666
normal;100.mat;48000;2174;0,0452917;-0,013560
normal;100.mat;48000;2175;0,0453125;-0,022322
normal;100.mat;48000;2176;0,0453333;-0,008345
normal;100.mat;48000;2177;0,0453542;0,040263
normal;100.mat;48000;2178;0,0453750;0,074893
normal;100.mat;48000;2179;0,0453958;0,063002
normal;100.mat;48000;2180;0,0454167;0,022530
normal;100.mat;48000;2181;0,0454375;-0,027954
normal;100.mat;48000;2182;0,0454583;-0,024825
normal;100.mat;48000;2183;0,0454792;-0,005424
normal;100.mat;48000;2184;0,0455000;-0,018984
normal;100.mat;48000;2185;0,0455208;-0,064254
normal;100.mat;48000;2186;0,0455417;-0,117450
normal;100.mat;48000;2187;0,0455625;-0,126212
normal;100.mat;48000;2188;0,0455833;-0,083029
normal;100.mat;48000;2189;0,0456042;-0,022948
normal;100.mat;48000;2190;0,0456250;0,016898
normal;100.mat;48000;2191;0,0456458;0,028580
normal;100.mat;48000;2192;0,0456667;0,033378
normal;100.mat;48000;2193;0,0456875;0,041932
normal;100.mat;48000;2194;0,0457083;0,047356
normal;100.mat;48000;2195;0,0457292;0,023365
normal;100.mat;48000;2196;0,0457500;-0,031084
normal;100.mat;48000;2197;0,0457708;-0,088662
normal;100.mat;48000;2198;0,0457917;-0,114321
normal;100.mat;48000;2199;0,0458125;-0,076562
normal;100.mat;48000;2200;0,0458333;-0,019193
normal;100.mat;48000;2201;0,0458542;0,017315
normal;100.mat;48000;2202;0,0458750;0,037134
normal;100.mat;48000;2203;0,0458958;0,032544
normal;100.mat;48000;2204;0,0459167;0,037134
normal;100.mat;48000;2205;0,0459375;0,045270
normal;100.mat;48000;2206;0,0459583;0,036925
normal;100.mat;48000;2207;0,0459792;0,009388
normal;100.mat;48000;2208;0,0460000;-0,053197
normal;100.mat;48000;2209;0,0460208;-0,097006
normal;100.mat;48000;2210;0,0460417;-0,083446
normal;100.mat;48000;2211;0,0460625;-0,011265
normal;100.mat;48000;2212;0,0460833;0,059873
normal;100.mat;48000;2213;0,0461042;0,072807
normal;100.mat;48000;2214;0,0461250;0,047564
normal;100.mat;48000;2215;0,0461458;0,008553
normal;100.mat;48000;2216;0,0461667;-0,000834
normal;100.mat;48000;2217;0,0461875;0,006258
normal;100.mat;48000;2218;0,0462083;-0,001252
normal;100.mat;48000;2219;0,0462292;-0,024408
normal;100.mat;48000;2220;0,0462500;-0,057578
normal;100.mat;48000;2221;0,0462708;-0,041097
normal;100.mat;48000;2222;0,0462917;0,009596
normal;100.mat;48000;2223;0,0463125;0,060290
normal;100.mat;48000;2224;0,0463333;0,091791
normal;100.mat;48000;2225;0,0463542;0,066966
normal;100.mat;48000;2226;0,0463750;0,049650
normal;100.mat;48000;2227;0,0463958;0,061124
normal;100.mat;48000;2228;0,0464167;0,087410
normal;100.mat;48000;2229;0,0464375;0,106185
normal;100.mat;48000;2230;0,0464583;0,063210
normal;100.mat;48000;2231;0,0464792;0,007927
normal;100.mat;48000;2232;0,0465000;-0,031710
normal;100.mat;48000;2233;0,0465208;-0,039220
normal;100.mat;48000;2234;0,0465417;0,008136
normal;100.mat;48000;2235;0,0465625;0,052154
normal;100.mat;48000;2236;0,0465833;0,078857
normal;100.mat;48000;2237;0,0466042;0,086367
normal;100.mat;48000;2238;0,0466250;0,085324
normal;100.mat;48000;2239;0,0466458;0,107646
normal;100.mat;48000;2240;0,0466667;0,118911
normal;100.mat;48000;2241;0,0466875;0,091999
normal;100.mat;48000;2242;0,0467083;0,019610
normal;100.mat;48000;2243;0,0467292;-0,055700
normal;100.mat;48000;2244;0,0467500;-0,077188
normal;100.mat;48000;2245;0,0467708;-0,035673
normal;100.mat;48000;2246;0,0467917;0,038594
normal;100.mat;48000;2247;0,0468125;0,084072
normal;100.mat;48000;2248;0,0468333;0,102013
normal;100.mat;48000;2249;0,0468542;0,099301
normal;100.mat;48000;2250;0,0468750;0,098049
normal;100.mat;48000;2251;0,0468958;0,104725
normal;100.mat;48000;2252;0,0469167;0,071138
normal;100.mat;48000;2253;0,0469375;0,014603
normal;100.mat;48000;2254;0,0469583;-0,044852
normal;100.mat;48000;2255;0,0469792;-0,078022
normal;100.mat;48000;2256;0,0470000;-0,044435
normal;100.mat;48000;2257;0,0470208;0,024825
normal;100.mat;48000;2258;0,0470417;0,076979
normal;100.mat;48000;2259;0,0470625;0,068634
normal;100.mat;48000;2260;0,0470833;0,036090
normal;100.mat;48000;2261;0,0471042;0,015229
normal;100.mat;48000;2262;0,0471250;0,010014
normal;100.mat;48000;2263;0,0471458;0,018984
normal;100.mat;48000;2264;0,0471667;-0,003755
normal;100.mat;48000;2265;0,0471875;-0,044435
normal;100.mat;48000;2266;0,0472083;-0,072390
normal;100.mat;48000;2267;0,0472292;-0,055074
normal;100.mat;48000;2268;0,0472500;0,012308
normal;100.mat;48000;2269;0,0472708;0,068009
normal;100.mat;48000;2270;0,0472917;0,088453
normal;100.mat;48000;2271;0,0473125;0,080943
normal;100.mat;48000;2272;0,0473333;0,068426
normal;100.mat;48000;2273;0,0473542;0,083863
normal;100.mat;48000;2274;0,0473750;0,113278
normal;100.mat;48000;2275;0,0473958;0,106602
normal;100.mat;48000;2276;0,0474167;0,047773
normal;100.mat;48000;2277;0,0474375;-0,015646
normal;100.mat;48000;2278;0,0474583;-0,033796
normal;100.mat;48000;2279;0,0474792;0,004590
normal;100.mat;48000;2280;0,0475000;0,060916
normal;100.mat;48000;2281;0,0475208;0,080943
normal;100.mat;48000;2282;0,0475417;0,064045
normal;100.mat;48000;2283;0,0475625;0,041306
normal;100.mat;48000;2284;0,0475833;0,043809
normal;100.mat;48000;2285;0,0476042;0,075310
normal;100.mat;48000;2286;0,0476250;0,086367
normal;100.mat;48000;2287;0,0476458;0,046313
normal;100.mat;48000;2288;0,0476667;-0,033170
normal;100.mat;48000;2289;0,0476875;-0,088036
normal;100.mat;48000;2290;0,0477083;-0,065505
normal;100.mat;48000;2291;0,0477292;-0,003129
normal;100.mat;48000;2292;0,0477500;0,056535
normal;100.mat;48000;2293;0,0477708;0,090330
normal;100.mat;48000;2294;0,0477917;0,096380
normal;100.mat;48000;2295;0,0478125;0,095754
normal;100.mat;48000;2296;0,0478333;0,119537
normal;100.mat;48000;2297;0,0478542;0,129967
normal;100.mat;48000;2298;0,0478750;0,091374
normal;100.mat;48000;2299;0,0478958;0,010222
normal;100.mat;48000;2300;0,0479167;-0,083863
normal;100.mat;48000;2301;0,0479375;-0,109732
normal;100.mat;48000;2302;0,0479583;-0,059664
normal;100.mat;48000;2303;0,0479792;0,027746
normal;100.mat;48000;2304;0,0480000;0,075310
normal;100.mat;48000;2305;0,0480208;0,054449
normal;100.mat;48000;2306;0,0480417;0,025451
normal;100.mat;48000;2307;0,0480625;0,016898
normal;100.mat;48000;2308;0,0480833;0,038385
normal;100.mat;48000;2309;0,0481042;0,037551
normal;100.mat;48000;2310;0,0481250;-0,014186
normal;100.mat;48000;2311;0,0481458;-0,066340
normal;100.mat;48000;2312;0,0481667;-0,083863
normal;100.mat;48000;2313;0,0481875;-0,043183
normal;100.mat;48000;2314;0,0482083;0,027329
normal;100.mat;48000;2315;0,0482292;0,069052
normal;100.mat;48000;2316;0,0482500;0,063836
normal;100.mat;48000;2317;0,0482708;0,025451
normal;100.mat;48000;2318;0,0482917;0,000000
normal;100.mat;48000;2319;0,0483125;0,015438
normal;100.mat;48000;2320;0,0483333;0,015020
normal;100.mat;48000;2321;0,0483542;-0,030666
normal;100.mat;48000;2322;0,0483750;-0,100761
normal;100.mat;48000;2323;0,0483958;-0,164389
normal;100.mat;48000;2324;0,0484167;-0,160634
normal;100.mat;48000;2325;0,0484375;-0,096380
normal;100.mat;48000;2326;0,0484583;-0,015646
normal;100.mat;48000;2327;0,0484792;0,024825
normal;100.mat;48000;2328;0,0485000;0,022948
normal;100.mat;48000;2329;0,0485208;0,018567
normal;100.mat;48000;2330;0,0485417;0,037134
normal;100.mat;48000;2331;0,0485625;0,078231
normal;100.mat;48000;2332;0,0485833;0,070303
normal;100.mat;48000;2333;0,0486042;0,013351
normal;100.mat;48000;2334;0,0486250;-0,065922
normal;100.mat;48000;2335;0,0486458;-0,104516
normal;100.mat;48000;2336;0,0486667;-0,059455
normal;100.mat;48000;2337;0,0486875;0,002921
normal;100.mat;48000;2338;0,0487083;0,055074
normal;100.mat;48000;2339;0,0487292;0,060916
normal;100.mat;48000;2340;0,0487500;0,031710
normal;100.mat;48000;2341;0,0487708;0,023365
normal;100.mat;48000;2342;0,0487917;0,050485
normal;100.mat;48000;2343;0,0488125;0,083029
normal;100.mat;48000;2344;0,0488333;0,041723
normal;100.mat;48000;2345;0,0488542;-0,052362
normal;100.mat;48000;2346;0,0488750;-0,104934
normal;100.mat;48000;2347;0,0488958;-0,086993
normal;100.mat;48000;2348;0,0489167;-0,011474
normal;100.mat;48000;2349;0,0489375;0,058830
normal;100.mat;48000;2350;0,0489583;0,066340
normal;100.mat;48000;2351;0,0489792;0,032961
normal;100.mat;48000;2352;0,0490000;-0,008345
normal;100.mat;48000;2353;0,0490208;-0,010431
normal;100.mat;48000;2354;0,0490417;0,017524
normal;100.mat;48000;2355;0,0490625;0,011682
normal;100.mat;48000;2356;0,0490833;-0,050068
normal;100.mat;48000;2357;0,0491042;-0,118911
normal;100.mat;48000;2358;0,0491250;-0,117450
normal;100.mat;48000;2359;0,0491458;-0,065297
normal;100.mat;48000;2360;0,0491667;0,000209
normal;100.mat;48000;2361;0,0491875;0,029206
normal;100.mat;48000;2362;0,0492083;0,000626
normal;100.mat;48000;2363;0,0492292;-0,031292
normal;100.mat;48000;2364;0,0492500;-0,047564
normal;100.mat;48000;2365;0,0492708;-0,019818
normal;100.mat;48000;2366;0,0492917;0,010014
normal;100.mat;48000;2367;0,0493125;-0,014186
normal;100.mat;48000;2368;0,0493333;-0,045895
normal;100.mat;48000;2369;0,0493542;-0,062793
normal;100.mat;48000;2370;0,0493750;-0,014603
normal;100.mat;48000;2371;0,0493958;0,093877
normal;100.mat;48000;2372;0,0494167;0,159382
normal;100.mat;48000;2373;0,0494375;0,152498
normal;100.mat;48000;2374;0,0494583;0,094503
normal;100.mat;48000;2375;0,0494792;0,047773
normal;100.mat;48000;2376;0,0495000;0,054240
normal;100.mat;48000;2377;0,0495208;0,071346
normal;100.mat;48000;2378;0,0495417;0,067174
normal;100.mat;48000;2379;0,0495625;0,014186
normal;100.mat;48000;2380;0,0495833;-0,035047
normal;100.mat;48000;2381;0,0496042;-0,025660
normal;100.mat;48000;2382;0,0496250;0,032544
normal;100.mat;48000;2383;0,0496458;0,114738
normal;100.mat;48000;2384;0,0496667;0,131010
normal;100.mat;48000;2385;0,0496875;0,090748
normal;100.mat;48000;2386;0,0497083;0,051319
normal;100.mat;48000;2387;0,0497292;0,047147
normal;100.mat;48000;2388;0,0497500;0,084698
normal;100.mat;48000;2389;0,0497708;0,109940
normal;100.mat;48000;2390;0,0497917;0,082612
normal;100.mat;48000;2391;0,0498125;0,021487
normal;100.mat;48000;2392;0,0498333;-0,003964
normal;100.mat;48000;2393;0,0498542;0,022530
normal;100.mat;48000;2394;0,0498750;0,084698
normal;100.mat;48000;2395;0,0498958;0,122666
normal;100.mat;48000;2396;0,0499167;0,095129
normal;100.mat;48000;2397;0,0499375;0,039011
normal;100.mat;48000;2398;0,0499583;-0,008345
normal;100.mat;48000;2399;0,0499792;0,001460
normal;100.mat;48000;2400;0,0500000;0,040680
normal;100.mat;48000;2401;0,0500208;0,036299
normal;100.mat;48000;2402;0,0500417;-0,008345
normal;100.mat;48000;2403;0,0500625;-0,053823
normal;100.mat;48000;2404;0,0500833;-0,053406
normal;100.mat;48000;2405;0,0501042;-0,001669
normal;100.mat;48000;2406;0,0501250;0,042140
normal;100.mat;48000;2407;0,0501458;0,035882
normal;100.mat;48000;2408;0,0501667;-0,019818
normal;100.mat;48000;2409;0,0501875;-0,066548
normal;100.mat;48000;2410;0,0502083;-0,059038
normal;100.mat;48000;2411;0,0502292;-0,026911
normal;100.mat;48000;2412;0,0502500;-0,004590
normal;100.mat;48000;2413;0,0502708;-0,019818
normal;100.mat;48000;2414;0,0502917;-0,040054
normal;100.mat;48000;2415;0,0503125;-0,030666
normal;100.mat;48000;2416;0,0503333;0,021070
normal;100.mat;48000;2417;0,0503542;0,082820
normal;100.mat;48000;2418;0,0503750;0,090956
normal;100.mat;48000;2419;0,0503958;0,044018
normal;100.mat;48000;2420;0,0504167;-0,034630
normal;100.mat;48000;2421;0,0504375;-0,061750
normal;100.mat;48000;2422;0,0504583;-0,042140
normal;100.mat;48000;2423;0,0504792;-0,020862
normal;100.mat;48000;2424;0,0505000;-0,012726
normal;100.mat;48000;2425;0,0505208;-0,046104
normal;100.mat;48000;2426;0,0505417;-0,066548
normal;100.mat;48000;2427;0,0505625;-0,040889
normal;100.mat;48000;2428;0,0505833;0,009179
normal;100.mat;48000;2429;0,0506042;0,043809
normal;100.mat;48000;2430;0,0506250;0,028163
normal;100.mat;48000;2431;0,0506458;-0,019193
normal;100.mat;48000;2432;0,0506667;-0,040680
normal;100.mat;48000;2433;0,0506875;-0,013143
normal;100.mat;48000;2434;0,0507083;0,030041
normal;100.mat;48000;2435;0,0507292;0,045895
normal;100.mat;48000;2436;0,0507500;0,005633
normal;100.mat;48000;2437;0,0507708;-0,044644
normal;100.mat;48000;2438;0,0507917;-0,059664
normal;100.mat;48000;2439;0,0508125;-0,030458
normal;100.mat;48000;2440;0,0508333;0,015229
normal;100.mat;48000;2441;0,0508542;0,015020
normal;100.mat;48000;2442;0,0508750;-0,016481
normal;100.mat;48000;2443;0,0508958;-0,050902
normal;100.mat;48000;2444;0,0509167;-0,055909
normal;100.mat;48000;2445;0,0509375;-0,021279
normal;100.mat;48000;2446;0,0509583;0,012726
normal;100.mat;48000;2447;0,0509792;0,014186
normal;100.mat;48000;2448;0,0510000;-0,013143
normal;100.mat;48000;2449;0,0510208;-0,027120
normal;100.mat;48000;2450;0,0510417;-0,005424
normal;100.mat;48000;2451;0,0510625;0,041097
normal;100.mat;48000;2452;0,0510833;0,064879
normal;100.mat;48000;2453;0,0511042;0,035882
normal;100.mat;48000;2454;0,0511250;-0,008136
normal;100.mat;48000;2455;0,0511458;-0,011474
normal;100.mat;48000;2456;0,0511667;0,028163
normal;100.mat;48000;2457;0,0511875;0,072598
normal;100.mat;48000;2458;0,0512083;0,072390
normal;100.mat;48000;2459;0,0512292;0,012100
normal;100.mat;48000;2460;0,0512500;-0,049859
normal;100.mat;48000;2461;0,0512708;-0,050485
normal;100.mat;48000;2462;0,0512917;0,006050
normal;100.mat;48000;2463;0,0513125;0,054657
normal;100.mat;48000;2464;0,0513333;0,047773
normal;100.mat;48000;2465;0,0513542;0,000834
normal;100.mat;48000;2466;0,0513750;-0,025242
normal;100.mat;48000;2467;0,0513958;-0,000626
normal;100.mat;48000;2468;0,0514167;0,046313
normal;100.mat;48000;2469;0,0514375;0,069469
normal;100.mat;48000;2470;0,0514583;0,041932
normal;100.mat;48000;2471;0,0514792;-0,011682
normal;100.mat;48000;2472;0,0515000;-0,033796
normal;100.mat;48000;2473;0,0515208;-0,008553
normal;100.mat;48000;2474;0,0515417;0,033587
normal;100.mat;48000;2475;0,0515625;0,053614
normal;100.mat;48000;2476;0,0515833;0,024199
normal;100.mat;48000;2477;0,0516042;-0,017732
normal;100.mat;48000;2478;0,0516250;-0,028998
normal;100.mat;48000;2479;0,0516458;-0,011265
normal;100.mat;48000;2480;0,0516667;0,016481
normal;100.mat;48000;2481;0,0516875;0,006676
normal;100.mat;48000;2482;0,0517083;-0,044226
normal;100.mat;48000;2483;0,0517292;-0,092417
normal;100.mat;48000;2484;0,0517500;-0,098258
normal;100.mat;48000;2485;0,0517708;-0,039637
normal;100.mat;48000;2486;0,0517917;0,020027
normal;100.mat;48000;2487;0,0518125;0,022113
normal;100.mat;48000;2488;0,0518333;-0,022113
normal;100.mat;48000;2489;0,0518542;-0,055074
normal;100.mat;48000;2490;0,0518750;-0,044644
normal;100.mat;48000;2491;0,0518958;-0,013560
normal;100.mat;48000;2492;0,0519167;0,003129
normal;100.mat;48000;2493;0,0519375;-0,030458
normal;100.mat;48000;2494;0,0519583;-0,086367
normal;100.mat;48000;2495;0,0519792;-0,115990
normal;100.mat;48000;2496;0,0520000;-0,089913
normal;100.mat;48000;2497;0,0520208;-0,047564
normal;100.mat;48000;2498;0,0520417;-0,034839
normal;100.mat;48000;2499;0,0520625;-0,046521
normal;100.mat;48000;2500;0,0520833;-0,060498
normal;100.mat;48000;2501;0,0521042;-0,044435
normal;100.mat;48000;2502;0,0521250;-0,018984
normal;100.mat;48000;2503;0,0521458;-0,012308
normal;100.mat;48000;2504;0,0521667;-0,053197
normal;100.mat;48000;2505;0,0521875;-0,114113
normal;100.mat;48000;2506;0,0522083;-0,137895
normal;100.mat;48000;2507;0,0522292;-0,108271
normal;100.mat;48000;2508;0,0522500;-0,027954
normal;100.mat;48000;2509;0,0522708;0,021905
normal;100.mat;48000;2510;0,0522917;0,018775
normal;100.mat;48000;2511;0,0523125;-0,004798
normal;100.mat;48000;2512;0,0523333;-0,029623
normal;100.mat;48000;2513;0,0523542;-0,011891
normal;100.mat;48000;2514;0,0523750;0,035882
normal;100.mat;48000;2515;0,0523958;0,058621
normal;100.mat;48000;2516;0,0524167;0,028998
normal;100.mat;48000;2517;0,0524375;-0,005841
normal;100.mat;48000;2518;0,0524583;-0,008136
normal;100.mat;48000;2519;0,0524792;0,012726
normal;100.mat;48000;2520;0,0525000;0,053823
normal;100.mat;48000;2521;0,0525208;0,070303
normal;100.mat;48000;2522;0,0525417;0,046938
normal;100.mat;48000;2523;0,0525625;0,018775
normal;100.mat;48000;2524;0,0525833;0,034422
normal;100.mat;48000;2525;0,0526042;0,101387
normal;100.mat;48000;2526;0,0526250;0,133514
normal;100.mat;48000;2527;0,0526458;0,110566
normal;100.mat;48000;2528;0,0526667;0,069469
normal;100.mat;48000;2529;0,0526875;0,045061
normal;100.mat;48000;2530;0,0527083;0,061750
normal;100.mat;48000;2531;0,0527292;0,099092
normal;100.mat;48000;2532;0,0527500;0,146657
normal;100.mat;48000;2533;0,0527708;0,151038
normal;100.mat;48000;2534;0,0527917;0,108063
normal;100.mat;48000;2535;0,0528125;0,079900
normal;100.mat;48000;2536;0,0528333;0,092834
normal;100.mat;48000;2537;0,0528542;0,122874
normal;100.mat;48000;2538;0,0528750;0,106185
normal;100.mat;48000;2539;0,0528958;0,070512
normal;100.mat;48000;2540;0,0529167;0,028789
normal;100.mat;48000;2541;0,0529375;0,027954
normal;100.mat;48000;2542;0,0529583;0,090122
normal;100.mat;48000;2543;0,0529792;0,129967
normal;100.mat;48000;2544;0,0530000;0,131636
normal;100.mat;48000;2545;0,0530208;0,100135
normal;100.mat;48000;2546;0,0530417;0,072807
normal;100.mat;48000;2547;0,0530625;0,059247
normal;100.mat;48000;2548;0,0530833;0,071764
normal;100.mat;48000;2549;0,0531042;0,087410
normal;100.mat;48000;2550;0,0531250;0,064879
normal;100.mat;48000;2551;0,0531458;0,039428
normal;100.mat;48000;2552;0,0531667;0,035256
normal;100.mat;48000;2553;0,0531875;0,085741
normal;100.mat;48000;2554;0,0532083;0,164806
normal;100.mat;48000;2555;0,0532292;0,197350
normal;100.mat;48000;2556;0,0532500;0,179201
normal;100.mat;48000;2557;0,0532708;0,134974
normal;100.mat;48000;2558;0,0532917;0,084698
normal;100.mat;48000;2559;0,0533125;0,056952
normal;100.mat;48000;2560;0,0533333;0,037968
normal;100.mat;48000;2561;0,0533542;0,011891
normal;100.mat;48000;2562;0,0533750;-0,028163
normal;100.mat;48000;2563;0,0533958;-0,063419
normal;100.mat;48000;2564;0,0534167;-0,045061
normal;100.mat;48000;2565;0,0534375;0,011891
normal;100.mat;48000;2566;0,0534583;0,051111
normal;100.mat;48000;2567;0,0534792;0,034004
normal;100.mat;48000;2568;0,0535000;-0,020444
normal;100.mat;48000;2569;0,0535208;-0,058204
normal;100.mat;48000;2570;0,0535417;-0,055909
normal;100.mat;48000;2571;0,0535625;-0,019818
normal;100.mat;48000;2572;0,0535833;0,008553
normal;100.mat;48000;2573;0,0536042;-0,008553
normal;100.mat;48000;2574;0,0536250;-0,028580
normal;100.mat;48000;2575;0,0536458;-0,024199
normal;100.mat;48000;2576;0,0536667;-0,002086
normal;100.mat;48000;2577;0,0536875;0,020027
normal;100.mat;48000;2578;0,0537083;0,000209
normal;100.mat;48000;2579;0,0537292;-0,051319
normal;100.mat;48000;2580;0,0537500;-0,108271
normal;100.mat;48000;2581;0,0537708;-0,114947
normal;100.mat;48000;2582;0,0537917;-0,072598
normal;100.mat;48000;2583;0,0538125;-0,038177
normal;100.mat;48000;2584;0,0538333;-0,032335
normal;100.mat;48000;2585;0,0538542;-0,065088
normal;100.mat;48000;2586;0,0538750;-0,084906
normal;100.mat;48000;2587;0,0538958;-0,063210
normal;100.mat;48000;2588;0,0539167;-0,004381
normal;100.mat;48000;2589;0,0539375;0,048190
normal;100.mat;48000;2590;0,0539583;0,039220
normal;100.mat;48000;2591;0,0539792;0,003129
normal;100.mat;48000;2592;0,0540000;-0,026703
normal;100.mat;48000;2593;0,0540208;-0,024408
normal;100.mat;48000;2594;0,0540417;-0,009805
normal;100.mat;48000;2595;0,0540625;-0,033170
normal;100.mat;48000;2596;0,0540833;-0,075519
normal;100.mat;48000;2597;0,0541042;-0,097632
normal;100.mat;48000;2598;0,0541250;-0,092208
normal;100.mat;48000;2599;0,0541458;-0,054449
normal;100.mat;48000;2600;0,0541667;-0,010639
normal;100.mat;48000;2601;0,0541875;-0,012308
normal;100.mat;48000;2602;0,0542083;-0,042140
normal;100.mat;48000;2603;0,0542292;-0,052780
normal;100.mat;48000;2604;0,0542500;-0,027329
normal;100.mat;48000;2605;0,0542708;0,015646
normal;100.mat;48000;2606;0,0542917;0,041097
normal;100.mat;48000;2607;0,0543125;0,028998
normal;100.mat;48000;2608;0,0543333;0,016481
normal;100.mat;48000;2609;0,0543542;0,029623
normal;100.mat;48000;2610;0,0543750;0,064462
normal;100.mat;48000;2611;0,0543958;0,108063
normal;100.mat;48000;2612;0,0544167;0,104308
normal;100.mat;48000;2613;0,0544375;0,040054
normal;100.mat;48000;2614;0,0544583;-0,052988
normal;100.mat;48000;2615;0,0544792;-0,109523
normal;100.mat;48000;2616;0,0545000;-0,100135
normal;100.mat;48000;2617;0,0545208;-0,056326
normal;100.mat;48000;2618;0,0545417;-0,027120
normal;100.mat;48000;2619;0,0545625;-0,038385
normal;100.mat;48000;2620;0,0545833;-0,032544
normal;100.mat;48000;2621;0,0546042;-0,010431
normal;100.mat;48000;2622;0,0546250;0,016481
normal;100.mat;48000;2623;0,0546458;0,042349
normal;100.mat;48000;2624;0,0546667;0,013769
normal;100.mat;48000;2625;0,0546875;-0,035673
normal;100.mat;48000;2626;0,0547083;-0,061959
normal;100.mat;48000;2627;0,0547292;-0,026703
normal;100.mat;48000;2628;0,0547500;0,058412
normal;100.mat;48000;2629;0,0547708;0,107228
normal;100.mat;48000;2630;0,0547917;0,095963
normal;100.mat;48000;2631;0,0548125;0,027537
normal;100.mat;48000;2632;0,0548333;-0,035256
normal;100.mat;48000;2633;0,0548542;-0,052154
normal;100.mat;48000;2634;0,0548750;-0,053197
normal;100.mat;48000;2635;0,0548958;-0,045895
normal;100.mat;48000;2636;0,0549167;-0,059455
normal;100.mat;48000;2637;0,0549375;-0,057786
normal;100.mat;48000;2638;0,0549583;-0,016272
normal;100.mat;48000;2639;0,0549792;0,038802
normal;100.mat;48000;2640;0,0550000;0,089705
normal;100.mat;48000;2641;0,0550208;0,087201
normal;100.mat;48000;2642;0,0550417;0,056952
normal;100.mat;48000;2643;0,0550625;0,033796
normal;100.mat;48000;2644;0,0550833;0,054449
normal;100.mat;48000;2645;0,0551042;0,121623
normal;100.mat;48000;2646;0,0551250;0,158339
normal;100.mat;48000;2647;0,0551458;0,150620
normal;100.mat;48000;2648;0,0551667;0,088662
normal;100.mat;48000;2649;0,0551875;0,037968
normal;100.mat;48000;2650;0,0552083;0,051111
normal;100.mat;48000;2651;0,0552292;0,068009
normal;100.mat;48000;2652;0,0552500;0,073015
normal;100.mat;48000;2653;0,0552708;0,040263
normal;100.mat;48000;2654;0,0552917;-0,005424
normal;100.mat;48000;2655;0,0553125;-0,009179
normal;100.mat;48000;2656;0,0553333;0,025868
normal;100.mat;48000;2657;0,0553542;0,069678
normal;100.mat;48000;2658;0,0553750;0,075727
normal;100.mat;48000;2659;0,0553958;0,031918
normal;100.mat;48000;2660;0,0554167;-0,016898
normal;100.mat;48000;2661;0,0554375;-0,005215
normal;100.mat;48000;2662;0,0554583;0,053197
normal;100.mat;48000;2663;0,0554792;0,108689
normal;100.mat;48000;2664;0,0555000;0,124543
normal;100.mat;48000;2665;0,0555208;0,097632
normal;100.mat;48000;2666;0,0555417;0,087827
normal;100.mat;48000;2667;0,0555625;0,103682
normal;100.mat;48000;2668;0,0555833;0,119328
normal;100.mat;48000;2669;0,0556042;0,106394
normal;100.mat;48000;2670;0,0556250;0,046104
normal;100.mat;48000;2671;0,0556458;-0,021279
normal;100.mat;48000;2672;0,0556667;-0,046521
normal;100.mat;48000;2673;0,0556875;-0,007510
normal;100.mat;48000;2674;0,0557083;0,069260
normal;100.mat;48000;2675;0,0557292;0,128716
normal;100.mat;48000;2676;0,0557500;0,135600
normal;100.mat;48000;2677;0,0557708;0,105142
normal;100.mat;48000;2678;0,0557917;0,078022
normal;100.mat;48000;2679;0,0558125;0,069678
normal;100.mat;48000;2680;0,0558333;0,052154
normal;100.mat;48000;2681;0,0558542;0,004381
normal;100.mat;48000;2682;0,0558750;-0,040054
normal;100.mat;48000;2683;0,0558958;-0,056952
normal;100.mat;48000;2684;0,0559167;-0,019193
normal;100.mat;48000;2685;0,0559375;0,061542
normal;100.mat;48000;2686;0,0559583;0,124335
normal;100.mat;48000;2687;0,0559792;0,134140
normal;100.mat;48000;2688;0,0560000;0,093251
normal;100.mat;48000;2689;0,0560208;0,066340
normal;100.mat;48000;2690;0,0560417;0,070303
normal;100.mat;48000;2691;0,0560625;0,082403
normal;100.mat;48000;2692;0,0560833;0,064254
normal;100.mat;48000;2693;0,0561042;0,003129
normal;100.mat;48000;2694;0,0561250;-0,046104
normal;100.mat;48000;2695;0,0561458;-0,051319
normal;100.mat;48000;2696;0,0561667;-0,006258
normal;100.mat;48000;2697;0,0561875;0,048607
normal;100.mat;48000;2698;0,0562083;0,059455
normal;100.mat;48000;2699;0,0562292;0,031918
normal;100.mat;48000;2700;0,0562500;0,007302
normal;100.mat;48000;2701;0,0562708;0,008345
normal;100.mat;48000;2702;0,0562917;0,038385
normal;100.mat;48000;2703;0,0563125;0,060498
normal;100.mat;48000;2704;0,0563333;0,032127
normal;100.mat;48000;2705;0,0563542;-0,043809
normal;100.mat;48000;2706;0,0563750;-0,100761
normal;100.mat;48000;2707;0,0563958;-0,086158
normal;100.mat;48000;2708;0,0564167;-0,026286
normal;100.mat;48000;2709;0,0564375;0,033378
normal;100.mat;48000;2710;0,0564583;0,050694
normal;100.mat;48000;2711;0,0564792;0,040263
normal;100.mat;48000;2712;0,0565000;0,026494
normal;100.mat;48000;2713;0,0565208;0,022113
normal;100.mat;48000;2714;0,0565417;0,019193
normal;100.mat;48000;2715;0,0565625;-0,027746
normal;100.mat;48000;2716;0,0565833;-0,110775
normal;100.mat;48000;2717;0,0566042;-0,177532
normal;100.mat;48000;2718;0,0566250;-0,187545
normal;100.mat;48000;2719;0,0566458;-0,139772
normal;100.mat;48000;2720;0,0566667;-0,083446
normal;100.mat;48000;2721;0,0566875;-0,052988
normal;100.mat;48000;2722;0,0567083;-0,055283
normal;100.mat;48000;2723;0,0567292;-0,069052
normal;100.mat;48000;2724;0,0567500;-0,049025
normal;100.mat;48000;2725;0,0567708;-0,027120
normal;100.mat;48000;2726;0,0567917;-0,044852
normal;100.mat;48000;2727;0,0568125;-0,103056
normal;100.mat;48000;2728;0,0568333;-0,166684
normal;100.mat;48000;2729;0,0568542;-0,161468
normal;100.mat;48000;2730;0,0568750;-0,088662
normal;100.mat;48000;2731;0,0568958;0,005007
normal;100.mat;48000;2732;0,0569167;0,062793
normal;100.mat;48000;2733;0,0569375;0,054657
normal;100.mat;48000;2734;0,0569583;0,014394
normal;100.mat;48000;2735;0,0569792;-0,009805
normal;100.mat;48000;2736;0,0570000;-0,004172
normal;100.mat;48000;2737;0,0570208;-0,018358
normal;100.mat;48000;2738;0,0570417;-0,071972
normal;100.mat;48000;2739;0,0570625;-0,156253
normal;100.mat;48000;2740;0,0570833;-0,214039
normal;100.mat;48000;2741;0,0571042;-0,177114
normal;100.mat;48000;2742;0,0571250;-0,071972
normal;100.mat;48000;2743;0,0571458;0,029623
normal;100.mat;48000;2744;0,0571667;0,078022
normal;100.mat;48000;2745;0,0571875;0,073433
normal;100.mat;48000;2746;0,0572083;0,056952
normal;100.mat;48000;2747;0,0572292;0,075727
normal;100.mat;48000;2748;0,0572500;0,104308
normal;100.mat;48000;2749;0,0572708;0,097423
normal;100.mat;48000;2750;0,0572917;0,041514
normal;100.mat;48000;2751;0,0573125;-0,043392
normal;100.mat;48000;2752;0,0573333;-0,091791
normal;100.mat;48000;2753;0,0573542;-0,076353
normal;100.mat;48000;2754;0,0573750;-0,026286
normal;100.mat;48000;2755;0,0573958;0,002503
normal;100.mat;48000;2756;0,0574167;-0,015020
normal;100.mat;48000;2757;0,0574375;-0,039428
normal;100.mat;48000;2758;0,0574583;-0,027954
normal;100.mat;48000;2759;0,0574792;0,026286
normal;100.mat;48000;2760;0,0575000;0,062167
normal;100.mat;48000;2761;0,0575208;0,024408
normal;100.mat;48000;2762;0,0575417;-0,038385
normal;100.mat;48000;2763;0,0575625;-0,073850
normal;100.mat;48000;2764;0,0575833;-0,048399
normal;100.mat;48000;2765;0,0576042;0,030249
normal;100.mat;48000;2766;0,0576250;0,092417
normal;100.mat;48000;2767;0,0576458;0,106602
normal;100.mat;48000;2768;0,0576667;0,064879
normal;100.mat;48000;2769;0,0576875;0,033796
normal;100.mat;48000;2770;0,0577083;0,051319
normal;100.mat;48000;2771;0,0577292;0,062585
normal;100.mat;48000;2772;0,0577500;0,039428
normal;100.mat;48000;2773;0,0577708;-0,035465
normal;100.mat;48000;2774;0,0577917;-0,092208
normal;100.mat;48000;2775;0,0578125;-0,072807
normal;100.mat;48000;2776;0,0578333;0,004172
normal;100.mat;48000;2777;0,0578542;0,085741
normal;100.mat;48000;2778;0,0578750;0,105977
normal;100.mat;48000;2779;0,0578958;0,074893
normal;100.mat;48000;2780;0,0579167;0,036716
normal;100.mat;48000;2781;0,0579375;0,032544
normal;100.mat;48000;2782;0,0579583;0,059664
normal;100.mat;48000;2783;0,0579792;0,072598
normal;100.mat;48000;2784;0,0580000;0,033587
normal;100.mat;48000;2785;0,0580208;-0,039428
normal;100.mat;48000;2786;0,0580417;-0,085532
normal;100.mat;48000;2787;0,0580625;-0,052780
normal;100.mat;48000;2788;0,0580833;0,043601
normal;100.mat;48000;2789;0,0581042;0,118285
normal;100.mat;48000;2790;0,0581250;0,126212
normal;100.mat;48000;2791;0,0581458;0,097423
normal;100.mat;48000;2792;0,0581667;0,083655
normal;100.mat;48000;2793;0,0581875;0,102639
normal;100.mat;48000;2794;0,0582083;0,122457
normal;100.mat;48000;2795;0,0582292;0,106811
normal;100.mat;48000;2796;0,0582500;0,053614
normal;100.mat;48000;2797;0,0582708;0,016689
normal;100.mat;48000;2798;0,0582917;0,043183
normal;100.mat;48000;2799;0,0583125;0,122874
normal;100.mat;48000;2800;0,0583333;0,191300
normal;100.mat;48000;2801;0,0583542;0,185668
normal;100.mat;48000;2802;0,0583750;0,128507
normal;100.mat;48000;2803;0,0583958;0,072807
normal;100.mat;48000;2804;0,0584167;0,065714
normal;100.mat;48000;2805;0,0584375;0,097632
normal;100.mat;48000;2806;0,0584583;0,096589
normal;100.mat;48000;2807;0,0584792;0,042975
normal;100.mat;48000;2808;0,0585000;-0,028163
normal;100.mat;48000;2809;0,0585208;-0,052154
normal;100.mat;48000;2810;0,0585417;-0,010014
normal;100.mat;48000;2811;0,0585625;0,047564
normal;100.mat;48000;2812;0,0585833;0,083863
normal;100.mat;48000;2813;0,0586042;0,065714
normal;100.mat;48000;2814;0,0586250;0,034004
normal;100.mat;48000;2815;0,0586458;0,036508
normal;100.mat;48000;2816;0,0586667;0,061542
normal;100.mat;48000;2817;0,0586875;0,082612
normal;100.mat;48000;2818;0,0587083;0,051319
normal;100.mat;48000;2819;0,0587292;-0,027329
normal;100.mat;48000;2820;0,0587500;-0,096172
normal;100.mat;48000;2821;0,0587708;-0,111609
normal;100.mat;48000;2822;0,0587917;-0,069052
normal;100.mat;48000;2823;0,0588125;-0,028998
normal;100.mat;48000;2824;0,0588333;-0,041306
normal;100.mat;48000;2825;0,0588542;-0,080317
normal;100.mat;48000;2826;0,0588750;-0,101178
normal;100.mat;48000;2827;0,0588958;-0,071555
normal;100.mat;48000;2828;0,0589167;-0,025451
normal;100.mat;48000;2829;0,0589375;-0,013769
normal;100.mat;48000;2830;0,0589583;-0,040263
normal;100.mat;48000;2831;0,0589792;-0,074476
normal;100.mat;48000;2832;0,0590000;-0,057995
normal;100.mat;48000;2833;0,0590208;0,006467
normal;100.mat;48000;2834;0,0590417;0,078857
normal;100.mat;48000;2835;0,0590625;0,083238
normal;100.mat;48000;2836;0,0590833;0,013977
normal;100.mat;48000;2837;0,0591042;-0,046521
normal;100.mat;48000;2838;0,0591250;-0,079900
normal;100.mat;48000;2839;0,0591458;-0,060916
normal;100.mat;48000;2840;0,0591667;-0,046938
normal;100.mat;48000;2841;0,0591875;-0,080108
normal;100.mat;48000;2842;0,0592083;-0,112652
normal;100.mat;48000;2843;0,0592292;-0,117033
normal;100.mat;48000;2844;0,0592500;-0,053823
normal;100.mat;48000;2845;0,0592708;0,033170
normal;100.mat;48000;2846;0,0592917;0,087201
normal;100.mat;48000;2847;0,0593125;0,079482
normal;100.mat;48000;2848;0,0593333;0,016481
normal;100.mat;48000;2849;0,0593542;-0,003129
normal;100.mat;48000;2850;0,0593750;0,050694
normal;100.mat;48000;2851;0,0593958;0,117868
normal;100.mat;48000;2852;0,0594167;0,128924
normal;100.mat;48000;2853;0,0594375;0,068009
normal;100.mat;48000;2854;0,0594583;-0,005841
normal;100.mat;48000;2855;0,0594792;-0,042975
normal;100.mat;48000;2856;0,0595000;-0,016898
normal;100.mat;48000;2857;0,0595208;0,016689
normal;100.mat;48000;2858;0,0595417;0,008345
normal;100.mat;48000;2859;0,0595625;-0,030249
normal;100.mat;48000;2860;0,0595833;-0,057995
normal;100.mat;48000;2861;0,0596042;-0,016481
normal;100.mat;48000;2862;0,0596250;0,048607
normal;100.mat;48000;2863;0,0596458;0,084698
normal;100.mat;48000;2864;0,0596667;0,065505
normal;100.mat;48000;2865;0,0596875;-0,006258
normal;100.mat;48000;2866;0,0597083;-0,043183
normal;100.mat;48000;2867;0,0597292;-0,023365
normal;100.mat;48000;2868;0,0597500;0,031501
normal;100.mat;48000;2869;0,0597708;0,071972
normal;100.mat;48000;2870;0,0597917;0,048607
normal;100.mat;48000;2871;0,0598125;0,009179
normal;100.mat;48000;2872;0,0598333;-0,004172
normal;100.mat;48000;2873;0,0598542;0,023365
normal;100.mat;48000;2874;0,0598750;0,043183
normal;100.mat;48000;2875;0,0598958;0,011265
normal;100.mat;48000;2876;0,0599167;-0,044435
normal;100.mat;48000;2877;0,0599375;-0,084072
normal;100.mat;48000;2878;0,0599583;-0,050485
normal;100.mat;48000;2879;0,0599792;0,029623
normal;100.mat;48000;2880;0,0600000;0,094294
normal;100.mat;48000;2881;0,0600208;0,106394
normal;100.mat;48000;2882;0,0600417;0,063002
normal;100.mat;48000;2883;0,0600625;0,028163
normal;100.mat;48000;2884;0,0600833;0,019818
normal;100.mat;48000;2885;0,0601042;0,025660
normal;100.mat;48000;2886;0,0601250;0,013351
normal;100.mat;48000;2887;0,0601458;-0,037968
normal;100.mat;48000;2888;0,0601667;-0,091791
normal;100.mat;48000;2889;0,0601875;-0,097423
normal;100.mat;48000;2890;0,0602083;-0,045895
normal;100.mat;48000;2891;0,0602292;0,016272
normal;100.mat;48000;2892;0,0602500;0,046730
normal;100.mat;48000;2893;0,0602708;0,032544
normal;100.mat;48000;2894;0,0602917;0,005215
normal;100.mat;48000;2895;0,0603125;0,003755
normal;100.mat;48000;2896;0,0603333;0,036508
normal;100.mat;48000;2897;0,0603542;0,063419
normal;100.mat;48000;2898;0,0603750;0,025868
normal;100.mat;48000;2899;0,0603958;-0,061959
normal;100.mat;48000;2900;0,0604167;-0,128090
normal;100.mat;48000;2901;0,0604375;-0,129342
normal;100.mat;48000;2902;0,0604583;-0,075936
normal;100.mat;48000;2903;0,0604792;-0,016272
normal;100.mat;48000;2904;0,0605000;0,001252
normal;100.mat;48000;2905;0,0605208;-0,020862
normal;100.mat;48000;2906;0,0605417;-0,025660
normal;100.mat;48000;2907;0,0605625;0,014812
normal;100.mat;48000;2908;0,0605833;0,058204
normal;100.mat;48000;2909;0,0606042;0,062167
normal;100.mat;48000;2910;0,0606250;0,016481
normal;100.mat;48000;2911;0,0606458;-0,037134
normal;100.mat;48000;2912;0,0606667;-0,042140
normal;100.mat;48000;2913;0,0606875;-0,001252
normal;100.mat;48000;2914;0,0607083;0,045895
normal;100.mat;48000;2915;0,0607292;0,069678
normal;100.mat;48000;2916;0,0607500;0,045270
normal;100.mat;48000;2917;0,0607708;0,017106
normal;100.mat;48000;2918;0,0607917;0,038385
normal;100.mat;48000;2919;0,0608125;0,078022
normal;100.mat;48000;2920;0,0608333;0,090122
normal;100.mat;48000;2921;0,0608542;0,040263
normal;100.mat;48000;2922;0,0608750;-0,020236
normal;100.mat;48000;2923;0,0608958;-0,035465
normal;100.mat;48000;2924;0,0609167;0,006884
normal;100.mat;48000;2925;0,0609375;0,082820
normal;100.mat;48000;2926;0,0609583;0,120371
normal;100.mat;48000;2927;0,0609792;0,111192
normal;100.mat;48000;2928;0,0610000;0,069052
normal;100.mat;48000;2929;0,0610208;0,036090
normal;100.mat;48000;2930;0,0610417;0,037759
normal;100.mat;48000;2931;0,0610625;0,046313
normal;100.mat;48000;2932;0,0610833;0,036299
normal;100.mat;48000;2933;0,0611042;0,007302
normal;100.mat;48000;2934;0,0611250;-0,012517
normal;100.mat;48000;2935;0,0611458;0,009805
normal;100.mat;48000;2936;0,0611667;0,079691
normal;100.mat;48000;2937;0,0611875;0,133305
normal;100.mat;48000;2938;0,0612083;0,150412
normal;100.mat;48000;2939;0,0612292;0,135391
normal;100.mat;48000;2940;0,0612500;0,115782
normal;100.mat;48000;2941;0,0612708;0,137269
normal;100.mat;48000;2942;0,0612917;0,171273
normal;100.mat;48000;2943;0,0613125;0,184833
normal;100.mat;48000;2944;0,0613333;0,147700
normal;100.mat;48000;2945;0,0613542;0,082612
normal;100.mat;48000;2946;0,0613750;0,040680
normal;100.mat;48000;2947;0,0613958;0,045270
normal;100.mat;48000;2948;0,0614167;0,077396
normal;100.mat;48000;2949;0,0614375;0,076979
normal;100.mat;48000;2950;0,0614583;0,049025
normal;100.mat;48000;2951;0,0614792;0,023574
normal;100.mat;48000;2952;0,0615000;0,040889
normal;100.mat;48000;2953;0,0615208;0,094711
normal;100.mat;48000;2954;0,0615417;0,125169
normal;100.mat;48000;2955;0,0615625;0,098675
normal;100.mat;48000;2956;0,0615833;0,026703
normal;100.mat;48000;2957;0,0616042;-0,037551
normal;100.mat;48000;2958;0,0616250;-0,063628
normal;100.mat;48000;2959;0,0616458;-0,053197
normal;100.mat;48000;2960;0,0616667;-0,046313
normal;100.mat;48000;2961;0,0616875;-0,071972
normal;100.mat;48000;2962;0,0617083;-0,109732
normal;100.mat;48000;2963;0,0617292;-0,124126
normal;100.mat;48000;2964;0,0617500;-0,091582
normal;100.mat;48000;2965;0,0617708;-0,044018
normal;100.mat;48000;2966;0,0617917;-0,040263
normal;100.mat;48000;2967;0,0618125;-0,068217
normal;100.mat;48000;2968;0,0618333;-0,096380
normal;100.mat;48000;2969;0,0618542;-0,091374
normal;100.mat;48000;2970;0,0618750;-0,036299
normal;100.mat;48000;2971;0,0618958;0,019818
normal;100.mat;48000;2972;0,0619167;0,030458
normal;100.mat;48000;2973;0,0619375;-0,026286
normal;100.mat;48000;2974;0,0619583;-0,094920
normal;100.mat;48000;2975;0,0619792;-0,133722
normal;100.mat;48000;2976;0,0620000;-0,141233
normal;100.mat;48000;2977;0,0620208;-0,140815
normal;100.mat;48000;2978;0,0620417;-0,167935
normal;100.mat;48000;2979;0,0620625;-0,180244
normal;100.mat;48000;2980;0,0620833;-0,159382
normal;100.mat;48000;2981;0,0621042;-0,095754
normal;100.mat;48000;2982;0,0621250;-0,010639
normal;100.mat;48000;2983;0,0621458;0,039428
normal;100.mat;48000;2984;0,0621667;0,024408
normal;100.mat;48000;2985;0,0621875;-0,036299
normal;100.mat;48000;2986;0,0622083;-0,067591
normal;100.mat;48000;2987;0,0622292;-0,059873
normal;100.mat;48000;2988;0,0622500;-0,027120
normal;100.mat;48000;2989;0,0622708;-0,002086
normal;100.mat;48000;2990;0,0622917;-0,008970
normal;100.mat;48000;2991;0,0623125;-0,004590
normal;100.mat;48000;2992;0,0623333;0,017524
normal;100.mat;48000;2993;0,0623542;0,041514
normal;100.mat;48000;2994;0,0623750;0,059038
normal;100.mat;48000;2995;0,0623958;0,033378
normal;100.mat;48000;2996;0,0624167;-0,022948
normal;100.mat;48000;2997;0,0624375;-0,052780
normal;100.mat;48000;2998;0,0624583;-0,032961
normal;100.mat;48000;2999;0,0624792;0,034213
normal;100.mat;48000;3000;0,0625000;0,079482
normal;100.mat;48000;3001;0,0625208;0,072807
normal;100.mat;48000;3002;0,0625417;0,048399
normal;100.mat;48000;3003;0,0625625;0,027329
normal;100.mat;48000;3004;0,0625833;0,046938
normal;100.mat;48000;3005;0,0626042;0,077605
normal;100.mat;48000;3006;0,0626250;0,084698
normal;100.mat;48000;3007;0,0626458;0,059455
normal;100.mat;48000;3008;0,0626667;0,015229
normal;100.mat;48000;3009;0,0626875;0,009805
normal;100.mat;48000;3010;0,0627083;0,040680
normal;100.mat;48000;3011;0,0627292;0,077814
normal;100.mat;48000;3012;0,0627500;0,089913
normal;100.mat;48000;3013;0,0627708;0,056118
normal;100.mat;48000;3014;0,0627917;0,020444
normal;100.mat;48000;3015;0,0628125;0,027120
normal;100.mat;48000;3016;0,0628333;0,063002
normal;100.mat;48000;3017;0,0628542;0,099092
normal;100.mat;48000;3018;0,0628750;0,100553
normal;100.mat;48000;3019;0,0628958;0,057161
normal;100.mat;48000;3020;0,0629167;0,016063
normal;100.mat;48000;3021;0,0629375;0,001252
normal;100.mat;48000;3022;0,0629583;0,003129
normal;100.mat;48000;3023;0,0629792;0,004798
normal;100.mat;48000;3024;0,0630000;-0,017524
normal;100.mat;48000;3025;0,0630208;-0,054240
normal;100.mat;48000;3026;0,0630417;-0,047982
normal;100.mat;48000;3027;0,0630625;0,004590
normal;100.mat;48000;3028;0,0630833;0,056743
normal;100.mat;48000;3029;0,0631042;0,066757
normal;100.mat;48000;3030;0,0631250;0,011265
normal;100.mat;48000;3031;0,0631458;-0,054240
normal;100.mat;48000;3032;0,0631667;-0,085741
normal;100.mat;48000;3033;0,0631875;-0,090539
normal;100.mat;48000;3034;0,0632083;-0,071138
normal;100.mat;48000;3035;0,0632292;-0,061959
normal;100.mat;48000;3036;0,0632500;-0,060498
normal;100.mat;48000;3037;0,0632708;-0,037342
normal;100.mat;48000;3038;0,0632917;-0,000209
normal;100.mat;48000;3039;0,0633125;0,047147
normal;100.mat;48000;3040;0,0633333;0,053197
normal;100.mat;48000;3041;0,0633542;0,007510
normal;100.mat;48000;3042;0,0633750;-0,043392
normal;100.mat;48000;3043;0,0633958;-0,063419
normal;100.mat;48000;3044;0,0634167;-0,027954
normal;100.mat;48000;3045;0,0634375;0,025034
normal;100.mat;48000;3046;0,0634583;0,066548
normal;100.mat;48000;3047;0,0634792;0,065922
normal;100.mat;48000;3048;0,0635000;0,037134
normal;100.mat;48000;3049;0,0635208;0,032335
normal;100.mat;48000;3050;0,0635417;0,042349
normal;100.mat;48000;3051;0,0635625;0,047564
normal;100.mat;48000;3052;0,0635833;0,026703
normal;100.mat;48000;3053;0,0636042;-0,012934
normal;100.mat;48000;3054;0,0636250;-0,035465
normal;100.mat;48000;3055;0,0636458;-0,015020
normal;100.mat;48000;3056;0,0636667;0,032544
normal;100.mat;48000;3057;0,0636875;0,061542
normal;100.mat;48000;3058;0,0637083;0,049025
normal;100.mat;48000;3059;0,0637292;0,003129
normal;100.mat;48000;3060;0,0637500;-0,026286
normal;100.mat;48000;3061;0,0637708;-0,003964
normal;100.mat;48000;3062;0,0637917;0,034213
normal;100.mat;48000;3063;0,0638125;0,045895
normal;100.mat;48000;3064;0,0638333;0,031501
normal;100.mat;48000;3065;0,0638542;0,006676
normal;100.mat;48000;3066;0,0638750;-0,001669
normal;100.mat;48000;3067;0,0638958;0,021279
normal;100.mat;48000;3068;0,0639167;0,059455
normal;100.mat;48000;3069;0,0639375;0,074267
normal;100.mat;48000;3070;0,0639583;0,047564
normal;100.mat;48000;3071;0,0639792;0,021696
normal;100.mat;48000;3072;0,0640000;0,029206
normal;100.mat;48000;3073;0,0640208;0,060916
normal;100.mat;48000;3074;0,0640417;0,078857
normal;100.mat;48000;3075;0,0640625;0,049025
normal;100.mat;48000;3076;0,0640833;-0,004798
normal;100.mat;48000;3077;0,0641042;-0,048399
normal;100.mat;48000;3078;0,0641250;-0,046730
normal;100.mat;48000;3079;0,0641458;-0,009388
normal;100.mat;48000;3080;0,0641667;0,027120
normal;100.mat;48000;3081;0,0641875;0,061124
normal;100.mat;48000;3082;0,0642083;0,081777
normal;100.mat;48000;3083;0,0642292;0,115782
normal;100.mat;48000;3084;0,0642500;0,153750
normal;100.mat;48000;3085;0,0642708;0,161677
normal;100.mat;48000;3086;0,0642917;0,118076
normal;100.mat;48000;3087;0,0643125;0,009596
normal;100.mat;48000;3088;0,0643333;-0,070303
normal;100.mat;48000;3089;0,0643542;-0,086784
normal;100.mat;48000;3090;0,0643750;-0,047982
normal;100.mat;48000;3091;0,0643958;0,021070
normal;100.mat;48000;3092;0,0644167;0,053197
normal;100.mat;48000;3093;0,0644375;0,063002
normal;100.mat;48000;3094;0,0644583;0,051528
normal;100.mat;48000;3095;0,0644792;0,051528
normal;100.mat;48000;3096;0,0645000;0,089913
normal;100.mat;48000;3097;0,0645208;0,093668
normal;100.mat;48000;3098;0,0645417;0,038385
normal;100.mat;48000;3099;0,0645625;-0,036925
normal;100.mat;48000;3100;0,0645833;-0,063419
normal;100.mat;48000;3101;0,0646042;-0,022739
normal;100.mat;48000;3102;0,0646250;0,039428
normal;100.mat;48000;3103;0,0646458;0,082403
normal;100.mat;48000;3104;0,0646667;0,065297
normal;100.mat;48000;3105;0,0646875;0,024199
normal;100.mat;48000;3106;0,0647083;0,005841
normal;100.mat;48000;3107;0,0647292;0,012934
normal;100.mat;48000;3108;0,0647500;0,024825
normal;100.mat;48000;3109;0,0647708;0,002503
normal;100.mat;48000;3110;0,0647917;-0,027954
normal;100.mat;48000;3111;0,0648125;-0,047147
normal;100.mat;48000;3112;0,0648333;-0,022948
normal;100.mat;48000;3113;0,0648542;0,047982
normal;100.mat;48000;3114;0,0648750;0,083029
normal;100.mat;48000;3115;0,0648958;0,061542
normal;100.mat;48000;3116;0,0649167;-0,014394
normal;100.mat;48000;3117;0,0649375;-0,074267
normal;100.mat;48000;3118;0,0649583;-0,083029
normal;100.mat;48000;3119;0,0649792;-0,088036
normal;100.mat;48000;3120;0,0650000;-0,065922
normal;100.mat;48000;3121;0,0650208;-0,070512
normal;100.mat;48000;3122;0,0650417;-0,106811
normal;100.mat;48000;3123;0,0650625;-0,105977
normal;100.mat;48000;3124;0,0650833;-0,052988
normal;100.mat;48000;3125;0,0651042;0,038802
normal;100.mat;48000;3126;0,0651250;0,072807
normal;100.mat;48000;3127;0,0651458;0,032961
normal;100.mat;48000;3128;0,0651667;-0,002503
normal;100.mat;48000;3129;0,0651875;0,005007
normal;100.mat;48000;3130;0,0652083;0,055909
normal;100.mat;48000;3131;0,0652292;0,081986
normal;100.mat;48000;3132;0,0652500;0,048399
normal;100.mat;48000;3133;0,0652708;-0,028580
normal;100.mat;48000;3134;0,0652917;-0,099718
normal;100.mat;48000;3135;0,0653125;-0,095129
normal;100.mat;48000;3136;0,0653333;-0,044435
normal;100.mat;48000;3137;0,0653542;0,031084
normal;100.mat;48000;3138;0,0653750;0,087827
normal;100.mat;48000;3139;0,0653958;0,094711
normal;100.mat;48000;3140;0,0654167;0,106185
normal;100.mat;48000;3141;0,0654375;0,120580
normal;100.mat;48000;3142;0,0654583;0,150203
normal;100.mat;48000;3143;0,0654792;0,134348
normal;100.mat;48000;3144;0,0655000;0,068217
normal;100.mat;48000;3145;0,0655208;0,012934
normal;100.mat;48000;3146;0,0655417;-0,011474
normal;100.mat;48000;3147;0,0655625;0,043809
normal;100.mat;48000;3148;0,0655833;0,098258
normal;100.mat;48000;3149;0,0656042;0,123292
normal;100.mat;48000;3150;0,0656250;0,097632
normal;100.mat;48000;3151;0,0656458;0,041097
normal;100.mat;48000;3152;0,0656667;0,052362
normal;100.mat;48000;3153;0,0656875;0,077396
normal;100.mat;48000;3154;0,0657083;0,070929
normal;100.mat;48000;3155;0,0657292;0,007302
normal;100.mat;48000;3156;0,0657500;-0,069469
normal;100.mat;48000;3157;0,0657708;-0,088662
normal;100.mat;48000;3158;0,0657917;-0,050902
normal;100.mat;48000;3159;0,0658125;0,035673
normal;100.mat;48000;3160;0,0658333;0,098675
normal;100.mat;48000;3161;0,0658542;0,087618
normal;100.mat;48000;3162;0,0658750;0,034422
normal;100.mat;48000;3163;0,0658958;-0,000626
normal;100.mat;48000;3164;0,0659167;0,017106
normal;100.mat;48000;3165;0,0659375;0,039220
normal;100.mat;48000;3166;0,0659583;0,030041
normal;100.mat;48000;3167;0,0659792;-0,013560
normal;100.mat;48000;3168;0,0660000;-0,056326
normal;100.mat;48000;3169;0,0660208;-0,040680
normal;100.mat;48000;3170;0,0660417;0,013351
normal;100.mat;48000;3171;0,0660625;0,072598
normal;100.mat;48000;3172;0,0660833;0,084698
normal;100.mat;48000;3173;0,0661042;0,046730
normal;100.mat;48000;3174;0,0661250;0,009596
normal;100.mat;48000;3175;0,0661458;0,017732
normal;100.mat;48000;3176;0,0661667;0,076979
normal;100.mat;48000;3177;0,0661875;0,097215
normal;100.mat;48000;3178;0,0662083;0,058412
normal;100.mat;48000;3179;0,0662292;-0,011474
normal;100.mat;48000;3180;0,0662500;-0,044852
normal;100.mat;48000;3181;0,0662708;-0,006467
normal;100.mat;48000;3182;0,0662917;0,046730
normal;100.mat;48000;3183;0,0663125;0,091165
normal;100.mat;48000;3184;0,0663333;0,082820
normal;100.mat;48000;3185;0,0663542;0,051111
normal;100.mat;48000;3186;0,0663750;0,039846
normal;100.mat;48000;3187;0,0663958;0,044644
normal;100.mat;48000;3188;0,0664167;0,055074
normal;100.mat;48000;3189;0,0664375;0,010014
normal;100.mat;48000;3190;0,0664583;-0,071764
normal;100.mat;48000;3191;0,0664792;-0,128090
normal;100.mat;48000;3192;0,0665000;-0,113278
normal;100.mat;48000;3193;0,0665208;-0,034839
normal;100.mat;48000;3194;0,0665417;0,039220
normal;100.mat;48000;3195;0,0665625;0,071764
normal;100.mat;48000;3196;0,0665833;0,051319
normal;100.mat;48000;3197;0,0666042;0,023365
normal;100.mat;48000;3198;0,0666250;0,035673
normal;100.mat;48000;3199;0,0666458;0,056535
normal;100.mat;48000;3200;0,0666667;0,054031
normal;100.mat;48000;3201;0,0666875;0,010431
normal;100.mat;48000;3202;0,0667083;-0,051528
normal;100.mat;48000;3203;0,0667292;-0,066340
normal;100.mat;48000;3204;0,0667500;-0,012308
normal;100.mat;48000;3205;0,0667708;0,093460
normal;100.mat;48000;3206;0,0667917;0,144153
normal;100.mat;48000;3207;0,0668125;0,112861
normal;100.mat;48000;3208;0,0668333;0,079691
normal;100.mat;48000;3209;0,0668542;0,053823
normal;100.mat;48000;3210;0,0668750;0,069052
normal;100.mat;48000;3211;0,0668958;0,088244
normal;100.mat;48000;3212;0,0669167;0,073224
normal;100.mat;48000;3213;0,0669375;0,031918
normal;100.mat;48000;3214;0,0669583;0,001043
normal;100.mat;48000;3215;0,0669792;0,052154
normal;100.mat;48000;3216;0,0670000;0,117450
normal;100.mat;48000;3217;0,0670208;0,139772
normal;100.mat;48000;3218;0,0670417;0,102222
normal;100.mat;48000;3219;0,0670625;0,027954
normal;100.mat;48000;3220;0,0670833;-0,015646
normal;100.mat;48000;3221;0,0671042;-0,011891
normal;100.mat;48000;3222;0,0671250;0,013143
normal;100.mat;48000;3223;0,0671458;-0,017106
normal;100.mat;48000;3224;0,0671667;-0,095129
normal;100.mat;48000;3225;0,0671875;-0,157087
normal;100.mat;48000;3226;0,0672083;-0,157087
normal;100.mat;48000;3227;0,0672292;-0,086575
normal;100.mat;48000;3228;0,0672500;-0,006676
normal;100.mat;48000;3229;0,0672708;0,032544
normal;100.mat;48000;3230;0,0672917;0,023365
normal;100.mat;48000;3231;0,0673125;-0,010222
normal;100.mat;48000;3232;0,0673333;-0,010848
normal;100.mat;48000;3233;0,0673542;0,020653
normal;100.mat;48000;3234;0,0673750;0,021279
normal;100.mat;48000;3235;0,0673958;-0,025868
normal;100.mat;48000;3236;0,0674167;-0,115573
normal;100.mat;48000;3237;0,0674375;-0,157713
normal;100.mat;48000;3238;0,0674583;-0,121206
normal;100.mat;48000;3239;0,0674792;-0,050068
normal;100.mat;48000;3240;0,0675000;0,012100
normal;100.mat;48000;3241;0,0675208;-0,023365
normal;100.mat;48000;3242;0,0675417;-0,084906
normal;100.mat;48000;3243;0,0675625;-0,097215
normal;100.mat;48000;3244;0,0675833;-0,062585
normal;100.mat;48000;3245;0,0676042;-0,014394
normal;100.mat;48000;3246;0,0676250;-0,025868
normal;100.mat;48000;3247;0,0676458;-0,079900
normal;100.mat;48000;3248;0,0676667;-0,124752
normal;100.mat;48000;3249;0,0676875;-0,101178
normal;100.mat;48000;3250;0,0677083;-0,006050
normal;100.mat;48000;3251;0,0677292;0,097006
normal;100.mat;48000;3252;0,0677500;0,129967
normal;100.mat;48000;3253;0,0677708;0,078648
normal;100.mat;48000;3254;0,0677917;0,027954
normal;100.mat;48000;3255;0,0678125;0,003546
normal;100.mat;48000;3256;0,0678333;-0,009179
normal;100.mat;48000;3257;0,0678542;-0,031918
normal;100.mat;48000;3258;0,0678750;-0,107646
normal;100.mat;48000;3259;0,0678958;-0,166475
normal;100.mat;48000;3260;0,0679167;-0,166266
normal;100.mat;48000;3261;0,0679375;-0,110358
normal;100.mat;48000;3262;0,0679583;-0,013977
normal;100.mat;48000;3263;0,0679792;0,032335
normal;100.mat;48000;3264;0,0680000;0,029415
normal;100.mat;48000;3265;0,0680208;-0,015646
normal;100.mat;48000;3266;0,0680417;-0,037759
normal;100.mat;48000;3267;0,0680625;0,012726
normal;100.mat;48000;3268;0,0680833;0,066548
normal;100.mat;48000;3269;0,0681042;0,074058
normal;100.mat;48000;3270;0,0681250;0,024199
normal;100.mat;48000;3271;0,0681458;-0,015646
normal;100.mat;48000;3272;0,0681667;-0,005215
normal;100.mat;48000;3273;0,0681875;0,036508
normal;100.mat;48000;3274;0,0682083;0,068843
normal;100.mat;48000;3275;0,0682292;0,055074
normal;100.mat;48000;3276;0,0682500;0,002921
normal;100.mat;48000;3277;0,0682708;-0,042975
normal;100.mat;48000;3278;0,0682917;-0,036090
normal;100.mat;48000;3279;0,0683125;0,010014
normal;100.mat;48000;3280;0,0683333;0,022948
normal;100.mat;48000;3281;0,0683542;-0,016689
normal;100.mat;48000;3282;0,0683750;-0,070512
normal;100.mat;48000;3283;0,0683958;-0,082612
normal;100.mat;48000;3284;0,0684167;-0,025451
normal;100.mat;48000;3285;0,0684375;0,056118
normal;100.mat;48000;3286;0,0684583;0,104516
normal;100.mat;48000;3287;0,0684792;0,076770
normal;100.mat;48000;3288;0,0685000;0,026911
normal;100.mat;48000;3289;0,0685208;0,025242
normal;100.mat;48000;3290;0,0685417;0,047147
normal;100.mat;48000;3291;0,0685625;0,048607
normal;100.mat;48000;3292;0,0685833;0,008970
normal;100.mat;48000;3293;0,0686042;-0,066757
normal;100.mat;48000;3294;0,0686250;-0,132471
normal;100.mat;48000;3295;0,0686458;-0,129342
normal;100.mat;48000;3296;0,0686667;-0,078648
normal;100.mat;48000;3297;0,0686875;-0,040680
normal;100.mat;48000;3298;0,0687083;-0,042766
normal;100.mat;48000;3299;0,0687292;-0,060290
normal;100.mat;48000;3300;0,0687500;-0,058621
normal;100.mat;48000;3301;0,0687708;-0,025868
normal;100.mat;48000;3302;0,0687917;0,016898
normal;100.mat;48000;3303;0,0688125;0,018984
normal;100.mat;48000;3304;0,0688333;-0,015229
normal;100.mat;48000;3305;0,0688542;-0,045687
normal;100.mat;48000;3306;0,0688750;-0,035465
normal;100.mat;48000;3307;0,0688958;0,017315
normal;100.mat;48000;3308;0,0689167;0,067383
normal;100.mat;48000;3309;0,0689375;0,077396
normal;100.mat;48000;3310;0,0689583;0,044852
normal;100.mat;48000;3311;0,0689792;0,013560
normal;100.mat;48000;3312;0,0690000;0,019818
normal;100.mat;48000;3313;0,0690208;0,044018
normal;100.mat;48000;3314;0,0690417;0,059664
normal;100.mat;48000;3315;0,0690625;0,049025
normal;100.mat;48000;3316;0,0690833;0,012100
normal;100.mat;48000;3317;0,0691042;-0,009179
normal;100.mat;48000;3318;0,0691250;0,010848
normal;100.mat;48000;3319;0,0691458;0,059664
normal;100.mat;48000;3320;0,0691667;0,085324
normal;100.mat;48000;3321;0,0691875;0,058621
normal;100.mat;48000;3322;0,0692083;0,028580
normal;100.mat;48000;3323;0,0692292;0,020027
normal;100.mat;48000;3324;0,0692500;0,050068
normal;100.mat;48000;3325;0,0692708;0,094920
normal;100.mat;48000;3326;0,0692917;0,094711
normal;100.mat;48000;3327;0,0693125;0,051528
normal;100.mat;48000;3328;0,0693333;-0,015020
normal;100.mat;48000;3329;0,0693542;-0,035465
normal;100.mat;48000;3330;0,0693750;-0,001878
normal;100.mat;48000;3331;0,0693958;0,038385
normal;100.mat;48000;3332;0,0694167;0,040054
normal;100.mat;48000;3333;0,0694375;0,000000
normal;100.mat;48000;3334;0,0694583;-0,012517
normal;100.mat;48000;3335;0,0694792;0,008762
normal;100.mat;48000;3336;0,0695000;0,042975
normal;100.mat;48000;3337;0,0695208;0,039846
normal;100.mat;48000;3338;0,0695417;-0,020444
normal;100.mat;48000;3339;0,0695625;-0,063002
normal;100.mat;48000;3340;0,0695833;-0,066340
normal;100.mat;48000;3341;0,0696042;-0,014603
normal;100.mat;48000;3342;0,0696250;0,062167
normal;100.mat;48000;3343;0,0696458;0,079691
normal;100.mat;48000;3344;0,0696667;0,063836
normal;100.mat;48000;3345;0,0696875;0,034004
normal;100.mat;48000;3346;0,0697083;0,040054
normal;100.mat;48000;3347;0,0697292;0,085324
normal;100.mat;48000;3348;0,0697500;0,104934
normal;100.mat;48000;3349;0,0697708;0,093877
normal;100.mat;48000;3350;0,0697917;0,048190
normal;100.mat;48000;3351;0,0698125;0,028163
normal;100.mat;48000;3352;0,0698333;0,034213
normal;100.mat;48000;3353;0,0698542;0,056743
normal;100.mat;48000;3354;0,0698750;0,073433
normal;100.mat;48000;3355;0,0698958;0,034213
normal;100.mat;48000;3356;0,0699167;-0,000417
normal;100.mat;48000;3357;0,0699375;-0,019610
normal;100.mat;48000;3358;0,0699583;-0,003755
normal;100.mat;48000;3359;0,0699792;0,047356
normal;100.mat;48000;3360;0,0700000;0,068217
normal;100.mat;48000;3361;0,0700208;0,052154
normal;100.mat;48000;3362;0,0700417;0,008345
normal;100.mat;48000;3363;0,0700625;-0,014812
normal;100.mat;48000;3364;0,0700833;0,000000
normal;100.mat;48000;3365;0,0701042;0,011682
normal;100.mat;48000;3366;0,0701250;-0,002086
normal;100.mat;48000;3367;0,0701458;-0,050068
normal;100.mat;48000;3368;0,0701667;-0,065505
normal;100.mat;48000;3369;0,0701875;-0,026703
normal;100.mat;48000;3370;0,0702083;0,027954
normal;100.mat;48000;3371;0,0702292;0,063002
normal;100.mat;48000;3372;0,0702500;0,025034
normal;100.mat;48000;3373;0,0702708;-0,022322
normal;100.mat;48000;3374;0,0702917;-0,041097
normal;100.mat;48000;3375;0,0703125;-0,023991
normal;100.mat;48000;3376;0,0703333;0,038802
normal;100.mat;48000;3377;0,0703542;0,071555
normal;100.mat;48000;3378;0,0703750;0,055283
normal;100.mat;48000;3379;0,0703958;0,010848
normal;100.mat;48000;3380;0,0704167;-0,011265
normal;100.mat;48000;3381;0,0704375;0,016063
normal;100.mat;48000;3382;0,0704583;0,044018
normal;100.mat;48000;3383;0,0704792;0,039428
normal;100.mat;48000;3384;0,0705000;0,003338
normal;100.mat;48000;3385;0,0705208;-0,012726
normal;100.mat;48000;3386;0,0705417;0,015855
normal;100.mat;48000;3387;0,0705625;0,044852
normal;100.mat;48000;3388;0,0705833;0,074267
normal;100.mat;48000;3389;0,0706042;0,067591
normal;100.mat;48000;3390;0,0706250;0,006258
normal;100.mat;48000;3391;0,0706458;-0,042766
normal;100.mat;48000;3392;0,0706667;-0,050902
normal;100.mat;48000;3393;0,0706875;-0,014186
normal;100.mat;48000;3394;0,0707083;0,015646
normal;100.mat;48000;3395;0,0707292;0,008762
normal;100.mat;48000;3396;0,0707500;-0,010014
normal;100.mat;48000;3397;0,0707708;-0,012100
normal;100.mat;48000;3398;0,0707917;0,022113
normal;100.mat;48000;3399;0,0708125;0,048607
normal;100.mat;48000;3400;0,0708333;0,041723
normal;100.mat;48000;3401;0,0708542;-0,002503
normal;100.mat;48000;3402;0,0708750;-0,047773
normal;100.mat;48000;3403;0,0708958;-0,043392
normal;100.mat;48000;3404;0,0709167;-0,003755
normal;100.mat;48000;3405;0,0709375;0,049859
normal;100.mat;48000;3406;0,0709583;0,074893
normal;100.mat;48000;3407;0,0709792;0,061333
normal;100.mat;48000;3408;0,0710000;0,048816
normal;100.mat;48000;3409;0,0710208;0,068217
normal;100.mat;48000;3410;0,0710417;0,103473
normal;100.mat;48000;3411;0,0710625;0,105142
normal;100.mat;48000;3412;0,0710833;0,061542
normal;100.mat;48000;3413;0,0711042;0,001460
normal;100.mat;48000;3414;0,0711250;-0,013769
normal;100.mat;48000;3415;0,0711458;0,013977
normal;100.mat;48000;3416;0,0711667;0,058830
normal;100.mat;48000;3417;0,0711875;0,083863
normal;100.mat;48000;3418;0,0712083;0,068634
normal;100.mat;48000;3419;0,0712292;0,045478
normal;100.mat;48000;3420;0,0712500;0,026494
normal;100.mat;48000;3421;0,0712708;0,040680
normal;100.mat;48000;3422;0,0712917;0,055700
normal;100.mat;48000;3423;0,0713125;0,040889
normal;100.mat;48000;3424;0,0713333;0,000209
normal;100.mat;48000;3425;0,0713542;-0,053614
normal;100.mat;48000;3426;0,0713750;-0,046104
normal;100.mat;48000;3427;0,0713958;-0,005841
normal;100.mat;48000;3428;0,0714167;0,014394
normal;100.mat;48000;3429;0,0714375;0,010639
normal;100.mat;48000;3430;0,0714583;-0,031292
normal;100.mat;48000;3431;0,0714792;-0,045270
normal;100.mat;48000;3432;0,0715000;-0,018984
normal;100.mat;48000;3433;0,0715208;0,020653
normal;100.mat;48000;3434;0,0715417;0,050276
normal;100.mat;48000;3435;0,0715625;0,019610
normal;100.mat;48000;3436;0,0715833;-0,032544
normal;100.mat;48000;3437;0,0716042;-0,075727
normal;100.mat;48000;3438;0,0716250;-0,074476
normal;100.mat;48000;3439;0,0716458;-0,055283
normal;100.mat;48000;3440;0,0716667;-0,052362
normal;100.mat;48000;3441;0,0716875;-0,040263
normal;100.mat;48000;3442;0,0717083;-0,033796
normal;100.mat;48000;3443;0,0717292;0,021696
normal;100.mat;48000;3444;0,0717500;0,092625
normal;100.mat;48000;3445;0,0717708;0,140398
normal;100.mat;48000;3446;0,0717917;0,156670
normal;100.mat;48000;3447;0,0718125;0,097215
normal;100.mat;48000;3448;0,0718333;0,054657
normal;100.mat;48000;3449;0,0718542;0,041097
normal;100.mat;48000;3450;0,0718750;0,040680
normal;100.mat;48000;3451;0,0718958;0,060916
normal;100.mat;48000;3452;0,0719167;0,050485
normal;100.mat;48000;3453;0,0719375;0,035673
normal;100.mat;48000;3454;0,0719583;0,037759
normal;100.mat;48000;3455;0,0719792;0,085741
normal;100.mat;48000;3456;0,0720000;0,140815
normal;100.mat;48000;3457;0,0720208;0,126212
normal;100.mat;48000;3458;0,0720417;0,073224
normal;100.mat;48000;3459;0,0720625;0,015229
normal;100.mat;48000;3460;0,0720833;0,000417
normal;100.mat;48000;3461;0,0721042;0,036716
normal;100.mat;48000;3462;0,0721250;0,089705
normal;100.mat;48000;3463;0,0721458;0,141441
normal;100.mat;48000;3464;0,0721667;0,142902
normal;100.mat;48000;3465;0,0721875;0,121831
normal;100.mat;48000;3466;0,0722083;0,115990
normal;100.mat;48000;3467;0,0722292;0,118285
normal;100.mat;48000;3468;0,0722500;0,112652
normal;100.mat;48000;3469;0,0722708;0,057369
normal;100.mat;48000;3470;0,0722917;-0,009179
normal;100.mat;48000;3471;0,0723125;-0,046104
normal;100.mat;48000;3472;0,0723333;-0,021905
normal;100.mat;48000;3473;0,0723542;0,030458
normal;100.mat;48000;3474;0,0723750;0,037342
normal;100.mat;48000;3475;0,0723958;0,027954
normal;100.mat;48000;3476;0,0724167;0,007302
normal;100.mat;48000;3477;0,0724375;-0,008762
normal;100.mat;48000;3478;0,0724583;0,015020
normal;100.mat;48000;3479;0,0724792;0,048399
normal;100.mat;48000;3480;0,0725000;0,062376
normal;100.mat;48000;3481;0,0725208;0,031501
normal;100.mat;48000;3482;0,0725417;-0,002086
normal;100.mat;48000;3483;0,0725625;0,009596
normal;100.mat;48000;3484;0,0725833;0,037551
normal;100.mat;48000;3485;0,0726042;0,066548
normal;100.mat;48000;3486;0,0726250;0,049233
normal;100.mat;48000;3487;0,0726458;0,011891
normal;100.mat;48000;3488;0,0726667;0,005215
normal;100.mat;48000;3489;0,0726875;0,007302
normal;100.mat;48000;3490;0,0727083;0,034630
normal;100.mat;48000;3491;0,0727292;0,048399
normal;100.mat;48000;3492;0,0727500;0,010848
normal;100.mat;48000;3493;0,0727708;-0,074684
normal;100.mat;48000;3494;0,0727917;-0,150412
normal;100.mat;48000;3495;0,0728125;-0,148534
normal;100.mat;48000;3496;0,0728333;-0,112652
normal;100.mat;48000;3497;0,0728542;-0,089913
normal;100.mat;48000;3498;0,0728750;-0,099718
normal;100.mat;48000;3499;0,0728958;-0,104516
normal;100.mat;48000;3500;0,0729167;-0,075727
normal;100.mat;48000;3501;0,0729375;-0,029206
normal;100.mat;48000;3502;0,0729583;0,009179
normal;100.mat;48000;3503;0,0729792;-0,024199
normal;100.mat;48000;3504;0,0730000;-0,105142
normal;100.mat;48000;3505;0,0730208;-0,169604
normal;100.mat;48000;3506;0,0730417;-0,188171
normal;100.mat;48000;3507;0,0730625;-0,142276
normal;100.mat;48000;3508;0,0730833;-0,078439
normal;100.mat;48000;3509;0,0731042;-0,041514
normal;100.mat;48000;3510;0,0731250;-0,039220
normal;100.mat;48000;3511;0,0731458;-0,039846
normal;100.mat;48000;3512;0,0731667;-0,016689
normal;100.mat;48000;3513;0,0731875;0,016272
normal;100.mat;48000;3514;0,0732083;0,025451
normal;100.mat;48000;3515;0,0732292;-0,019401
normal;100.mat;48000;3516;0,0732500;-0,077188
normal;100.mat;48000;3517;0,0732708;-0,092834
normal;100.mat;48000;3518;0,0732917;-0,043809
normal;100.mat;48000;3519;0,0733125;0,023991
normal;100.mat;48000;3520;0,0733333;0,054866
normal;100.mat;48000;3521;0,0733542;0,059247
normal;100.mat;48000;3522;0,0733750;0,032753
normal;100.mat;48000;3523;0,0733958;0,025660
normal;100.mat;48000;3524;0,0734167;0,065088
normal;100.mat;48000;3525;0,0734375;0,089913
normal;100.mat;48000;3526;0,0734583;0,066548
normal;100.mat;48000;3527;0,0734792;-0,000417
normal;100.mat;48000;3528;0,0735000;-0,032335
normal;100.mat;48000;3529;0,0735208;0,003546
normal;100.mat;48000;3530;0,0735417;0,060290
normal;100.mat;48000;3531;0,0735625;0,093251
normal;100.mat;48000;3532;0,0735833;0,067174
normal;100.mat;48000;3533;0,0736042;0,008553
normal;100.mat;48000;3534;0,0736250;-0,026911
normal;100.mat;48000;3535;0,0736458;-0,021696
normal;100.mat;48000;3536;0,0736667;-0,004381
normal;100.mat;48000;3537;0,0736875;-0,010431
normal;100.mat;48000;3538;0,0737083;-0,052988
normal;100.mat;48000;3539;0,0737292;-0,100761
normal;100.mat;48000;3540;0,0737500;-0,095129
normal;100.mat;48000;3541;0,0737708;-0,039220
normal;100.mat;48000;3542;0,0737917;0,027954
normal;100.mat;48000;3543;0,0738125;0,064254
normal;100.mat;48000;3544;0,0738333;0,047147
normal;100.mat;48000;3545;0,0738542;0,027120
normal;100.mat;48000;3546;0,0738750;0,041097
normal;100.mat;48000;3547;0,0738958;0,091791
normal;100.mat;48000;3548;0,0739167;0,124335
normal;100.mat;48000;3549;0,0739375;0,090748
normal;100.mat;48000;3550;0,0739583;0,026703
normal;100.mat;48000;3551;0,0739792;-0,036508
normal;100.mat;48000;3552;0,0740000;-0,031710
normal;100.mat;48000;3553;0,0740208;0,028163
normal;100.mat;48000;3554;0,0740417;0,078648
normal;100.mat;48000;3555;0,0740625;0,106185
normal;100.mat;48000;3556;0,0740833;0,096172
normal;100.mat;48000;3557;0,0741042;0,095337
normal;100.mat;48000;3558;0,0741250;0,125586
normal;100.mat;48000;3559;0,0741458;0,142902
normal;100.mat;48000;3560;0,0741667;0,118285
normal;100.mat;48000;3561;0,0741875;0,043809
normal;100.mat;48000;3562;0,0742083;-0,022530
normal;100.mat;48000;3563;0,0742292;-0,012100
normal;100.mat;48000;3564;0,0742500;0,039846
normal;100.mat;48000;3565;0,0742708;0,088036
normal;100.mat;48000;3566;0,0742917;0,097423
normal;100.mat;48000;3567;0,0743125;0,062585
normal;100.mat;48000;3568;0,0743333;0,027746
normal;100.mat;48000;3569;0,0743542;0,011891
normal;100.mat;48000;3570;0,0743750;0,014186
normal;100.mat;48000;3571;0,0743958;-0,005841
normal;100.mat;48000;3572;0,0744167;-0,068634
normal;100.mat;48000;3573;0,0744375;-0,128507
normal;100.mat;48000;3574;0,0744583;-0,144153
normal;100.mat;48000;3575;0,0744792;-0,094086
normal;100.mat;48000;3576;0,0745000;-0,019401
normal;100.mat;48000;3577;0,0745208;0,015855
normal;100.mat;48000;3578;0,0745417;0,005841
normal;100.mat;48000;3579;0,0745625;-0,033378
normal;100.mat;48000;3580;0,0745833;-0,046730
normal;100.mat;48000;3581;0,0746042;-0,024199
normal;100.mat;48000;3582;0,0746250;-0,012308
normal;100.mat;48000;3583;0,0746458;-0,032753
normal;100.mat;48000;3584;0,0746667;-0,084281
normal;100.mat;48000;3585;0,0746875;-0,098466
normal;100.mat;48000;3586;0,0747083;-0,052362
normal;100.mat;48000;3587;0,0747292;0,033796
normal;100.mat;48000;3588;0,0747500;0,113695
normal;100.mat;48000;3589;0,0747708;0,115364
normal;100.mat;48000;3590;0,0747917;0,059873
normal;100.mat;48000;3591;0,0748125;0,012100
normal;100.mat;48000;3592;0,0748333;0,014603
normal;100.mat;48000;3593;0,0748542;0,037551
normal;100.mat;48000;3594;0,0748750;0,021487
normal;100.mat;48000;3595;0,0748958;-0,032544
normal;100.mat;48000;3596;0,0749167;-0,097841
normal;100.mat;48000;3597;0,0749375;-0,113278
normal;100.mat;48000;3598;0,0749583;-0,060707
normal;100.mat;48000;3599;0,0749792;0,001878
normal;100.mat;48000;3600;0,0750000;0,037342
normal;100.mat;48000;3601;0,0750208;0,027954
normal;100.mat;48000;3602;0,0750417;0,013560
normal;100.mat;48000;3603;0,0750625;0,031084
normal;100.mat;48000;3604;0,0750833;0,071764
normal;100.mat;48000;3605;0,0751042;0,099927
normal;100.mat;48000;3606;0,0751250;0,066548
normal;100.mat;48000;3607;0,0751458;-0,006467
normal;100.mat;48000;3608;0,0751667;-0,059038
normal;100.mat;48000;3609;0,0751875;-0,042766
normal;100.mat;48000;3610;0,0752083;-0,002712
normal;100.mat;48000;3611;0,0752292;0,015646
normal;100.mat;48000;3612;0,0752500;-0,002503
normal;100.mat;48000;3613;0,0752708;-0,052988
normal;100.mat;48000;3614;0,0752917;-0,056535
normal;100.mat;48000;3615;0,0753125;-0,024825
normal;100.mat;48000;3616;0,0753333;0,014603
normal;100.mat;48000;3617;0,0753542;0,036090
normal;100.mat;48000;3618;0,0753750;-0,006884
normal;100.mat;48000;3619;0,0753958;-0,038594
normal;100.mat;48000;3620;0,0754167;-0,020444
normal;100.mat;48000;3621;0,0754375;0,051528
normal;100.mat;48000;3622;0,0754583;0,148743
normal;100.mat;48000;3623;0,0754792;0,173777
normal;100.mat;48000;3624;0,0755000;0,146657
normal;100.mat;48000;3625;0,0755208;0,102013
normal;100.mat;48000;3626;0,0755417;0,083863
normal;100.mat;48000;3627;0,0755625;0,098675
normal;100.mat;48000;3628;0,0755833;0,091374
normal;100.mat;48000;3629;0,0756042;0,043809
normal;100.mat;48000;3630;0,0756250;-0,032961
normal;100.mat;48000;3631;0,0756458;-0,071138
normal;100.mat;48000;3632;0,0756667;-0,040263
normal;100.mat;48000;3633;0,0756875;0,040680
normal;100.mat;48000;3634;0,0757083;0,073433
normal;100.mat;48000;3635;0,0757292;0,018775
normal;100.mat;48000;3636;0,0757500;-0,047147
normal;100.mat;48000;3637;0,0757708;-0,078022
normal;100.mat;48000;3638;0,0757917;-0,056326
normal;100.mat;48000;3639;0,0758125;-0,046730
normal;100.mat;48000;3640;0,0758333;-0,076353
normal;100.mat;48000;3641;0,0758542;-0,123709
normal;100.mat;48000;3642;0,0758750;-0,174194
normal;100.mat;48000;3643;0,0758958;-0,149994
normal;100.mat;48000;3644;0,0759167;-0,059455
normal;100.mat;48000;3645;0,0759375;0,007719
normal;100.mat;48000;3646;0,0759583;0,011474
normal;100.mat;48000;3647;0,0759792;-0,028580
normal;100.mat;48000;3648;0,0760000;-0,052571
normal;100.mat;48000;3649;0,0760208;-0,041097
normal;100.mat;48000;3650;0,0760417;-0,018150
normal;100.mat;48000;3651;0,0760625;-0,016063
normal;100.mat;48000;3652;0,0760833;-0,059038
normal;100.mat;48000;3653;0,0761042;-0,112026
normal;100.mat;48000;3654;0,0761250;-0,105351
normal;100.mat;48000;3655;0,0761458;-0,033170
normal;100.mat;48000;3656;0,0761667;0,027954
normal;100.mat;48000;3657;0,0761875;0,051528
normal;100.mat;48000;3658;0,0762083;0,022739
normal;100.mat;48000;3659;0,0762292;-0,026703
normal;100.mat;48000;3660;0,0762500;-0,009805
normal;100.mat;48000;3661;0,0762708;0,034839
normal;100.mat;48000;3662;0,0762917;0,067174
normal;100.mat;48000;3663;0,0763125;0,056952
normal;100.mat;48000;3664;0,0763333;-0,004172
normal;100.mat;48000;3665;0,0763542;-0,045478
normal;100.mat;48000;3666;0,0763750;-0,040471
normal;100.mat;48000;3667;0,0763958;0,012726
normal;100.mat;48000;3668;0,0764167;0,063002
normal;100.mat;48000;3669;0,0764375;0,061959
normal;100.mat;48000;3670;0,0764583;0,021279
normal;100.mat;48000;3671;0,0764792;-0,020653
normal;100.mat;48000;3672;0,0765000;0,000626
normal;100.mat;48000;3673;0,0765208;0,030249
normal;100.mat;48000;3674;0,0765417;0,015438
normal;100.mat;48000;3675;0,0765625;-0,029623
normal;100.mat;48000;3676;0,0765833;-0,069260
normal;100.mat;48000;3677;0,0766042;-0,038177
normal;100.mat;48000;3678;0,0766250;0,018775
normal;100.mat;48000;3679;0,0766458;0,084072
normal;100.mat;48000;3680;0,0766667;0,106811
normal;100.mat;48000;3681;0,0766875;0,056743
normal;100.mat;48000;3682;0,0767083;0,009179
normal;100.mat;48000;3683;0,0767292;-0,016272
normal;100.mat;48000;3684;0,0767500;0,010014
normal;100.mat;48000;3685;0,0767708;0,022322
normal;100.mat;48000;3686;0,0767917;-0,015229
normal;100.mat;48000;3687;0,0768125;-0,071555
normal;100.mat;48000;3688;0,0768333;-0,122457
normal;100.mat;48000;3689;0,0768542;-0,074684
normal;100.mat;48000;3690;0,0768750;0,006676
normal;100.mat;48000;3691;0,0768958;0,059664
normal;100.mat;48000;3692;0,0769167;0,067174
normal;100.mat;48000;3693;0,0769375;0,026286
normal;100.mat;48000;3694;0,0769583;0,008970
normal;100.mat;48000;3695;0,0769792;0,021905
normal;100.mat;48000;3696;0,0770000;0,064045
normal;100.mat;48000;3697;0,0770208;0,064879
normal;100.mat;48000;3698;0,0770417;0,030875
normal;100.mat;48000;3699;0,0770625;0,007719
normal;100.mat;48000;3700;0,0770833;0,017106
normal;100.mat;48000;3701;0,0771042;0,077814
normal;100.mat;48000;3702;0,0771250;0,109940
normal;100.mat;48000;3703;0,0771458;0,107437
normal;100.mat;48000;3704;0,0771667;0,042766
normal;100.mat;48000;3705;0,0771875;-0,015020
normal;100.mat;48000;3706;0,0772083;0,003964
normal;100.mat;48000;3707;0,0772292;0,036090
normal;100.mat;48000;3708;0,0772500;0,068426
normal;100.mat;48000;3709;0,0772708;0,039220
normal;100.mat;48000;3710;0,0772917;-0,001460
normal;100.mat;48000;3711;0,0773125;-0,003964
normal;100.mat;48000;3712;0,0773333;0,031501
normal;100.mat;48000;3713;0,0773542;0,114738
normal;100.mat;48000;3714;0,0773750;0,134766
normal;100.mat;48000;3715;0,0773958;0,109106
normal;100.mat;48000;3716;0,0774167;0,071972
normal;100.mat;48000;3717;0,0774375;0,057369
normal;100.mat;48000;3718;0,0774583;0,103056
normal;100.mat;48000;3719;0,0774792;0,110566
normal;100.mat;48000;3720;0,0775000;0,089079
normal;100.mat;48000;3721;0,0775208;0,044644
normal;100.mat;48000;3722;0,0775417;0,003129
normal;100.mat;48000;3723;0,0775625;0,032335
normal;100.mat;48000;3724;0,0775833;0,082194
normal;100.mat;48000;3725;0,0776042;0,135809
normal;100.mat;48000;3726;0,0776250;0,129967
normal;100.mat;48000;3727;0,0776458;0,083446
normal;100.mat;48000;3728;0,0776667;0,065297
normal;100.mat;48000;3729;0,0776875;0,062167
normal;100.mat;48000;3730;0,0777083;0,091582
normal;100.mat;48000;3731;0,0777292;0,096798
normal;100.mat;48000;3732;0,0777500;0,058621
normal;100.mat;48000;3733;0,0777708;0,010431
normal;100.mat;48000;3734;0,0777917;-0,012308
normal;100.mat;48000;3735;0,0778125;0,016898
normal;100.mat;48000;3736;0,0778333;0,056326
normal;100.mat;48000;3737;0,0778542;0,069886
normal;100.mat;48000;3738;0,0778750;0,028998
normal;100.mat;48000;3739;0,0778958;-0,016063
normal;100.mat;48000;3740;0,0779167;-0,015020
normal;100.mat;48000;3741;0,0779375;0,018150
normal;100.mat;48000;3742;0,0779583;0,041514
normal;100.mat;48000;3743;0,0779792;-0,005633
normal;100.mat;48000;3744;0,0780000;-0,075519
normal;100.mat;48000;3745;0,0780208;-0,112652
normal;100.mat;48000;3746;0,0780417;-0,092417
normal;100.mat;48000;3747;0,0780625;-0,007302
normal;100.mat;48000;3748;0,0780833;0,057995
normal;100.mat;48000;3749;0,0781042;0,064462
normal;100.mat;48000;3750;0,0781250;0,039637
normal;100.mat;48000;3751;0,0781458;0,028580
normal;100.mat;48000;3752;0,0781667;0,059247
normal;100.mat;48000;3753;0,0781875;0,073850
normal;100.mat;48000;3754;0,0782083;0,041514
normal;100.mat;48000;3755;0,0782292;-0,021279
normal;100.mat;48000;3756;0,0782500;-0,073224
normal;100.mat;48000;3757;0,0782708;-0,066340
normal;100.mat;48000;3758;0,0782917;-0,001460
normal;100.mat;48000;3759;0,0783125;0,063419
normal;100.mat;48000;3760;0,0783333;0,049650
normal;100.mat;48000;3761;0,0783542;-0,021279
normal;100.mat;48000;3762;0,0783750;-0,069469
normal;100.mat;48000;3763;0,0783958;-0,060290
normal;100.mat;48000;3764;0,0784167;-0,012100
normal;100.mat;48000;3765;0,0784375;0,017315
normal;100.mat;48000;3766;0,0784583;0,006884
normal;100.mat;48000;3767;0,0784792;-0,024408
normal;100.mat;48000;3768;0,0785000;-0,044435
normal;100.mat;48000;3769;0,0785208;-0,004798
normal;100.mat;48000;3770;0,0785417;0,055492
normal;100.mat;48000;3771;0,0785625;0,076562
normal;100.mat;48000;3772;0,0785833;0,051945
normal;100.mat;48000;3773;0,0786042;0,001043
normal;100.mat;48000;3774;0,0786250;-0,017941
normal;100.mat;48000;3775;0,0786458;0,008970
normal;100.mat;48000;3776;0,0786667;0,035047
normal;100.mat;48000;3777;0,0786875;0,024408
normal;100.mat;48000;3778;0,0787083;-0,026286
normal;100.mat;48000;3779;0,0787292;-0,069678
normal;100.mat;48000;3780;0,0787500;-0,070929
normal;100.mat;48000;3781;0,0787708;-0,037342
normal;100.mat;48000;3782;0,0787917;-0,013560
normal;100.mat;48000;3783;0,0788125;-0,023574
normal;100.mat;48000;3784;0,0788333;-0,042766
normal;100.mat;48000;3785;0,0788542;-0,059664
normal;100.mat;48000;3786;0,0788750;-0,025451
normal;100.mat;48000;3787;0,0788958;0,043183
normal;100.mat;48000;3788;0,0789167;0,068426
normal;100.mat;48000;3789;0,0789375;0,044226
normal;100.mat;48000;3790;0,0789583;-0,005841
normal;100.mat;48000;3791;0,0789792;-0,018775
normal;100.mat;48000;3792;0,0790000;0,013769
normal;100.mat;48000;3793;0,0790208;0,062167
normal;100.mat;48000;3794;0,0790417;0,091999
normal;100.mat;48000;3795;0,0790625;0,065505
normal;100.mat;48000;3796;0,0790833;0,030875
normal;100.mat;48000;3797;0,0791042;0,022113
normal;100.mat;48000;3798;0,0791250;0,044435
normal;100.mat;48000;3799;0,0791458;0,056535
normal;100.mat;48000;3800;0,0791667;0,021279
normal;100.mat;48000;3801;0,0791875;-0,034213
normal;100.mat;48000;3802;0,0792083;-0,073850
normal;100.mat;48000;3803;0,0792292;-0,046313
normal;100.mat;48000;3804;0,0792500;0,037342
normal;100.mat;48000;3805;0,0792708;0,098049
normal;100.mat;48000;3806;0,0792917;0,097841
normal;100.mat;48000;3807;0,0793125;0,042558
normal;100.mat;48000;3808;0,0793333;-0,008345
normal;100.mat;48000;3809;0,0793542;-0,005007
normal;100.mat;48000;3810;0,0793750;0,014603
normal;100.mat;48000;3811;0,0793958;0,028998
normal;100.mat;48000;3812;0,0794167;0,006676
normal;100.mat;48000;3813;0,0794375;-0,027954
normal;100.mat;48000;3814;0,0794583;-0,017732
normal;100.mat;48000;3815;0,0794792;0,033587
normal;100.mat;48000;3816;0,0795000;0,084906
normal;100.mat;48000;3817;0,0795208;0,074684
normal;100.mat;48000;3818;0,0795417;0,024199
normal;100.mat;48000;3819;0,0795625;-0,025034
normal;100.mat;48000;3820;0,0795833;-0,030666
normal;100.mat;48000;3821;0,0796042;0,017524
normal;100.mat;48000;3822;0,0796250;0,057161
normal;100.mat;48000;3823;0,0796458;0,061959
normal;100.mat;48000;3824;0,0796667;0,038177
normal;100.mat;48000;3825;0,0796875;0,027120
normal;100.mat;48000;3826;0,0797083;0,051945
normal;100.mat;48000;3827;0,0797292;0,070303
normal;100.mat;48000;3828;0,0797500;0,073850
normal;100.mat;48000;3829;0,0797708;0,041514
normal;100.mat;48000;3830;0,0797917;-0,019193
normal;100.mat;48000;3831;0,0798125;-0,050902
normal;100.mat;48000;3832;0,0798333;-0,057369
normal;100.mat;48000;3833;0,0798542;-0,042558
normal;100.mat;48000;3834;0,0798750;-0,045895
normal;100.mat;48000;3835;0,0798958;-0,075727
normal;100.mat;48000;3836;0,0799167;-0,094503
normal;100.mat;48000;3837;0,0799375;-0,086993
normal;100.mat;48000;3838;0,0799583;-0,031501
normal;100.mat;48000;3839;0,0799792;0,022113
normal;100.mat;48000;3840;0,0800000;0,041514
normal;100.mat;48000;3841;0,0800208;0,029415
normal;100.mat;48000;3842;0,0800417;0,012726
normal;100.mat;48000;3843;0,0800625;0,041514
normal;100.mat;48000;3844;0,0800833;0,091374
normal;100.mat;48000;3845;0,0801042;0,122040
normal;100.mat;48000;3846;0,0801250;0,092834
normal;100.mat;48000;3847;0,0801458;0,023574
normal;100.mat;48000;3848;0,0801667;-0,032961
normal;100.mat;48000;3849;0,0801875;-0,050485
normal;100.mat;48000;3850;0,0802083;-0,010639
normal;100.mat;48000;3851;0,0802292;0,006467
normal;100.mat;48000;3852;0,0802500;-0,019193
normal;100.mat;48000;3853;0,0802708;-0,043183
normal;100.mat;48000;3854;0,0802917;-0,056326
normal;100.mat;48000;3855;0,0803125;-0,025242
normal;100.mat;48000;3856;0,0803333;0,018984
normal;100.mat;48000;3857;0,0803542;0,045061
normal;100.mat;48000;3858;0,0803750;0,050068
normal;100.mat;48000;3859;0,0803958;0,045687
normal;100.mat;48000;3860;0,0804167;0,069052
normal;100.mat;48000;3861;0,0804375;0,111192
normal;100.mat;48000;3862;0,0804583;0,136852
normal;100.mat;48000;3863;0,0804792;0,104308
normal;100.mat;48000;3864;0,0805000;0,038802
normal;100.mat;48000;3865;0,0805208;0,001878
normal;100.mat;48000;3866;0,0805417;-0,007093
normal;100.mat;48000;3867;0,0805625;0,001460
normal;100.mat;48000;3868;0,0805833;0,003129
normal;100.mat;48000;3869;0,0806042;-0,023365
normal;100.mat;48000;3870;0,0806250;-0,051945
normal;100.mat;48000;3871;0,0806458;-0,054657
normal;100.mat;48000;3872;0,0806667;-0,011682
normal;100.mat;48000;3873;0,0806875;0,037968
normal;100.mat;48000;3874;0,0807083;0,037968
normal;100.mat;48000;3875;0,0807292;0,001043
normal;100.mat;48000;3876;0,0807500;-0,038802
normal;100.mat;48000;3877;0,0807708;-0,034839
normal;100.mat;48000;3878;0,0807917;-0,001043
normal;100.mat;48000;3879;0,0808125;0,029623
normal;100.mat;48000;3880;0,0808333;0,045270
normal;100.mat;48000;3881;0,0808542;0,018358
normal;100.mat;48000;3882;0,0808750;0,000000
normal;100.mat;48000;3883;0,0808958;-0,002712
normal;100.mat;48000;3884;0,0809167;0,001878
normal;100.mat;48000;3885;0,0809375;0,004590
normal;100.mat;48000;3886;0,0809583;-0,039846
normal;100.mat;48000;3887;0,0809792;-0,080317
normal;100.mat;48000;3888;0,0810000;-0,098049
normal;100.mat;48000;3889;0,0810208;-0,068217
normal;100.mat;48000;3890;0,0810417;0,002712
normal;100.mat;48000;3891;0,0810625;0,045270
normal;100.mat;48000;3892;0,0810833;0,057369
normal;100.mat;48000;3893;0,0811042;0,031918
normal;100.mat;48000;3894;0,0811250;0,011682
normal;100.mat;48000;3895;0,0811458;0,017732
normal;100.mat;48000;3896;0,0811667;0,022948
normal;100.mat;48000;3897;0,0811875;0,014394
normal;100.mat;48000;3898;0,0812083;-0,033587
normal;100.mat;48000;3899;0,0812292;-0,068843
normal;100.mat;48000;3900;0,0812500;-0,055700
normal;100.mat;48000;3901;0,0812708;-0,009596
normal;100.mat;48000;3902;0,0812917;0,038594
normal;100.mat;48000;3903;0,0813125;0,031292
normal;100.mat;48000;3904;0,0813333;-0,003964
normal;100.mat;48000;3905;0,0813542;-0,024408
normal;100.mat;48000;3906;0,0813750;-0,014812
normal;100.mat;48000;3907;0,0813958;0,011057
normal;100.mat;48000;3908;0,0814167;-0,004381
normal;100.mat;48000;3909;0,0814375;-0,040263
normal;100.mat;48000;3910;0,0814583;-0,073641
normal;100.mat;48000;3911;0,0814792;-0,073433
normal;100.mat;48000;3912;0,0815000;-0,032335
normal;100.mat;48000;3913;0,0815208;-0,009596
normal;100.mat;48000;3914;0,0815417;-0,004381
normal;100.mat;48000;3915;0,0815625;-0,031292
normal;100.mat;48000;3916;0,0815833;-0,051528
normal;100.mat;48000;3917;0,0816042;-0,022948
normal;100.mat;48000;3918;0,0816250;0,019818
normal;100.mat;48000;3919;0,0816458;0,041514
normal;100.mat;48000;3920;0,0816667;0,011265
normal;100.mat;48000;3921;0,0816875;-0,040680
normal;100.mat;48000;3922;0,0817083;-0,086158
normal;100.mat;48000;3923;0,0817292;-0,084489
normal;100.mat;48000;3924;0,0817500;-0,021905
normal;100.mat;48000;3925;0,0817708;0,028789
normal;100.mat;48000;3926;0,0817917;0,034213
normal;100.mat;48000;3927;0,0818125;0,014186
normal;100.mat;48000;3928;0,0818333;0,005841
normal;100.mat;48000;3929;0,0818542;0,020027
normal;100.mat;48000;3930;0,0818750;0,035673
normal;100.mat;48000;3931;0,0818958;0,047564
normal;100.mat;48000;3932;0,0819167;0,020236
normal;100.mat;48000;3933;0,0819375;-0,019610
normal;100.mat;48000;3934;0,0819583;-0,015229
normal;100.mat;48000;3935;0,0819792;0,027120
normal;100.mat;48000;3936;0,0820000;0,083655
normal;100.mat;48000;3937;0,0820208;0,099092
normal;100.mat;48000;3938;0,0820417;0,080734
normal;100.mat;48000;3939;0,0820625;0,056118
normal;100.mat;48000;3940;0,0820833;0,062793
normal;100.mat;48000;3941;0,0821042;0,101596
normal;100.mat;48000;3942;0,0821250;0,102847
normal;100.mat;48000;3943;0,0821458;0,070095
normal;100.mat;48000;3944;0,0821667;0,008970
normal;100.mat;48000;3945;0,0821875;-0,022739
normal;100.mat;48000;3946;0,0822083;0,002503
normal;100.mat;48000;3947;0,0822292;0,036090
normal;100.mat;48000;3948;0,0822500;0,067174
normal;100.mat;48000;3949;0,0822708;0,055074
normal;100.mat;48000;3950;0,0822917;0,017732
normal;100.mat;48000;3951;0,0823125;0,002503
normal;100.mat;48000;3952;0,0823333;0,006467
normal;100.mat;48000;3953;0,0823542;0,010639
normal;100.mat;48000;3954;0,0823750;-0,017524
normal;100.mat;48000;3955;0,0823958;-0,073015
normal;100.mat;48000;3956;0,0824167;-0,101387
normal;100.mat;48000;3957;0,0824375;-0,088244
normal;100.mat;48000;3958;0,0824583;-0,048190
normal;100.mat;48000;3959;0,0824792;-0,012934
normal;100.mat;48000;3960;0,0825000;-0,017524
normal;100.mat;48000;3961;0,0825208;-0,045270
normal;100.mat;48000;3962;0,0825417;-0,067383
normal;100.mat;48000;3963;0,0825625;-0,036925
normal;100.mat;48000;3964;0,0825833;0,021070
normal;100.mat;48000;3965;0,0826042;0,050068
normal;100.mat;48000;3966;0,0826250;0,030249
normal;100.mat;48000;3967;0,0826458;-0,019610
normal;100.mat;48000;3968;0,0826667;-0,034422
normal;100.mat;48000;3969;0,0826875;-0,021279
normal;100.mat;48000;3970;0,0827083;0,014394
normal;100.mat;48000;3971;0,0827292;0,022948
normal;100.mat;48000;3972;0,0827500;-0,013560
normal;100.mat;48000;3973;0,0827708;-0,031292
normal;100.mat;48000;3974;0,0827917;-0,021905
normal;100.mat;48000;3975;0,0828125;0,016481
normal;100.mat;48000;3976;0,0828333;0,038802
normal;100.mat;48000;3977;0,0828542;0,025868
normal;100.mat;48000;3978;0,0828750;-0,016898
normal;100.mat;48000;3979;0,0828958;-0,049442
normal;100.mat;48000;3980;0,0829167;-0,001669
normal;100.mat;48000;3981;0,0829375;0,090748
normal;100.mat;48000;3982;0,0829583;0,174611
normal;100.mat;48000;3983;0,0829792;0,191092
normal;100.mat;48000;3984;0,0830000;0,143319
normal;100.mat;48000;3985;0,0830208;0,104725
normal;100.mat;48000;3986;0,0830417;0,086993
normal;100.mat;48000;3987;0,0830625;0,084281
normal;100.mat;48000;3988;0,0830833;0,057786
normal;100.mat;48000;3989;0,0831042;-0,008970
normal;100.mat;48000;3990;0,0831250;-0,066757
normal;100.mat;48000;3991;0,0831458;-0,075727
normal;100.mat;48000;3992;0,0831667;-0,007719
normal;100.mat;48000;3993;0,0831875;0,067800
normal;100.mat;48000;3994;0,0832083;0,094503
normal;100.mat;48000;3995;0,0832292;0,078648
normal;100.mat;48000;3996;0,0832500;0,040263
normal;100.mat;48000;3997;0,0832708;0,046104
normal;100.mat;48000;3998;0,0832917;0,065922
normal;100.mat;48000;3999;0,0833125;0,053823
normal;100.mat;48000;4000;0,0833333;0,008762
normal;100.mat;48000;4001;0,0833542;-0,060290
normal;100.mat;48000;4002;0,0833750;-0,075519
normal;100.mat;48000;4003;0,0833958;-0,030249
normal;100.mat;48000;4004;0,0834167;0,055909
normal;100.mat;48000;4005;0,0834375;0,141858
normal;100.mat;48000;4006;0,0834583;0,141650
normal;100.mat;48000;4007;0,0834792;0,093042
normal;100.mat;48000;4008;0,0835000;0,058412
normal;100.mat;48000;4009;0,0835208;0,069260
normal;100.mat;48000;4010;0,0835417;0,083029
normal;100.mat;48000;4011;0,0835625;0,049859
normal;100.mat;48000;4012;0,0835833;-0,004590
normal;100.mat;48000;4013;0,0836042;-0,057995
normal;100.mat;48000;4014;0,0836250;-0,055283
normal;100.mat;48000;4015;0,0836458;0,002921
normal;100.mat;48000;4016;0,0836667;0,073641
normal;100.mat;48000;4017;0,0836875;0,115573
normal;100.mat;48000;4018;0,0837083;0,104099
normal;100.mat;48000;4019;0,0837292;0,086784
normal;100.mat;48000;4020;0,0837500;0,089913
normal;100.mat;48000;4021;0,0837708;0,096172
normal;100.mat;48000;4022;0,0837917;0,067383
normal;100.mat;48000;4023;0,0838125;-0,012726
normal;100.mat;48000;4024;0,0838333;-0,084489
normal;100.mat;48000;4025;0,0838542;-0,099718
normal;100.mat;48000;4026;0,0838750;-0,030041
normal;100.mat;48000;4027;0,0838958;0,072598
normal;100.mat;48000;4028;0,0839167;0,130385
normal;100.mat;48000;4029;0,0839375;0,127255
normal;100.mat;48000;4030;0,0839583;0,066131
normal;100.mat;48000;4031;0,0839792;0,029415
normal;100.mat;48000;4032;0,0840000;0,024199
normal;100.mat;48000;4033;0,0840208;0,020236
normal;100.mat;48000;4034;0,0840417;-0,001878
normal;100.mat;48000;4035;0,0840625;-0,091582
normal;100.mat;48000;4036;0,0840833;-0,138312
normal;100.mat;48000;4037;0,0841042;-0,102013
normal;100.mat;48000;4038;0,0841250;-0,026286
normal;100.mat;48000;4039;0,0841458;0,061542
normal;100.mat;48000;4040;0,0841667;0,073015
normal;100.mat;48000;4041;0,0841875;0,057369
normal;100.mat;48000;4042;0,0842083;0,042140
normal;100.mat;48000;4043;0,0842292;0,045061
normal;100.mat;48000;4044;0,0842500;0,069469
normal;100.mat;48000;4045;0,0842708;0,042975
normal;100.mat;48000;4046;0,0842917;-0,022530
normal;100.mat;48000;4047;0,0843125;-0,120788
normal;100.mat;48000;4048;0,0843333;-0,148534
normal;100.mat;48000;4049;0,0843542;-0,080108
normal;100.mat;48000;4050;0,0843750;0,007719
normal;100.mat;48000;4051;0,0843958;0,077188
normal;100.mat;48000;4052;0,0844167;0,059247
normal;100.mat;48000;4053;0,0844375;0,021070
normal;100.mat;48000;4054;0,0844583;-0,010639
normal;100.mat;48000;4055;0,0844792;-0,042558
normal;100.mat;48000;4056;0,0845000;-0,052571
normal;100.mat;48000;4057;0,0845208;-0,102639
normal;100.mat;48000;4058;0,0845417;-0,161677
normal;100.mat;48000;4059;0,0845625;-0,185042
normal;100.mat;48000;4060;0,0845833;-0,142067
normal;100.mat;48000;4061;0,0846042;-0,038802
normal;100.mat;48000;4062;0,0846250;0,039220
normal;100.mat;48000;4063;0,0846458;0,069886
normal;100.mat;48000;4064;0,0846667;0,036090
normal;100.mat;48000;4065;0,0846875;-0,009179
normal;100.mat;48000;4066;0,0847083;-0,008345
normal;100.mat;48000;4067;0,0847292;0,008553
normal;100.mat;48000;4068;0,0847500;0,017524
normal;100.mat;48000;4069;0,0847708;-0,024199
normal;100.mat;48000;4070;0,0847917;-0,073850
normal;100.mat;48000;4071;0,0848125;-0,071764
normal;100.mat;48000;4072;0,0848333;-0,028163
normal;100.mat;48000;4073;0,0848542;0,039846
normal;100.mat;48000;4074;0,0848750;0,069469
normal;100.mat;48000;4075;0,0848958;0,047147
normal;100.mat;48000;4076;0,0849167;0,008136
normal;100.mat;48000;4077;0,0849375;-0,008553
normal;100.mat;48000;4078;0,0849583;0,017524
normal;100.mat;48000;4079;0,0849792;0,028163
normal;100.mat;48000;4080;0,0850000;0,010222
normal;100.mat;48000;4081;0,0850208;-0,030249
normal;100.mat;48000;4082;0,0850417;-0,046313
normal;100.mat;48000;4083;0,0850625;0,012100
normal;100.mat;48000;4084;0,0850833;0,080943
normal;100.mat;48000;4085;0,0851042;0,123083
normal;100.mat;48000;4086;0,0851250;0,108063
normal;100.mat;48000;4087;0,0851458;0,047773
normal;100.mat;48000;4088;0,0851667;0,009805
normal;100.mat;48000;4089;0,0851875;0,002503
normal;100.mat;48000;4090;0,0852083;0,004798
normal;100.mat;48000;4091;0,0852292;-0,019610
normal;100.mat;48000;4092;0,0852500;-0,061542
normal;100.mat;48000;4093;0,0852708;-0,088453
normal;100.mat;48000;4094;0,0852917;-0,063419
normal;100.mat;48000;4095;0,0853125;0,005215
normal;100.mat;48000;4096;0,0853333;0,047982
normal;100.mat;48000;4097;0,0853542;0,042766
normal;100.mat;48000;4098;0,0853750;-0,002503
normal;100.mat;48000;4099;0,0853958;-0,023991
normal;100.mat;48000;4100;0,0854167;0,004590
normal;100.mat;48000;4101;0,0854375;0,036925
normal;100.mat;48000;4102;0,0854583;0,047773
normal;100.mat;48000;4103;0,0854792;0,018984
normal;100.mat;48000;4104;0,0855000;-0,027120
normal;100.mat;48000;4105;0,0855208;-0,040680
normal;100.mat;48000;4106;0,0855417;-0,004172
normal;100.mat;48000;4107;0,0855625;0,057995
normal;100.mat;48000;4108;0,0855833;0,081986
normal;100.mat;48000;4109;0,0856042;0,056952
normal;100.mat;48000;4110;0,0856250;0,017941
normal;100.mat;48000;4111;0,0856458;-0,003755
normal;100.mat;48000;4112;0,0856667;0,025451
normal;100.mat;48000;4113;0,0856875;0,055283
normal;100.mat;48000;4114;0,0857083;0,050485
normal;100.mat;48000;4115;0,0857292;0,001252
normal;100.mat;48000;4116;0,0857500;-0,045270
normal;100.mat;48000;4117;0,0857708;-0,025660
normal;100.mat;48000;4118;0,0857917;0,023782
normal;100.mat;48000;4119;0,0858125;0,072807
normal;100.mat;48000;4120;0,0858333;0,074893
normal;100.mat;48000;4121;0,0858542;0,040471
normal;100.mat;48000;4122;0,0858750;0,016689
normal;100.mat;48000;4123;0,0858958;0,024825
normal;100.mat;48000;4124;0,0859167;0,076979
normal;100.mat;48000;4125;0,0859375;0,102222
normal;100.mat;48000;4126;0,0859583;0,080317
normal;100.mat;48000;4127;0,0859792;0,050902
normal;100.mat;48000;4128;0,0860000;0,046104
normal;100.mat;48000;4129;0,0860208;0,085741
normal;100.mat;48000;4130;0,0860417;0,123500
normal;100.mat;48000;4131;0,0860625;0,129342
normal;100.mat;48000;4132;0,0860833;0,096380
normal;100.mat;48000;4133;0,0861042;0,043809
normal;100.mat;48000;4134;0,0861250;0,020444
normal;100.mat;48000;4135;0,0861458;0,038802
normal;100.mat;48000;4136;0,0861667;0,054449
normal;100.mat;48000;4137;0,0861875;0,031918
normal;100.mat;48000;4138;0,0862083;0,003129
normal;100.mat;48000;4139;0,0862292;-0,007093
normal;100.mat;48000;4140;0,0862500;0,034004
normal;100.mat;48000;4141;0,0862708;0,107228
normal;100.mat;48000;4142;0,0862917;0,136017
normal;100.mat;48000;4143;0,0863125;0,113904
normal;100.mat;48000;4144;0,0863333;0,051319
normal;100.mat;48000;4145;0,0863542;0,013769
normal;100.mat;48000;4146;0,0863750;0,043183
normal;100.mat;48000;4147;0,0863958;0,094503
normal;100.mat;48000;4148;0,0864167;0,125378
normal;100.mat;48000;4149;0,0864375;0,086993
normal;100.mat;48000;4150;0,0864583;0,034213
normal;100.mat;48000;4151;0,0864792;0,016063
normal;100.mat;48000;4152;0,0865000;0,034004
normal;100.mat;48000;4153;0,0865208;0,069052
normal;100.mat;48000;4154;0,0865417;0,066757
normal;100.mat;48000;4155;0,0865625;0,049442
normal;100.mat;48000;4156;0,0865833;0,031084
normal;100.mat;48000;4157;0,0866042;0,026494
normal;100.mat;48000;4158;0,0866250;0,046730
normal;100.mat;48000;4159;0,0866458;0,049859
normal;100.mat;48000;4160;0,0866667;0,008345
normal;100.mat;48000;4161;0,0866875;-0,053614
normal;100.mat;48000;4162;0,0867083;-0,092208
normal;100.mat;48000;4163;0,0867292;-0,075936
normal;100.mat;48000;4164;0,0867500;-0,024199
normal;100.mat;48000;4165;0,0867708;0,016481
normal;100.mat;48000;4166;0,0867917;0,022322
normal;100.mat;48000;4167;0,0868125;-0,002295
normal;100.mat;48000;4168;0,0868333;-0,002086
normal;100.mat;48000;4169;0,0868542;0,028789
normal;100.mat;48000;4170;0,0868750;0,053823
normal;100.mat;48000;4171;0,0868958;0,036299
normal;100.mat;48000;4172;0,0869167;-0,020862
normal;100.mat;48000;4173;0,0869375;-0,059455
normal;100.mat;48000;4174;0,0869583;-0,059664
normal;100.mat;48000;4175;0,0869792;-0,017524
normal;100.mat;48000;4176;0,0870000;0,018775
normal;100.mat;48000;4177;0,0870208;0,012934
normal;100.mat;48000;4178;0,0870417;-0,026286
normal;100.mat;48000;4179;0,0870625;-0,075310
normal;100.mat;48000;4180;0,0870833;-0,081777
normal;100.mat;48000;4181;0,0871042;-0,065088
normal;100.mat;48000;4182;0,0871250;-0,062376
normal;100.mat;48000;4183;0,0871458;-0,070095
normal;100.mat;48000;4184;0,0871667;-0,081569
normal;100.mat;48000;4185;0,0871875;-0,068009
normal;100.mat;48000;4186;0,0872083;-0,020444
normal;100.mat;48000;4187;0,0872292;0,018984
normal;100.mat;48000;4188;0,0872500;0,019818
normal;100.mat;48000;4189;0,0872708;-0,034213
normal;100.mat;48000;4190;0,0872917;-0,092208
normal;100.mat;48000;4191;0,0873125;-0,101596
normal;100.mat;48000;4192;0,0873333;-0,068634
normal;100.mat;48000;4193;0,0873542;-0,024617
normal;100.mat;48000;4194;0,0873750;-0,012100
normal;100.mat;48000;4195;0,0873958;-0,008345
normal;100.mat;48000;4196;0,0874167;-0,013351
normal;100.mat;48000;4197;0,0874375;-0,016063
normal;100.mat;48000;4198;0,0874583;0,001669
normal;100.mat;48000;4199;0,0874792;0,014603
normal;100.mat;48000;4200;0,0875000;-0,002086
normal;100.mat;48000;4201;0,0875208;-0,044644
normal;100.mat;48000;4202;0,0875417;-0,057786
normal;100.mat;48000;4203;0,0875625;-0,014603
normal;100.mat;48000;4204;0,0875833;0,012934
normal;100.mat;48000;4205;0,0876042;-0,003755
normal;100.mat;48000;4206;0,0876250;-0,036090
normal;100.mat;48000;4207;0,0876458;-0,081151
normal;100.mat;48000;4208;0,0876667;-0,074893
normal;100.mat;48000;4209;0,0876875;-0,033170
normal;100.mat;48000;4210;0,0877083;-0,001252
normal;100.mat;48000;4211;0,0877292;0,013143
normal;100.mat;48000;4212;0,0877500;-0,008553
normal;100.mat;48000;4213;0,0877708;-0,029415
normal;100.mat;48000;4214;0,0877917;-0,031918
normal;100.mat;48000;4215;0,0878125;-0,017941
normal;100.mat;48000;4216;0,0878333;-0,017106
normal;100.mat;48000;4217;0,0878542;-0,058412
normal;100.mat;48000;4218;0,0878750;-0,120371
normal;100.mat;48000;4219;0,0878958;-0,155210
normal;100.mat;48000;4220;0,0879167;-0,133097
normal;100.mat;48000;4221;0,0879375;-0,084489
normal;100.mat;48000;4222;0,0879583;-0,044018
normal;100.mat;48000;4223;0,0879792;-0,046730
normal;100.mat;48000;4224;0,0880000;-0,083238
normal;100.mat;48000;4225;0,0880208;-0,089287
normal;100.mat;48000;4226;0,0880417;-0,048816
normal;100.mat;48000;4227;0,0880625;0,010848
normal;100.mat;48000;4228;0,0880833;0,036925
normal;100.mat;48000;4229;0,0881042;0,010848
normal;100.mat;48000;4230;0,0881250;-0,017524
normal;100.mat;48000;4231;0,0881458;-0,001252
normal;100.mat;48000;4232;0,0881667;0,051945
normal;100.mat;48000;4233;0,0881875;0,073433
normal;100.mat;48000;4234;0,0882083;0,045270
normal;100.mat;48000;4235;0,0882292;0,004381
normal;100.mat;48000;4236;0,0882500;-0,030875
normal;100.mat;48000;4237;0,0882708;-0,029623
normal;100.mat;48000;4238;0,0882917;0,003964
normal;100.mat;48000;4239;0,0883125;0,028580
normal;100.mat;48000;4240;0,0883333;0,022530
normal;100.mat;48000;4241;0,0883542;0,015020
normal;100.mat;48000;4242;0,0883750;0,035673
normal;100.mat;48000;4243;0,0883958;0,083446
normal;100.mat;48000;4244;0,0884167;0,136852
normal;100.mat;48000;4245;0,0884375;0,153958
normal;100.mat;48000;4246;0,0884583;0,125586
normal;100.mat;48000;4247;0,0884792;0,081569
normal;100.mat;48000;4248;0,0885000;0,075936
normal;100.mat;48000;4249;0,0885208;0,104725
normal;100.mat;48000;4250;0,0885417;0,126212
normal;100.mat;48000;4251;0,0885625;0,114738
normal;100.mat;48000;4252;0,0885833;0,070303
normal;100.mat;48000;4253;0,0886042;0,034839
normal;100.mat;48000;4254;0,0886250;0,034213
normal;100.mat;48000;4255;0,0886458;0,056743
normal;100.mat;48000;4256;0,0886667;0,058412
normal;100.mat;48000;4257;0,0886875;0,016063
normal;100.mat;48000;4258;0,0887083;-0,035047
normal;100.mat;48000;4259;0,0887292;-0,045895
normal;100.mat;48000;4260;0,0887500;0,000000
normal;100.mat;48000;4261;0,0887708;0,074267
normal;100.mat;48000;4262;0,0887917;0,110358
normal;100.mat;48000;4263;0,0888125;0,096798
normal;100.mat;48000;4264;0,0888333;0,062376
normal;100.mat;48000;4265;0,0888542;0,042558
normal;100.mat;48000;4266;0,0888750;0,080108
normal;100.mat;48000;4267;0,0888958;0,136852
normal;100.mat;48000;4268;0,0889167;0,147074
normal;100.mat;48000;4269;0,0889375;0,096172
normal;100.mat;48000;4270;0,0889583;0,026286
normal;100.mat;48000;4271;0,0889792;-0,018984
normal;100.mat;48000;4272;0,0890000;-0,014603
normal;100.mat;48000;4273;0,0890208;0,009596
normal;100.mat;48000;4274;0,0890417;0,002503
normal;100.mat;48000;4275;0,0890625;-0,027537
normal;100.mat;48000;4276;0,0890833;-0,042975
normal;100.mat;48000;4277;0,0891042;-0,005424
normal;100.mat;48000;4278;0,0891250;0,063836
normal;100.mat;48000;4279;0,0891458;0,102222
normal;100.mat;48000;4280;0,0891667;0,088036
normal;100.mat;48000;4281;0,0891875;0,042140
normal;100.mat;48000;4282;0,0892083;0,012934
normal;100.mat;48000;4283;0,0892292;0,033587
normal;100.mat;48000;4284;0,0892500;0,046938
normal;100.mat;48000;4285;0,0892708;0,023156
normal;100.mat;48000;4286;0,0892917;-0,016481
normal;100.mat;48000;4287;0,0893125;-0,042766
normal;100.mat;48000;4288;0,0893333;-0,028789
normal;100.mat;48000;4289;0,0893542;0,008136
normal;100.mat;48000;4290;0,0893750;0,048190
normal;100.mat;48000;4291;0,0893958;0,030666
normal;100.mat;48000;4292;0,0894167;-0,051111
normal;100.mat;48000;4293;0,0894375;-0,117868
normal;100.mat;48000;4294;0,0894583;-0,120162
normal;100.mat;48000;4295;0,0894792;-0,071972
normal;100.mat;48000;4296;0,0895000;-0,017315
normal;100.mat;48000;4297;0,0895208;0,002086
normal;100.mat;48000;4298;0,0895417;0,000209
normal;100.mat;48000;4299;0,0895625;0,001878
normal;100.mat;48000;4300;0,0895833;0,016272
normal;100.mat;48000;4301;0,0896042;0,041514
normal;100.mat;48000;4302;0,0896250;0,032544
normal;100.mat;48000;4303;0,0896458;-0,011265
normal;100.mat;48000;4304;0,0896667;-0,074684
normal;100.mat;48000;4305;0,0896875;-0,092417
normal;100.mat;48000;4306;0,0897083;-0,049442
normal;100.mat;48000;4307;0,0897292;-0,000626
normal;100.mat;48000;4308;0,0897500;0,027120
normal;100.mat;48000;4309;0,0897708;-0,005633
normal;100.mat;48000;4310;0,0897917;-0,049025
normal;100.mat;48000;4311;0,0898125;-0,065714
normal;100.mat;48000;4312;0,0898333;-0,045478
normal;100.mat;48000;4313;0,0898542;-0,012726
normal;100.mat;48000;4314;0,0898750;-0,032753
normal;100.mat;48000;4315;0,0898958;-0,062167
normal;100.mat;48000;4316;0,0899167;-0,072807
normal;100.mat;48000;4317;0,0899375;-0,049233
normal;100.mat;48000;4318;0,0899583;-0,001252
normal;100.mat;48000;4319;0,0899792;0,010848
normal;100.mat;48000;4320;0,0900000;0,003338
normal;100.mat;48000;4321;0,0900208;-0,028163
normal;100.mat;48000;4322;0,0900417;-0,041097
normal;100.mat;48000;4323;0,0900625;0,006050
normal;100.mat;48000;4324;0,0900833;0,036299
normal;100.mat;48000;4325;0,0901042;0,034213
normal;100.mat;48000;4326;0,0901250;-0,016898
normal;100.mat;48000;4327;0,0901458;-0,085532
normal;100.mat;48000;4328;0,0901667;-0,091374
normal;100.mat;48000;4329;0,0901875;-0,070721
normal;100.mat;48000;4330;0,0902083;-0,036090
normal;100.mat;48000;4331;0,0902292;-0,034839
normal;100.mat;48000;4332;0,0902500;-0,068843
normal;100.mat;48000;4333;0,0902708;-0,066966
normal;100.mat;48000;4334;0,0902917;-0,035465
normal;100.mat;48000;4335;0,0903125;0,035465
normal;100.mat;48000;4336;0,0903333;0,081777
normal;100.mat;48000;4337;0,0903542;0,073850
normal;100.mat;48000;4338;0,0903750;0,046313
normal;100.mat;48000;4339;0,0903958;0,016063
normal;100.mat;48000;4340;0,0904167;0,038385
normal;100.mat;48000;4341;0,0904375;0,089287
normal;100.mat;48000;4342;0,0904583;0,114738
normal;100.mat;48000;4343;0,0904792;0,093877
normal;100.mat;48000;4344;0,0905000;0,057578
normal;100.mat;48000;4345;0,0905208;0,051319
normal;100.mat;48000;4346;0,0905417;0,071138
normal;100.mat;48000;4347;0,0905625;0,089496
normal;100.mat;48000;4348;0,0905833;0,056118
normal;100.mat;48000;4349;0,0906042;-0,015020
normal;100.mat;48000;4350;0,0906250;-0,079482
normal;100.mat;48000;4351;0,0906458;-0,086158
normal;100.mat;48000;4352;0,0906667;-0,027537
normal;100.mat;48000;4353;0,0906875;0,031292
normal;100.mat;48000;4354;0,0907083;0,052154
normal;100.mat;48000;4355;0,0907292;0,025242
normal;100.mat;48000;4356;0,0907500;-0,001252
normal;100.mat;48000;4357;0,0907708;0,004172
normal;100.mat;48000;4358;0,0907917;0,017524
normal;100.mat;48000;4359;0,0908125;0,001460
normal;100.mat;48000;4360;0,0908333;-0,051528
normal;100.mat;48000;4361;0,0908542;-0,102847
normal;100.mat;48000;4362;0,0908750;-0,108063
normal;100.mat;48000;4363;0,0908958;-0,051319
normal;100.mat;48000;4364;0,0909167;0,017524
normal;100.mat;48000;4365;0,0909375;0,061959
normal;100.mat;48000;4366;0,0909583;0,060498
normal;100.mat;48000;4367;0,0909792;0,040263
normal;100.mat;48000;4368;0,0910000;0,052988
normal;100.mat;48000;4369;0,0910208;0,086993
normal;100.mat;48000;4370;0,0910417;0,091165
normal;100.mat;48000;4371;0,0910625;0,043392
normal;100.mat;48000;4372;0,0910833;-0,015020
normal;100.mat;48000;4373;0,0911042;-0,056535
normal;100.mat;48000;4374;0,0911250;-0,046730
normal;100.mat;48000;4375;0,0911458;0,006676
normal;100.mat;48000;4376;0,0911667;0,056535
normal;100.mat;48000;4377;0,0911875;0,065088
normal;100.mat;48000;4378;0,0912083;0,049025
normal;100.mat;48000;4379;0,0912292;0,067591
normal;100.mat;48000;4380;0,0912500;0,123500
normal;100.mat;48000;4381;0,0912708;0,196516
normal;100.mat;48000;4382;0,0912917;0,223844
normal;100.mat;48000;4383;0,0913125;0,175237
normal;100.mat;48000;4384;0,0913333;0,101387
normal;100.mat;48000;4385;0,0913542;0,058204
normal;100.mat;48000;4386;0,0913750;0,075310
normal;100.mat;48000;4387;0,0913958;0,113487
normal;100.mat;48000;4388;0,0914167;0,124126
normal;100.mat;48000;4389;0,0914375;0,096798
normal;100.mat;48000;4390;0,0914583;0,067174
normal;100.mat;48000;4391;0,0914792;0,074267
normal;100.mat;48000;4392;0,0915000;0,106811
normal;100.mat;48000;4393;0,0915208;0,135809
normal;100.mat;48000;4394;0,0915417;0,120162
normal;100.mat;48000;4395;0,0915625;0,068217
normal;100.mat;48000;4396;0,0915833;0,044852
normal;100.mat;48000;4397;0,0916042;0,087201
normal;100.mat;48000;4398;0,0916250;0,162094
normal;100.mat;48000;4399;0,0916458;0,211119
normal;100.mat;48000;4400;0,0916667;0,201940
normal;100.mat;48000;4401;0,0916875;0,162929
normal;100.mat;48000;4402;0,0917083;0,137895
normal;100.mat;48000;4403;0,0917292;0,140815
normal;100.mat;48000;4404;0,0917500;0,141233
normal;100.mat;48000;4405;0,0917708;0,095963
normal;100.mat;48000;4406;0,0917917;0,020236
normal;100.mat;48000;4407;0,0918125;-0,049859
normal;100.mat;48000;4408;0,0918333;-0,050902
normal;100.mat;48000;4409;0,0918542;-0,007302
normal;100.mat;48000;4410;0,0918750;0,022530
normal;100.mat;48000;4411;0,0918958;0,018358
normal;100.mat;48000;4412;0,0919167;-0,029415
normal;100.mat;48000;4413;0,0919375;-0,056743
normal;100.mat;48000;4414;0,0919583;-0,036299
normal;100.mat;48000;4415;0,0919792;0,009596
normal;100.mat;48000;4416;0,0920000;0,024617
normal;100.mat;48000;4417;0,0920208;-0,028372
normal;100.mat;48000;4418;0,0920417;-0,091374
normal;100.mat;48000;4419;0,0920625;-0,122457
normal;100.mat;48000;4420;0,0920833;-0,097215
normal;100.mat;48000;4421;0,0921042;-0,028789
normal;100.mat;48000;4422;0,0921250;-0,007719
normal;100.mat;48000;4423;0,0921458;-0,035047
normal;100.mat;48000;4424;0,0921667;-0,078648
normal;100.mat;48000;4425;0,0921875;-0,084906
normal;100.mat;48000;4426;0,0922083;-0,041097
normal;100.mat;48000;4427;0,0922292;-0,022948
normal;100.mat;48000;4428;0,0922500;-0,037759
normal;100.mat;48000;4429;0,0922708;-0,090539
normal;100.mat;48000;4430;0,0922917;-0,142484
normal;100.mat;48000;4431;0,0923125;-0,138312
normal;100.mat;48000;4432;0,0923333;-0,077814
normal;100.mat;48000;4433;0,0923542;-0,017524
normal;100.mat;48000;4434;0,0923750;-0,021905
normal;100.mat;48000;4435;0,0923958;-0,046730
normal;100.mat;48000;4436;0,0924167;-0,042766
normal;100.mat;48000;4437;0,0924375;-0,003964
normal;100.mat;48000;4438;0,0924583;0,037134
normal;100.mat;48000;4439;0,0924792;0,030041
normal;100.mat;48000;4440;0,0925000;-0,017106
normal;100.mat;48000;4441;0,0925208;-0,071972
normal;100.mat;48000;4442;0,0925417;-0,072807
normal;100.mat;48000;4443;0,0925625;-0,009805
normal;100.mat;48000;4444;0,0925833;0,054449
normal;100.mat;48000;4445;0,0926042;0,087201
normal;100.mat;48000;4446;0,0926250;0,058621
normal;100.mat;48000;4447;0,0926458;0,012308
normal;100.mat;48000;4448;0,0926667;0,002921
normal;100.mat;48000;4449;0,0926875;0,019193
normal;100.mat;48000;4450;0,0927083;0,036925
normal;100.mat;48000;4451;0,0927292;-0,008970
normal;100.mat;48000;4452;0,0927500;-0,083238
normal;100.mat;48000;4453;0,0927708;-0,119119
normal;100.mat;48000;4454;0,0927917;-0,099718
normal;100.mat;48000;4455;0,0928125;-0,023365
normal;100.mat;48000;4456;0,0928333;0,024199
normal;100.mat;48000;4457;0,0928542;0,011474
normal;100.mat;48000;4458;0,0928750;-0,025034
normal;100.mat;48000;4459;0,0928958;-0,038594
normal;100.mat;48000;4460;0,0929167;-0,003964
normal;100.mat;48000;4461;0,0929375;0,034213
normal;100.mat;48000;4462;0,0929583;0,030458
normal;100.mat;48000;4463;0,0929792;-0,029206
normal;100.mat;48000;4464;0,0930000;-0,080943
normal;100.mat;48000;4465;0,0930208;-0,061542
normal;100.mat;48000;4466;0,0930417;0,018775
normal;100.mat;48000;4467;0,0930625;0,105351
normal;100.mat;48000;4468;0,0930833;0,124961
normal;100.mat;48000;4469;0,0931042;0,081777
normal;100.mat;48000;4470;0,0931250;0,037759
normal;100.mat;48000;4471;0,0931458;0,026286
normal;100.mat;48000;4472;0,0931667;0,042558
normal;100.mat;48000;4473;0,0931875;0,048399
normal;100.mat;48000;4474;0,0932083;0,021905
normal;100.mat;48000;4475;0,0932292;-0,018775
normal;100.mat;48000;4476;0,0932500;-0,029415
normal;100.mat;48000;4477;0,0932708;0,023782
normal;100.mat;48000;4478;0,0932917;0,101178
normal;100.mat;48000;4479;0,0933125;0,153332
normal;100.mat;48000;4480;0,0933333;0,148117
normal;100.mat;48000;4481;0,0933542;0,106185
normal;100.mat;48000;4482;0,0933750;0,092417
normal;100.mat;48000;4483;0,0933958;0,109732
normal;100.mat;48000;4484;0,0934167;0,123500
normal;100.mat;48000;4485;0,0934375;0,091374
normal;100.mat;48000;4486;0,0934583;0,012308
normal;100.mat;48000;4487;0,0934792;-0,049859
normal;100.mat;48000;4488;0,0935000;-0,039846
normal;100.mat;48000;4489;0,0935208;0,010431
normal;100.mat;48000;4490;0,0935417;0,047773
normal;100.mat;48000;4491;0,0935625;0,040680
normal;100.mat;48000;4492;0,0935833;-0,016481
normal;100.mat;48000;4493;0,0936042;-0,057578
normal;100.mat;48000;4494;0,0936250;-0,050694
normal;100.mat;48000;4495;0,0936458;-0,016272
normal;100.mat;48000;4496;0,0936667;-0,006050
normal;100.mat;48000;4497;0,0936875;-0,050902
normal;100.mat;48000;4498;0,0937083;-0,108897
normal;100.mat;48000;4499;0,0937292;-0,117242
normal;100.mat;48000;4500;0,0937500;-0,058412
normal;100.mat;48000;4501;0,0937708;0,009596
normal;100.mat;48000;4502;0,0937917;0,026494
normal;100.mat;48000;4503;0,0938125;-0,009179
normal;100.mat;48000;4504;0,0938333;-0,037342
normal;100.mat;48000;4505;0,0938542;-0,024408
normal;100.mat;48000;4506;0,0938750;0,016481
normal;100.mat;48000;4507;0,0938958;0,037551
normal;100.mat;48000;4508;0,0939167;-0,004381
normal;100.mat;48000;4509;0,0939375;-0,077188
normal;100.mat;48000;4510;0,0939583;-0,111401
normal;100.mat;48000;4511;0,0939792;-0,069678
normal;100.mat;48000;4512;0,0940000;0,010014
normal;100.mat;48000;4513;0,0940208;0,053197
normal;100.mat;48000;4514;0,0940417;0,011265
normal;100.mat;48000;4515;0,0940625;-0,059664
normal;100.mat;48000;4516;0,0940833;-0,085532
normal;100.mat;48000;4517;0,0941042;-0,046730
normal;100.mat;48000;4518;0,0941250;0,013560
normal;100.mat;48000;4519;0,0941458;0,040680
normal;100.mat;48000;4520;0,0941667;0,028372
normal;100.mat;48000;4521;0,0941875;-0,009596
normal;100.mat;48000;4522;0,0942083;-0,022530
normal;100.mat;48000;4523;0,0942292;0,004798
normal;100.mat;48000;4524;0,0942500;0,036508
normal;100.mat;48000;4525;0,0942708;0,019193
normal;100.mat;48000;4526;0,0942917;-0,031501
normal;100.mat;48000;4527;0,0943125;-0,069052
normal;100.mat;48000;4528;0,0943333;-0,059873
normal;100.mat;48000;4529;0,0943542;0,015855
normal;100.mat;48000;4530;0,0943750;0,073224
normal;100.mat;48000;4531;0,0943958;0,073850
normal;100.mat;48000;4532;0,0944167;0,027746
normal;100.mat;48000;4533;0,0944375;-0,008345
normal;100.mat;48000;4534;0,0944583;0,030041
normal;100.mat;48000;4535;0,0944792;0,093042
normal;100.mat;48000;4536;0,0945000;0,134974
normal;100.mat;48000;4537;0,0945208;0,112444
normal;100.mat;48000;4538;0,0945417;0,061124
normal;100.mat;48000;4539;0,0945625;0,044644
normal;100.mat;48000;4540;0,0945833;0,070303
normal;100.mat;48000;4541;0,0946042;0,113487
normal;100.mat;48000;4542;0,0946250;0,100970
normal;100.mat;48000;4543;0,0946458;0,053197
normal;100.mat;48000;4544;0,0946667;0,022739
normal;100.mat;48000;4545;0,0946875;0,031710
normal;100.mat;48000;4546;0,0947083;0,097423
normal;100.mat;48000;4547;0,0947292;0,152289
normal;100.mat;48000;4548;0,0947500;0,137686
normal;100.mat;48000;4549;0,0947708;0,073224
normal;100.mat;48000;4550;0,0947917;0,009596
normal;100.mat;48000;4551;0,0948125;0,005215
normal;100.mat;48000;4552;0,0948333;0,036508
normal;100.mat;48000;4553;0,0948542;0,037968
normal;100.mat;48000;4554;0,0948750;-0,001669
normal;100.mat;48000;4555;0,0948958;-0,054240
normal;100.mat;48000;4556;0,0949167;-0,067383
normal;100.mat;48000;4557;0,0949375;-0,032753
normal;100.mat;48000;4558;0,0949583;0,022113
normal;100.mat;48000;4559;0,0949792;0,038385
normal;100.mat;48000;4560;0,0950000;-0,021279
normal;100.mat;48000;4561;0,0950208;-0,086784
normal;100.mat;48000;4562;0,0950417;-0,109523
normal;100.mat;48000;4563;0,0950625;-0,073641
normal;100.mat;48000;4564;0,0950833;-0,024199
normal;100.mat;48000;4565;0,0951042;-0,017106
normal;100.mat;48000;4566;0,0951250;-0,038385
normal;100.mat;48000;4567;0,0951458;-0,065297
normal;100.mat;48000;4568;0,0951667;-0,042766
normal;100.mat;48000;4569;0,0951875;0,010431
normal;100.mat;48000;4570;0,0952083;0,035465
normal;100.mat;48000;4571;0,0952292;0,001043
normal;100.mat;48000;4572;0,0952500;-0,065297
normal;100.mat;48000;4573;0,0952708;-0,105142
normal;100.mat;48000;4574;0,0952917;-0,087201
normal;100.mat;48000;4575;0,0953125;-0,028998
normal;100.mat;48000;4576;0,0953333;-0,005633
normal;100.mat;48000;4577;0,0953542;-0,030458
normal;100.mat;48000;4578;0,0953750;-0,074058
normal;100.mat;48000;4579;0,0953958;-0,097632
normal;100.mat;48000;4580;0,0954167;-0,066131
normal;100.mat;48000;4581;0,0954375;-0,015855
normal;100.mat;48000;4582;0,0954583;-0,004798
normal;100.mat;48000;4583;0,0954792;-0,026911
normal;100.mat;48000;4584;0,0955000;-0,050485
normal;100.mat;48000;4585;0,0955208;-0,032961
normal;100.mat;48000;4586;0,0955417;0,013977
normal;100.mat;48000;4587;0,0955625;0,028580
normal;100.mat;48000;4588;0,0955833;0,001252
normal;100.mat;48000;4589;0,0956042;-0,057161
normal;100.mat;48000;4590;0,0956250;-0,099092
normal;100.mat;48000;4591;0,0956458;-0,073433
normal;100.mat;48000;4592;0,0956667;-0,015646
normal;100.mat;48000;4593;0,0956875;0,019401
normal;100.mat;48000;4594;0,0957083;0,002921
normal;100.mat;48000;4595;0,0957292;-0,050485
normal;100.mat;48000;4596;0,0957500;-0,080943
normal;100.mat;48000;4597;0,0957708;-0,070512
normal;100.mat;48000;4598;0,0957917;-0,053614
normal;100.mat;48000;4599;0,0958125;-0,059873
normal;100.mat;48000;4600;0,0958333;-0,095546
normal;100.mat;48000;4601;0,0958542;-0,108271
normal;100.mat;48000;4602;0,0958750;-0,061333
normal;100.mat;48000;4603;0,0958958;0,025034
normal;100.mat;48000;4604;0,0959167;0,109523
normal;100.mat;48000;4605;0,0959375;0,128090
normal;100.mat;48000;4606;0,0959583;0,088244
normal;100.mat;48000;4607;0,0959792;0,035047
normal;100.mat;48000;4608;0,0960000;0,006050
normal;100.mat;48000;4609;0,0960208;0,023365
normal;100.mat;48000;4610;0,0960417;0,032335
normal;100.mat;48000;4611;0,0960625;0,003755
normal;100.mat;48000;4612;0,0960833;-0,039637
normal;100.mat;48000;4613;0,0961042;-0,059455
normal;100.mat;48000;4614;0,0961250;-0,024199
normal;100.mat;48000;4615;0,0961458;0,025451
normal;100.mat;48000;4616;0,0961667;0,045270
normal;100.mat;48000;4617;0,0961875;0,020862
normal;100.mat;48000;4618;0,0962083;-0,008553
normal;100.mat;48000;4619;0,0962292;-0,003129
normal;100.mat;48000;4620;0,0962500;0,039220
normal;100.mat;48000;4621;0,0962708;0,087410
normal;100.mat;48000;4622;0,0962917;0,080734
normal;100.mat;48000;4623;0,0963125;0,028580
normal;100.mat;48000;4624;0,0963333;-0,027954
normal;100.mat;48000;4625;0,0963542;-0,044644
normal;100.mat;48000;4626;0,0963750;-0,018775
normal;100.mat;48000;4627;0,0963958;0,000209
normal;100.mat;48000;4628;0,0964167;-0,008553
normal;100.mat;48000;4629;0,0964375;-0,051528
normal;100.mat;48000;4630;0,0964583;-0,062585
normal;100.mat;48000;4631;0,0964792;-0,025868
normal;100.mat;48000;4632;0,0965000;0,020236
normal;100.mat;48000;4633;0,0965208;0,047564
normal;100.mat;48000;4634;0,0965417;0,001669
normal;100.mat;48000;4635;0,0965625;-0,047147
normal;100.mat;48000;4636;0,0965833;-0,061124
normal;100.mat;48000;4637;0,0966042;-0,025242
normal;100.mat;48000;4638;0,0966250;0,046313
normal;100.mat;48000;4639;0,0966458;0,086993
normal;100.mat;48000;4640;0,0966667;0,088662
normal;100.mat;48000;4641;0,0966875;0,054449
normal;100.mat;48000;4642;0,0967083;0,047773
normal;100.mat;48000;4643;0,0967292;0,057995
normal;100.mat;48000;4644;0,0967500;0,045478
normal;100.mat;48000;4645;0,0967708;0,017941
normal;100.mat;48000;4646;0,0967917;-0,028998
normal;100.mat;48000;4647;0,0968125;-0,043183
normal;100.mat;48000;4648;0,0968333;-0,006884
normal;100.mat;48000;4649;0,0968542;0,064045
normal;100.mat;48000;4650;0,0968750;0,139981
normal;100.mat;48000;4651;0,0968958;0,141233
normal;100.mat;48000;4652;0,0969167;0,097423
normal;100.mat;48000;4653;0,0969375;0,069260
normal;100.mat;48000;4654;0,0969583;0,062585
normal;100.mat;48000;4655;0,0969792;0,072807
normal;100.mat;48000;4656;0,0970000;0,066548
normal;100.mat;48000;4657;0,0970208;0,052362
normal;100.mat;48000;4658;0,0970417;0,038385
normal;100.mat;48000;4659;0,0970625;0,049025
normal;100.mat;48000;4660;0,0970833;0,089079
normal;100.mat;48000;4661;0,0971042;0,119537
normal;100.mat;48000;4662;0,0971250;0,104725
normal;100.mat;48000;4663;0,0971458;0,034839
normal;100.mat;48000;4664;0,0971667;-0,025242
normal;100.mat;48000;4665;0,0971875;-0,039846
normal;100.mat;48000;4666;0,0972083;0,001460
normal;100.mat;48000;4667;0,0972292;0,054449
normal;100.mat;48000;4668;0,0972500;0,078439
normal;100.mat;48000;4669;0,0972708;0,082194
normal;100.mat;48000;4670;0,0972917;0,087201
normal;100.mat;48000;4671;0,0973125;0,115990
normal;100.mat;48000;4672;0,0973333;0,150203
normal;100.mat;48000;4673;0,0973542;0,172734
normal;100.mat;48000;4674;0,0973750;0,142693
normal;100.mat;48000;4675;0,0973958;0,088244
normal;100.mat;48000;4676;0,0974167;0,068217
normal;100.mat;48000;4677;0,0974375;0,085532
normal;100.mat;48000;4678;0,0974583;0,120788
normal;100.mat;48000;4679;0,0974792;0,120580
normal;100.mat;48000;4680;0,0975000;0,085324
normal;100.mat;48000;4681;0,0975208;0,055074
normal;100.mat;48000;4682;0,0975417;0,050068
normal;100.mat;48000;4683;0,0975625;0,070721
normal;100.mat;48000;4684;0,0975833;0,099301
normal;100.mat;48000;4685;0,0976042;0,096380
normal;100.mat;48000;4686;0,0976250;0,055074
normal;100.mat;48000;4687;0,0976458;0,021279
normal;100.mat;48000;4688;0,0976667;0,023156
normal;100.mat;48000;4689;0,0976875;0,040889
normal;100.mat;48000;4690;0,0977083;0,046313
normal;100.mat;48000;4691;0,0977292;0,020444
normal;100.mat;48000;4692;0,0977500;-0,009596
normal;100.mat;48000;4693;0,0977708;-0,007093
normal;100.mat;48000;4694;0,0977917;0,017941
normal;100.mat;48000;4695;0,0978125;0,058204
normal;100.mat;48000;4696;0,0978333;0,065297
normal;100.mat;48000;4697;0,0978542;0,032544
normal;100.mat;48000;4698;0,0978750;-0,010431
normal;100.mat;48000;4699;0,0978958;-0,039846
normal;100.mat;48000;4700;0,0979167;-0,033170
normal;100.mat;48000;4701;0,0979375;-0,015229
normal;100.mat;48000;4702;0,0979583;-0,003755
normal;100.mat;48000;4703;0,0979792;-0,013560
normal;100.mat;48000;4704;0,0980000;-0,017106
normal;100.mat;48000;4705;0,0980208;0,013351
normal;100.mat;48000;4706;0,0980417;0,058204
normal;100.mat;48000;4707;0,0980625;0,085741
normal;100.mat;48000;4708;0,0980833;0,058830
normal;100.mat;48000;4709;0,0981042;-0,004590
normal;100.mat;48000;4710;0,0981250;-0,059038
normal;100.mat;48000;4711;0,0981458;-0,085741
normal;100.mat;48000;4712;0,0981667;-0,071346
normal;100.mat;48000;4713;0,0981875;-0,061959
normal;100.mat;48000;4714;0,0982083;-0,066757
normal;100.mat;48000;4715;0,0982292;-0,065088
normal;100.mat;48000;4716;0,0982500;-0,053823
normal;100.mat;48000;4717;0,0982708;-0,009596
normal;100.mat;48000;4718;0,0982917;0,024825
normal;100.mat;48000;4719;0,0983125;0,013560
normal;100.mat;48000;4720;0,0983333;-0,035047
normal;100.mat;48000;4721;0,0983542;-0,074893
normal;100.mat;48000;4722;0,0983750;-0,063419
normal;100.mat;48000;4723;0,0983958;-0,017941
normal;100.mat;48000;4724;0,0984167;0,030249
normal;100.mat;48000;4725;0,0984375;0,051945
normal;100.mat;48000;4726;0,0984583;0,046104
normal;100.mat;48000;4727;0,0984792;0,038802
normal;100.mat;48000;4728;0,0985000;0,044435
normal;100.mat;48000;4729;0,0985208;0,041097
normal;100.mat;48000;4730;0,0985417;0,015229
normal;100.mat;48000;4731;0,0985625;-0,036299
normal;100.mat;48000;4732;0,0985833;-0,088036
normal;100.mat;48000;4733;0,0986042;-0,091582
normal;100.mat;48000;4734;0,0986250;-0,036716
normal;100.mat;48000;4735;0,0986458;0,031918
normal;100.mat;48000;4736;0,0986667;0,059038
normal;100.mat;48000;4737;0,0986875;0,057161
normal;100.mat;48000;4738;0,0987083;0,054449
normal;100.mat;48000;4739;0,0987292;0,064254
normal;100.mat;48000;4740;0,0987500;0,093251
normal;100.mat;48000;4741;0,0987708;0,102639
normal;100.mat;48000;4742;0,0987917;0,079691
normal;100.mat;48000;4743;0,0988125;0,039637
normal;100.mat;48000;4744;0,0988333;0,009388
normal;100.mat;48000;4745;0,0988542;0,023782
normal;100.mat;48000;4746;0,0988750;0,056952
normal;100.mat;48000;4747;0,0988958;0,073224
normal;100.mat;48000;4748;0,0989167;0,050694
normal;100.mat;48000;4749;0,0989375;-0,001043
normal;100.mat;48000;4750;0,0989583;-0,020444
normal;100.mat;48000;4751;0,0989792;0,003755
normal;100.mat;48000;4752;0,0990000;0,042975
normal;100.mat;48000;4753;0,0990208;0,046730
normal;100.mat;48000;4754;0,0990417;-0,001252
normal;100.mat;48000;4755;0,0990625;-0,045895
normal;100.mat;48000;4756;0,0990833;-0,063628
normal;100.mat;48000;4757;0,0991042;-0,035047
normal;100.mat;48000;4758;0,0991250;0,020236
normal;100.mat;48000;4759;0,0991458;0,060707
normal;100.mat;48000;4760;0,0991667;0,066340
normal;100.mat;48000;4761;0,0991875;0,051111
normal;100.mat;48000;4762;0,0992083;0,063628
normal;100.mat;48000;4763;0,0992292;0,090748
normal;100.mat;48000;4764;0,0992500;0,085324
normal;100.mat;48000;4765;0,0992708;0,015646
normal;100.mat;48000;4766;0,0992917;-0,077396
normal;100.mat;48000;4767;0,0993125;-0,126421
normal;100.mat;48000;4768;0,0993333;-0,129759
normal;100.mat;48000;4769;0,0993542;-0,086367
normal;100.mat;48000;4770;0,0993750;-0,021696
normal;100.mat;48000;4771;0,0993958;0,015020
normal;100.mat;48000;4772;0,0994167;0,033796
normal;100.mat;48000;4773;0,0994375;0,063002
normal;100.mat;48000;4774;0,0994583;0,112652
normal;100.mat;48000;4775;0,0994792;0,139146
normal;100.mat;48000;4776;0,0995000;0,109523
normal;100.mat;48000;4777;0,0995208;0,039220
normal;100.mat;48000;4778;0,0995417;-0,024617
normal;100.mat;48000;4779;0,0995625;-0,020027
normal;100.mat;48000;4780;0,0995833;0,028163
normal;100.mat;48000;4781;0,0996042;0,073224
normal;100.mat;48000;4782;0,0996250;0,071972
normal;100.mat;48000;4783;0,0996458;0,035047
normal;100.mat;48000;4784;0,0996667;0,015855
normal;100.mat;48000;4785;0,0996875;0,015020
normal;100.mat;48000;4786;0,0997083;0,038594
normal;100.mat;48000;4787;0,0997292;0,041514
normal;100.mat;48000;4788;0,0997500;0,001878
normal;100.mat;48000;4789;0,0997708;-0,057995
normal;100.mat;48000;4790;0,0997917;-0,085324
normal;100.mat;48000;4791;0,0998125;-0,034839
normal;100.mat;48000;4792;0,0998333;0,016898
normal;100.mat;48000;4793;0,0998542;0,039428
normal;100.mat;48000;4794;0,0998750;0,024825
normal;100.mat;48000;4795;0,0998958;-0,002921
normal;100.mat;48000;4796;0,0999167;-0,008553
normal;100.mat;48000;4797;0,0999375;-0,003964
normal;100.mat;48000;4798;0,0999583;0,031710
normal;100.mat;48000;4799;0,0999792;0,052988
pista interna;212.mat;12000;0;0,0000000;0,189237
pista interna;212.mat;12000;1;0,0000833;0,432077
pista interna;212.mat;12000;2;0,0001667;0,157562
pista interna;212.mat;12000;3;0,0002500;-0,201013
pista interna;212.mat;12000;4;0,0003333;-0,165684
pista interna;212.mat;12000;5;0,0004167;0,001624
pista interna;212.mat;12000;6;0,0005000;0,081624
pista interna;212.mat;12000;7;0,0005833;-0,009746
pista interna;212.mat;12000;8;0,0006667;-0,054416
pista interna;212.mat;12000;9;0,0007500;-0,107613
pista interna;212.mat;12000;10;0,0008333;0,045482
pista interna;212.mat;12000;11;0,0009167;0,379692
pista interna;212.mat;12000;12;0,0010000;0,196953
pista interna;212.mat;12000;13;0,0010833;-0,246901
pista interna;212.mat;12000;14;0,0011667;-0,273703
pista interna;212.mat;12000;15;0,0012500;0,167714
pista interna;212.mat;12000;16;0,0013333;0,259490
pista interna;212.mat;12000;17;0,0014167;-0,156344
pista interna;212.mat;12000;18;0,0015000;-0,199389
pista interna;212.mat;12000;19;0,0015833;0,182740
pista interna;212.mat;12000;20;0,0016667;0,262333
pista interna;212.mat;12000;21;0,0017500;-0,147410
pista interna;212.mat;12000;22;0,0018333;-0,331368
pista interna;212.mat;12000;23;0,0019167;-0,129542
pista interna;212.mat;12000;24;0,0020000;-0,066598
pista interna;212.mat;12000;25;0,0020833;-0,072690
pista interna;212.mat;12000;26;0,0021667;-0,027208
pista interna;212.mat;12000;27;0,0022500;0,058477
pista interna;212.mat;12000;28;0,0023333;0,061725
pista interna;212.mat;12000;29;0,0024167;0,036142
pista interna;212.mat;12000;30;0,0025000;0,120202
pista interna;212.mat;12000;31;0,0025833;0,071471
pista interna;212.mat;12000;32;0,0026667;-0,046700
pista interna;212.mat;12000;33;0,0027500;-0,190049
pista interna;212.mat;12000;34;0,0028333;-0,288322
pista interna;212.mat;12000;35;0,0029167;0,103958
pista interna;212.mat;12000;36;0,0030000;0,775222
pista interna;212.mat;12000;37;0,0030833;0,441011
pista interna;212.mat;12000;38;0,0031667;-0,759790
pista interna;212.mat;12000;39;0,0032500;-0,486493
pista interna;212.mat;12000;40;0,0033333;0,891769
pista interna;212.mat;12000;41;0,0034167;0,681415
pista interna;212.mat;12000;42;0,0035000;-0,776846
pista interna;212.mat;12000;43;0,0035833;-0,834917
pista interna;212.mat;12000;44;0,0036667;0,679791
pista interna;212.mat;12000;45;0,0037500;1,135828
pista interna;212.mat;12000;46;0,0038333;-0,135633
pista interna;212.mat;12000;47;0,0039167;-1,523642
pista interna;212.mat;12000;48;0,0040000;-0,967301
pista interna;212.mat;12000;49;0,0040833;0,951464
pista interna;212.mat;12000;50;0,0041667;0,830044
pista interna;212.mat;12000;51;0,0042500;-1,345775
pista interna;212.mat;12000;52;0,0043333;-1,668615
pista interna;212.mat;12000;53;0,0044167;0,927911
pista interna;212.mat;12000;54;0,0045000;1,738868
pista interna;212.mat;12000;55;0,0045833;-0,687913
pista interna;212.mat;12000;56;0,0046667;-1,619884
pista interna;212.mat;12000;57;0,0047500;0,427610
pista interna;212.mat;12000;58;0,0048333;1,554504
pista interna;212.mat;12000;59;0,0049167;0,128730
pista interna;212.mat;12000;60;0,0050000;-0,804054
pista interna;212.mat;12000;61;0,0050833;0,258272
pista interna;212.mat;12000;62;0,0051667;1,127706
pista interna;212.mat;12000;63;0,0052500;0,447509
pista interna;212.mat;12000;64;0,0053333;-0,278170
pista interna;212.mat;12000;65;0,0054167;-0,154719
pista interna;212.mat;12000;66;0,0055000;0,099898
pista interna;212.mat;12000;67;0,0055833;0,068629
pista interna;212.mat;12000;68;0,0056667;-0,153095
pista interna;212.mat;12000;69;0,0057500;-0,356951
pista interna;212.mat;12000;70;0,0058333;-0,171369
pista interna;212.mat;12000;71;0,0059167;0,111268
pista interna;212.mat;12000;72;0,0060000;-0,033705
pista interna;212.mat;12000;73;0,0060833;-0,322840
pista interna;212.mat;12000;74;0,0061667;-0,170557
pista interna;212.mat;12000;75;0,0062500;0,187613
pista interna;212.mat;12000;76;0,0063333;-0,088527
pista interna;212.mat;12000;77;0,0064167;-0,309033
pista interna;212.mat;12000;78;0,0065000;0,242841
pista interna;212.mat;12000;79;0,0065833;0,648522
pista interna;212.mat;12000;80;0,0066667;0,060507
pista interna;212.mat;12000;81;0,0067500;-0,388220
pista interna;212.mat;12000;82;0,0068333;0,235531
pista interna;212.mat;12000;83;0,0069167;0,535630
pista interna;212.mat;12000;84;0,0070000;-0,079187
pista interna;212.mat;12000;85;0,0070833;-0,521417
pista interna;212.mat;12000;86;0,0071667;-0,089745
pista interna;212.mat;12000;87;0,0072500;0,392281
pista interna;212.mat;12000;88;0,0073333;0,203450
pista interna;212.mat;12000;89;0,0074167;-0,211572
pista interna;212.mat;12000;90;0,0075000;-0,323652
pista interna;212.mat;12000;91;0,0075833;0,017056
pista interna;212.mat;12000;92;0,0076667;0,273703
pista interna;212.mat;12000;93;0,0077500;0,118984
pista interna;212.mat;12000;94;0,0078333;-0,246495
pista interna;212.mat;12000;95;0,0079167;-0,205074
pista interna;212.mat;12000;96;0,0080000;0,384971
pista interna;212.mat;12000;97;0,0080833;0,437357
pista interna;212.mat;12000;98;0,0081667;-0,178273
pista interna;212.mat;12000;99;0,0082500;-0,376443
pista interna;212.mat;12000;100;0,0083333;0,071878
pista interna;212.mat;12000;101;0,0084167;0,192080
pista interna;212.mat;12000;102;0,0085000;-0,288322
pista interna;212.mat;12000;103;0,0085833;-0,245683
pista interna;212.mat;12000;104;0,0086667;0,304566
pista interna;212.mat;12000;105;0,0087500;0,207105
pista interna;212.mat;12000;106;0,0088333;-0,332586
pista interna;212.mat;12000;107;0,0089167;-0,248932
pista interna;212.mat;12000;108;0,0090000;0,197359
pista interna;212.mat;12000;109;0,0090833;-0,021929
pista interna;212.mat;12000;110;0,0091667;-0,475123
pista interna;212.mat;12000;111;0,0092500;-0,281419
pista interna;212.mat;12000;112;0,0093333;0,296444
pista interna;212.mat;12000;113;0,0094167;0,294414
pista interna;212.mat;12000;114;0,0095000;-0,274515
pista interna;212.mat;12000;115;0,0095833;-0,233907
pista interna;212.mat;12000;116;0,0096667;0,238374
pista interna;212.mat;12000;117;0,0097500;0,263145
pista interna;212.mat;12000;118;0,0098333;-0,057664
pista interna;212.mat;12000;119;0,0099167;-0,185988
pista interna;212.mat;12000;120;0,0100000;0,105177
pista interna;212.mat;12000;121;0,0100833;0,356951
pista interna;212.mat;12000;122;0,0101667;0,266394
pista interna;212.mat;12000;123;0,0102500;0,002843
pista interna;212.mat;12000;124;0,0103333;-0,127918
pista interna;212.mat;12000;125;0,0104167;0,045888
pista interna;212.mat;12000;126;0,0105000;0,263145
pista interna;212.mat;12000;127;0,0105833;0,077969
pista interna;212.mat;12000;128;0,0106667;-0,269236
pista interna;212.mat;12000;129;0,0107500;-0,064974
pista interna;212.mat;12000;130;0,0108333;0,194516
pista interna;212.mat;12000;131;0,0109167;-0,059695
pista interna;212.mat;12000;132;0,0110000;-0,278982
pista interna;212.mat;12000;133;0,0110833;-0,135227
pista interna;212.mat;12000;134;0,0111667;0,013401
pista interna;212.mat;12000;135;0,0112500;-0,175024
pista interna;212.mat;12000;136;0,0113333;-0,200607
pista interna;212.mat;12000;137;0,0114167;0,024365
pista interna;212.mat;12000;138;0,0115000;-0,010152
pista interna;212.mat;12000;139;0,0115833;-0,128324
pista interna;212.mat;12000;140;0,0116667;0,066598
pista interna;212.mat;12000;141;0,0117500;0,330149
pista interna;212.mat;12000;142;0,0118333;0,056852
pista interna;212.mat;12000;143;0,0119167;-0,227409
pista interna;212.mat;12000;144;0,0120000;0,067817
pista interna;212.mat;12000;145;0,0120833;0,330149
pista interna;212.mat;12000;146;0,0121667;0,045482
pista interna;212.mat;12000;147;0,0122500;-0,187206
pista interna;212.mat;12000;148;0,0123333;0,161217
pista interna;212.mat;12000;149;0,0124167;0,281419
pista interna;212.mat;12000;150;0,0125000;-0,020710
pista interna;212.mat;12000;151;0,0125833;-0,079999
pista interna;212.mat;12000;152;0,0126667;0,064162
pista interna;212.mat;12000;153;0,0127500;-0,041827
pista interna;212.mat;12000;154;0,0128333;-0,257866
pista interna;212.mat;12000;155;0,0129167;-0,026396
pista interna;212.mat;12000;156;0,0130000;0,184364
pista interna;212.mat;12000;157;0,0130833;-0,109238
pista interna;212.mat;12000;158;0,0131667;-0,279795
pista interna;212.mat;12000;159;0,0132500;0,051979
pista interna;212.mat;12000;160;0,0133333;0,264363
pista interna;212.mat;12000;161;0,0134167;-0,051979
pista interna;212.mat;12000;162;0,0135000;-0,216851
pista interna;212.mat;12000;163;0,0135833;0,087715
pista interna;212.mat;12000;164;0,0136667;0,287510
pista interna;212.mat;12000;165;0,0137500;0,099898
pista interna;212.mat;12000;166;0,0138333;-0,073502
pista interna;212.mat;12000;167;0,0139167;0,021929
pista interna;212.mat;12000;168;0,0140000;0,079187
pista interna;212.mat;12000;169;0,0140833;-0,012995
pista interna;212.mat;12000;170;0,0141667;-0,080811
pista interna;212.mat;12000;171;0,0142500;-0,075532
pista interna;212.mat;12000;172;0,0143333;-0,049949
pista interna;212.mat;12000;173;0,0144167;0,008122
pista interna;212.mat;12000;174;0,0145000;0,038172
pista interna;212.mat;12000;175;0,0145833;-0,017462
pista interna;212.mat;12000;176;0,0146667;-0,005685
pista interna;212.mat;12000;177;0,0147500;0,009746
pista interna;212.mat;12000;178;0,0148333;-0,092588
pista interna;212.mat;12000;179;0,0149167;-0,087715
pista interna;212.mat;12000;180;0,0150000;0,053198
pista interna;212.mat;12000;181;0,0150833;0,051979
pista interna;212.mat;12000;182;0,0151667;-0,084060
pista interna;212.mat;12000;183;0,0152500;-0,034924
pista interna;212.mat;12000;184;0,0153333;0,220100
pista interna;212.mat;12000;185;0,0154167;0,194110
pista interna;212.mat;12000;186;0,0155000;-0,099085
pista interna;212.mat;12000;187;0,0155833;-0,078375
pista interna;212.mat;12000;188;0,0156667;0,267612
pista interna;212.mat;12000;189;0,0157500;0,230658
pista interna;212.mat;12000;190;0,0158333;-0,272079
pista interna;212.mat;12000;191;0,0159167;-0,469438
pista interna;212.mat;12000;192;0,0160000;-0,056040
pista interna;212.mat;12000;193;0,0160833;0,354109
pista interna;212.mat;12000;194;0,0161667;-0,112080
pista interna;212.mat;12000;195;0,0162500;-0,681821
pista interna;212.mat;12000;196;0,0163333;-0,173400
pista interna;212.mat;12000;197;0,0164167;0,485681
pista interna;212.mat;12000;198;0,0165000;0,158780
pista interna;212.mat;12000;199;0,0165833;-0,592076
pista interna;212.mat;12000;200;0,0166667;-0,311063
pista interna;212.mat;12000;201;0,0167500;0,945372
pista interna;212.mat;12000;202;0,0168333;1,024560
pista interna;212.mat;12000;203;0,0169167;-0,536442
pista interna;212.mat;12000;204;0,0170000;-0,919789
pista interna;212.mat;12000;205;0,0170833;0,926692
pista interna;212.mat;12000;206;0,0171667;1,224761
pista interna;212.mat;12000;207;0,0172500;-0,924256
pista interna;212.mat;12000;208;0,0173333;-1,301105
pista interna;212.mat;12000;209;0,0174167;0,593294
pista interna;212.mat;12000;210;0,0175000;1,226385
pista interna;212.mat;12000;211;0,0175833;-0,537660
pista interna;212.mat;12000;212;0,0176667;-1,374607
pista interna;212.mat;12000;213;0,0177500;0,110862
pista interna;212.mat;12000;214;0,0178333;0,845069
pista interna;212.mat;12000;215;0,0179167;-0,305378
pista interna;212.mat;12000;216;0,0180000;-1,084661
pista interna;212.mat;12000;217;0,0180833;0,023959
pista interna;212.mat;12000;218;0,0181667;0,888520
pista interna;212.mat;12000;219;0,0182500;0,144161
pista interna;212.mat;12000;220;0,0183333;-0,460098
pista interna;212.mat;12000;221;0,0184167;0,136039
pista interna;212.mat;12000;222;0,0185000;0,781719
pista interna;212.mat;12000;223;0,0185833;0,164059
pista interna;212.mat;12000;224;0,0186667;-0,336647
pista interna;212.mat;12000;225;0,0187500;0,237155
pista interna;212.mat;12000;226;0,0188333;0,662735
pista interna;212.mat;12000;227;0,0189167;0,140100
pista interna;212.mat;12000;228;0,0190000;-0,438981
pista interna;212.mat;12000;229;0,0190833;-0,011777
pista interna;212.mat;12000;230;0,0191667;0,493397
pista interna;212.mat;12000;231;0,0192500;0,067817
pista interna;212.mat;12000;232;0,0193333;-0,679385
pista interna;212.mat;12000;233;0,0194167;-0,533599
pista interna;212.mat;12000;234;0,0195000;0,147004
pista interna;212.mat;12000;235;0,0195833;0,237561
pista interna;212.mat;12000;236;0,0196667;-0,171775
pista interna;212.mat;12000;237;0,0197500;-0,385377
pista interna;212.mat;12000;238;0,0198333;-0,099492
pista interna;212.mat;12000;239;0,0199167;0,232282
pista interna;212.mat;12000;240;0,0200000;0,238374
pista interna;212.mat;12000;241;0,0200833;-0,198983
pista interna;212.mat;12000;242;0,0201667;-0,493397
pista interna;212.mat;12000;243;0,0202500;0,046294
pista interna;212.mat;12000;244;0,0203333;0,687913
pista interna;212.mat;12000;245;0,0204167;0,327307
pista interna;212.mat;12000;246;0,0205000;-0,585173
pista interna;212.mat;12000;247;0,0205833;-0,369134
pista interna;212.mat;12000;248;0,0206667;0,621720
pista interna;212.mat;12000;249;0,0207500;0,519386
pista interna;212.mat;12000;250;0,0208333;-0,395936
pista interna;212.mat;12000;251;0,0209167;-0,480402
pista interna;212.mat;12000;252;0,0210000;0,345581
pista interna;212.mat;12000;253;0,0210833;0,527914
pista interna;212.mat;12000;254;0,0211667;-0,138476
pista interna;212.mat;12000;255;0,0212500;-0,347205
pista interna;212.mat;12000;256;0,0213333;-0,008934
pista interna;212.mat;12000;257;0,0214167;-0,020304
pista interna;212.mat;12000;258;0,0215000;-0,326901
pista interna;212.mat;12000;259;0,0215833;-0,150659
pista interna;212.mat;12000;260;0,0216667;0,155532
pista interna;212.mat;12000;261;0,0217500;0,021117
pista interna;212.mat;12000;262;0,0218333;-0,043045
pista interna;212.mat;12000;263;0,0219167;0,194922
pista interna;212.mat;12000;264;0,0220000;0,303754
pista interna;212.mat;12000;265;0,0220833;0,024365
pista interna;212.mat;12000;266;0,0221667;-0,073908
pista interna;212.mat;12000;267;0,0222500;0,134009
pista interna;212.mat;12000;268;0,0223333;-0,073908
pista interna;212.mat;12000;269;0,0224167;-0,169745
pista interna;212.mat;12000;270;0,0225000;0,367916
pista interna;212.mat;12000;271;0,0225833;0,288728
pista interna;212.mat;12000;272;0,0226667;-0,566899
pista interna;212.mat;12000;273;0,0227500;-0,337053
pista interna;212.mat;12000;274;0,0228333;0,482838
pista interna;212.mat;12000;275;0,0229167;-0,164466
pista interna;212.mat;12000;276;0,0230000;-0,967301
pista interna;212.mat;12000;277;0,0230833;-0,423550
pista interna;212.mat;12000;278;0,0231667;0,725679
pista interna;212.mat;12000;279;0,0232500;1,046488
pista interna;212.mat;12000;280;0,0233333;-0,310657
pista interna;212.mat;12000;281;0,0234167;-1,279989
pista interna;212.mat;12000;282;0,0235000;0,199795
pista interna;212.mat;12000;283;0,0235833;1,634503
pista interna;212.mat;12000;284;0,0236667;-0,061725
pista interna;212.mat;12000;285;0,0237500;-1,513489
pista interna;212.mat;12000;286;0,0238333;0,305378
pista interna;212.mat;12000;287;0,0239167;1,768512
pista interna;212.mat;12000;288;0,0240000;0,196953
pista interna;212.mat;12000;289;0,0240833;-1,338465
pista interna;212.mat;12000;290;0,0241667;-0,136039
pista interna;212.mat;12000;291;0,0242500;0,928723
pista interna;212.mat;12000;292;0,0243333;0,008122
pista interna;212.mat;12000;293;0,0244167;-0,803242
pista interna;212.mat;12000;294;0,0245000;-0,376850
pista interna;212.mat;12000;295;0,0245833;0,130354
pista interna;212.mat;12000;296;0,0246667;0,144161
pista interna;212.mat;12000;297;0,0247500;0,052791
pista interna;212.mat;12000;298;0,0248333;-0,293601
pista interna;212.mat;12000;299;0,0249167;-0,297662
pista interna;212.mat;12000;300;0,0250000;0,252181
pista interna;212.mat;12000;301;0,0250833;0,409337
pista interna;212.mat;12000;302;0,0251667;-0,149440
pista interna;212.mat;12000;303;0,0252500;-0,244871
pista interna;212.mat;12000;304;0,0253333;0,548219
pista interna;212.mat;12000;305;0,0254167;0,436138
pista interna;212.mat;12000;306;0,0255000;-0,402433
pista interna;212.mat;12000;307;0,0255833;-0,140506
pista interna;212.mat;12000;308;0,0256667;0,549031
pista interna;212.mat;12000;309;0,0257500;0,110862
pista interna;212.mat;12000;310;0,0258333;-0,609132
pista interna;212.mat;12000;311;0,0259167;-0,105177
pista interna;212.mat;12000;312;0,0260000;0,562026
pista interna;212.mat;12000;313;0,0260833;0,025990
pista interna;212.mat;12000;314;0,0261667;-0,488524
pista interna;212.mat;12000;315;0,0262500;0,081218
pista interna;212.mat;12000;316;0,0263333;0,378068
pista interna;212.mat;12000;317;0,0264167;-0,257866
pista interna;212.mat;12000;318;0,0265000;-0,458067
pista interna;212.mat;12000;319;0,0265833;0,011777
pista interna;212.mat;12000;320;0,0266667;0,132385
pista interna;212.mat;12000;321;0,0267500;-0,037766
pista interna;212.mat;12000;322;0,0268333;-0,045888
pista interna;212.mat;12000;323;0,0269167;-0,065380
pista interna;212.mat;12000;324;0,0270000;-0,202638
pista interna;212.mat;12000;325;0,0270833;0,004061
pista interna;212.mat;12000;326;0,0271667;0,365885
pista interna;212.mat;12000;327;0,0272500;0,070659
pista interna;212.mat;12000;328;0,0273333;-0,302129
pista interna;212.mat;12000;329;0,0274167;0,101928
pista interna;212.mat;12000;330;0,0275000;0,577457
pista interna;212.mat;12000;331;0,0275833;0,207105
pista interna;212.mat;12000;332;0,0276667;-0,263957
pista interna;212.mat;12000;333;0,0277500;0,069441
pista interna;212.mat;12000;334;0,0278333;0,359388
pista interna;212.mat;12000;335;0,0279167;-0,061725
pista interna;212.mat;12000;336;0,0280000;-0,398372
pista interna;212.mat;12000;337;0,0280833;-0,011370
pista interna;212.mat;12000;338;0,0281667;0,299287
pista interna;212.mat;12000;339;0,0282500;-0,041015
pista interna;212.mat;12000;340;0,0283333;-0,235937
pista interna;212.mat;12000;341;0,0284167;0,002843
pista interna;212.mat;12000;342;0,0285000;0,108425
pista interna;212.mat;12000;343;0,0285833;-0,104365
pista interna;212.mat;12000;344;0,0286667;-0,233094
pista interna;212.mat;12000;345;0,0287500;-0,317967
pista interna;212.mat;12000;346;0,0288333;-0,082842
pista interna;212.mat;12000;347;0,0289167;0,459285
pista interna;212.mat;12000;348;0,0290000;0,178273
pista interna;212.mat;12000;349;0,0290833;-0,480402
pista interna;212.mat;12000;350;0,0291667;-0,097867
pista interna;212.mat;12000;351;0,0292500;0,680197
pista interna;212.mat;12000;352;0,0293333;-0,099492
pista interna;212.mat;12000;353;0,0294167;-1,035930
pista interna;212.mat;12000;354;0,0295000;-0,205074
pista interna;212.mat;12000;355;0,0295833;0,896642
pista interna;212.mat;12000;356;0,0296667;0,492991
pista interna;212.mat;12000;357;0,0297500;-0,782531
pista interna;212.mat;12000;358;0,0298333;-0,559995
pista interna;212.mat;12000;359;0,0299167;0,557559
pista interna;212.mat;12000;360;0,0300000;0,555934
pista interna;212.mat;12000;361;0,0300833;-0,335835
pista interna;212.mat;12000;362;0,0301667;-0,481620
pista interna;212.mat;12000;363;0,0302500;0,534412
pista interna;212.mat;12000;364;0,0303333;0,872683
pista interna;212.mat;12000;365;0,0304167;0,089745
pista interna;212.mat;12000;366;0,0305000;-0,356139
pista interna;212.mat;12000;367;0,0305833;0,049137
pista interna;212.mat;12000;368;0,0306667;0,424362
pista interna;212.mat;12000;369;0,0307500;0,116547
pista interna;212.mat;12000;370;0,0308333;-0,377256
pista interna;212.mat;12000;371;0,0309167;-0,420301
pista interna;212.mat;12000;372;0,0310000;-0,155532
pista interna;212.mat;12000;373;0,0310833;0,189643
pista interna;212.mat;12000;374;0,0311667;0,064974
pista interna;212.mat;12000;375;0,0312500;-0,479184
pista interna;212.mat;12000;376;0,0313333;-0,516950
pista interna;212.mat;12000;377;0,0314167;0,004873
pista interna;212.mat;12000;378;0,0315000;0,326901
pista interna;212.mat;12000;379;0,0315833;-0,134009
pista interna;212.mat;12000;380;0,0316667;-0,477559
pista interna;212.mat;12000;381;0,0317500;0,062944
pista interna;212.mat;12000;382;0,0318333;0,529132
pista interna;212.mat;12000;383;0,0319167;0,153095
pista interna;212.mat;12000;384;0,0320000;-0,259490
pista interna;212.mat;12000;385;0,0320833;0,121014
pista interna;212.mat;12000;386;0,0321667;0,487305
pista interna;212.mat;12000;387;0,0322500;0,173806
pista interna;212.mat;12000;388;0,0323333;-0,108832
pista interna;212.mat;12000;389;0,0324167;0,062538
pista interna;212.mat;12000;390;0,0325000;0,139694
pista interna;212.mat;12000;391;0,0325833;-0,055634
pista interna;212.mat;12000;392;0,0326667;0,015837
pista interna;212.mat;12000;393;0,0327500;0,234313
pista interna;212.mat;12000;394;0,0328333;0,004467
pista interna;212.mat;12000;395;0,0329167;-0,402839
pista interna;212.mat;12000;396;0,0330000;-0,238780
pista interna;212.mat;12000;397;0,0330833;0,296038
pista interna;212.mat;12000;398;0,0331667;0,227409
pista interna;212.mat;12000;399;0,0332500;-0,302129
pista interna;212.mat;12000;400;0,0333333;-0,319591
pista interna;212.mat;12000;401;0,0334167;0,180709
pista interna;212.mat;12000;402;0,0335000;0,360200
pista interna;212.mat;12000;403;0,0335833;-0,038172
pista interna;212.mat;12000;404;0,0336667;-0,313906
pista interna;212.mat;12000;405;0,0337500;-0,016244
pista interna;212.mat;12000;406;0,0338333;0,328931
pista interna;212.mat;12000;407;0,0339167;0,155532
pista interna;212.mat;12000;408;0,0340000;-0,183552
pista interna;212.mat;12000;409;0,0340833;-0,123857
pista interna;212.mat;12000;410;0,0341667;0,209947
pista interna;212.mat;12000;411;0,0342500;0,222536
pista interna;212.mat;12000;412;0,0343333;-0,143755
pista interna;212.mat;12000;413;0,0344167;-0,285074
pista interna;212.mat;12000;414;0,0345000;-0,084060
pista interna;212.mat;12000;415;0,0345833;0,084872
pista interna;212.mat;12000;416;0,0346667;0,056852
pista interna;212.mat;12000;417;0,0347500;-0,068629
pista interna;212.mat;12000;418;0,0348333;-0,076751
pista interna;212.mat;12000;419;0,0349167;-0,090964
pista interna;212.mat;12000;420;0,0350000;-0,235531
pista interna;212.mat;12000;421;0,0350833;-0,104771
pista interna;212.mat;12000;422;0,0351667;0,344769
pista interna;212.mat;12000;423;0,0352500;0,185988
pista interna;212.mat;12000;424;0,0353333;-0,473498
pista interna;212.mat;12000;425;0,0354167;-0,066192
pista interna;212.mat;12000;426;0,0355000;0,825170
pista interna;212.mat;12000;427;0,0355833;0,479590
pista interna;212.mat;12000;428;0,0356667;-0,566899
pista interna;212.mat;12000;429;0,0357500;-0,465377
pista interna;212.mat;12000;430;0,0358333;0,723242
pista interna;212.mat;12000;431;0,0359167;0,643243
pista interna;212.mat;12000;432;0,0360000;-0,515732
pista interna;212.mat;12000;433;0,0360833;-0,920601
pista interna;212.mat;12000;434;0,0361667;-0,103552
pista interna;212.mat;12000;435;0,0362500;0,792277
pista interna;212.mat;12000;436;0,0363333;0,081218
pista interna;212.mat;12000;437;0,0364167;-1,035118
pista interna;212.mat;12000;438;0,0365000;-0,597761
pista interna;212.mat;12000;439;0,0365833;0,738674
pista interna;212.mat;12000;440;0,0366667;0,662735
pista interna;212.mat;12000;441;0,0367500;-0,627000
pista interna;212.mat;12000;442;0,0368333;-0,608726
pista interna;212.mat;12000;443;0,0369167;0,512483
pista interna;212.mat;12000;444;0,0370000;0,716745
pista interna;212.mat;12000;445;0,0370833;-0,051979
pista interna;212.mat;12000;446;0,0371667;-0,362230
pista interna;212.mat;12000;447;0,0372500;0,176648
pista interna;212.mat;12000;448;0,0373333;0,417864
pista interna;212.mat;12000;449;0,0374167;0,027208
pista interna;212.mat;12000;450;0,0375000;-0,092588
pista interna;212.mat;12000;451;0,0375833;0,064162
pista interna;212.mat;12000;452;0,0376667;0,049949
pista interna;212.mat;12000;453;0,0377500;-0,045482
pista interna;212.mat;12000;454;0,0378333;-0,107613
pista interna;212.mat;12000;455;0,0379167;-0,142537
pista interna;212.mat;12000;456;0,0380000;-0,088121
pista interna;212.mat;12000;457;0,0380833;-0,131572
pista interna;212.mat;12000;458;0,0381667;-0,174212
pista interna;212.mat;12000;459;0,0382500;-0,001218
pista interna;212.mat;12000;460;0,0383333;0,207105
pista interna;212.mat;12000;461;0,0384167;0,107613
pista interna;212.mat;12000;462;0,0385000;-0,205887
pista interna;212.mat;12000;463;0,0385833;-0,038172
pista interna;212.mat;12000;464;0,0386667;0,411773
pista interna;212.mat;12000;465;0,0387500;0,384971
pista interna;212.mat;12000;466;0,0388333;-0,199389
pista interna;212.mat;12000;467;0,0389167;-0,329337
pista interna;212.mat;12000;468;0,0390000;0,256648
pista interna;212.mat;12000;469;0,0390833;0,427610
pista interna;212.mat;12000;470;0,0391667;-0,004873
pista interna;212.mat;12000;471;0,0392500;-0,356545
pista interna;212.mat;12000;472;0,0393333;-0,095431
pista interna;212.mat;12000;473;0,0394167;0,287510
pista interna;212.mat;12000;474;0,0395000;0,157968
pista interna;212.mat;12000;475;0,0395833;-0,197359
pista interna;212.mat;12000;476;0,0396667;-0,274109
pista interna;212.mat;12000;477;0,0397500;0,127512
pista interna;212.mat;12000;478;0,0398333;0,325276
pista interna;212.mat;12000;479;0,0399167;-0,006091
pista interna;212.mat;12000;480;0,0400000;-0,323246
pista interna;212.mat;12000;481;0,0400833;-0,200607
pista interna;212.mat;12000;482;0,0401667;0,189237
pista interna;212.mat;12000;483;0,0402500;0,080811
pista interna;212.mat;12000;484;0,0403333;-0,311469
pista interna;212.mat;12000;485;0,0404167;-0,275734
pista interna;212.mat;12000;486;0,0405000;-0,002030
pista interna;212.mat;12000;487;0,0405833;0,052385
pista interna;212.mat;12000;488;0,0406667;-0,134009
pista interna;212.mat;12000;489;0,0407500;-0,069847
pista interna;212.mat;12000;490;0,0408333;0,144161
pista interna;212.mat;12000;491;0,0409167;0,069441
pista interna;212.mat;12000;492;0,0410000;-0,156750
pista interna;212.mat;12000;493;0,0410833;-0,012995
pista interna;212.mat;12000;494;0,0411667;0,258272
pista interna;212.mat;12000;495;0,0412500;-0,012183
pista interna;212.mat;12000;496;0,0413333;-0,188831
pista interna;212.mat;12000;497;0,0414167;0,183552
pista interna;212.mat;12000;498;0,0415000;0,302535
pista interna;212.mat;12000;499;0,0415833;-0,092588
pista interna;212.mat;12000;500;0,0416667;-0,174618
pista interna;212.mat;12000;501;0,0417500;0,118984
pista interna;212.mat;12000;502;0,0418333;0,123857
pista interna;212.mat;12000;503;0,0419167;-0,089745
pista interna;212.mat;12000;504;0,0420000;-0,005279
pista interna;212.mat;12000;505;0,0420833;0,102740
pista interna;212.mat;12000;506;0,0421667;-0,055228
pista interna;212.mat;12000;507;0,0422500;-0,059289
pista interna;212.mat;12000;508;0,0423333;-0,044264
pista interna;212.mat;12000;509;0,0424167;-0,102740
pista interna;212.mat;12000;510;0,0425000;-0,051573
pista interna;212.mat;12000;511;0,0425833;0,060913
pista interna;212.mat;12000;512;0,0426667;0,055634
pista interna;212.mat;12000;513;0,0427500;-0,009746
pista interna;212.mat;12000;514;0,0428333;0,061319
pista interna;212.mat;12000;515;0,0429167;0,037360
pista interna;212.mat;12000;516;0,0430000;-0,127918
pista interna;212.mat;12000;517;0,0430833;-0,193704
pista interna;212.mat;12000;518;0,0431667;0,042639
pista interna;212.mat;12000;519;0,0432500;0,170963
pista interna;212.mat;12000;520;0,0433333;-0,084060
pista interna;212.mat;12000;521;0,0434167;-0,138476
pista interna;212.mat;12000;522;0,0435000;0,123857
pista interna;212.mat;12000;523;0,0435833;0,228221
pista interna;212.mat;12000;524;0,0436667;-0,001218
pista interna;212.mat;12000;525;0,0437500;-0,156750
pista interna;212.mat;12000;526;0,0438333;0,017868
pista interna;212.mat;12000;527;0,0439167;0,205480
pista interna;212.mat;12000;528;0,0440000;0,069035
pista interna;212.mat;12000;529;0,0440833;-0,043045
pista interna;212.mat;12000;530;0,0441667;0,083248
pista interna;212.mat;12000;531;0,0442500;0,112486
pista interna;212.mat;12000;532;0,0443333;0,044670
pista interna;212.mat;12000;533;0,0444167;-0,034517
pista interna;212.mat;12000;534;0,0445000;-0,009340
pista interna;212.mat;12000;535;0,0445833;0,055228
pista interna;212.mat;12000;536;0,0446667;0,052791
pista interna;212.mat;12000;537;0,0447500;0,035330
pista interna;212.mat;12000;538;0,0448333;0,096649
pista interna;212.mat;12000;539;0,0449167;0,094618
pista interna;212.mat;12000;540;0,0450000;-0,113299
pista interna;212.mat;12000;541;0,0450833;-0,129948
pista interna;212.mat;12000;542;0,0451667;-0,009746
pista interna;212.mat;12000;543;0,0452500;-0,026396
pista interna;212.mat;12000;544;0,0453333;-0,126293
pista interna;212.mat;12000;545;0,0454167;-0,100304
pista interna;212.mat;12000;546;0,0455000;0,065380
pista interna;212.mat;12000;547;0,0455833;0,123451
pista interna;212.mat;12000;548;0,0456667;0,031675
pista interna;212.mat;12000;549;0,0457500;-0,043451
pista interna;212.mat;12000;550;0,0458333;0,017462
pista interna;212.mat;12000;551;0,0459167;0,027208
pista interna;212.mat;12000;552;0,0460000;-0,021929
pista interna;212.mat;12000;553;0,0460833;-0,015837
pista interna;212.mat;12000;554;0,0461667;0,001218
pista interna;212.mat;12000;555;0,0462500;0,004873
pista interna;212.mat;12000;556;0,0463333;0,012183
pista interna;212.mat;12000;557;0,0464167;0,021523
pista interna;212.mat;12000;558;0,0465000;-0,004467
pista interna;212.mat;12000;559;0,0465833;-0,053198
pista interna;212.mat;12000;560;0,0466667;-0,058883
pista interna;212.mat;12000;561;0,0467500;0,000406
pista interna;212.mat;12000;562;0,0468333;0,006903
pista interna;212.mat;12000;563;0,0469167;-0,058071
pista interna;212.mat;12000;564;0,0470000;-0,051573
pista interna;212.mat;12000;565;0,0470833;0,094212
pista interna;212.mat;12000;566;0,0471667;0,089745
pista interna;212.mat;12000;567;0,0472500;-0,093806
pista interna;212.mat;12000;568;0,0473333;-0,160811
pista interna;212.mat;12000;569;0,0474167;-0,047918
pista interna;212.mat;12000;570;0,0475000;0,038172
pista interna;212.mat;12000;571;0,0475833;-0,013401
pista interna;212.mat;12000;572;0,0476667;0,005279
pista interna;212.mat;12000;573;0,0477500;0,028020
pista interna;212.mat;12000;574;0,0478333;-0,010152
pista interna;212.mat;12000;575;0,0479167;0,013807
pista interna;212.mat;12000;576;0,0480000;0,144161
pista interna;212.mat;12000;577;0,0480833;-0,155126
pista interna;212.mat;12000;578;0,0481667;-0,386190
pista interna;212.mat;12000;579;0,0482500;0,159593
pista interna;212.mat;12000;580;0,0483333;0,285480
pista interna;212.mat;12000;581;0,0484167;-0,146192
pista interna;212.mat;12000;582;0,0485000;-0,112892
pista interna;212.mat;12000;583;0,0485833;0,375631
pista interna;212.mat;12000;584;0,0486667;0,194922
pista interna;212.mat;12000;585;0,0487500;-0,339489
pista interna;212.mat;12000;586;0,0488333;-0,195328
pista interna;212.mat;12000;587;0,0489167;0,097055
pista interna;212.mat;12000;588;0,0490000;0,164059
pista interna;212.mat;12000;589;0,0490833;-0,060101
pista interna;212.mat;12000;590;0,0491667;-0,070253
pista interna;212.mat;12000;591;0,0492500;0,121420
pista interna;212.mat;12000;592;0,0493333;-0,078781
pista interna;212.mat;12000;593;0,0494167;-0,354921
pista interna;212.mat;12000;594;0,0495000;-0,363043
pista interna;212.mat;12000;595;0,0495833;0,013807
pista interna;212.mat;12000;596;0,0496667;0,181927
pista interna;212.mat;12000;597;0,0497500;-0,122639
pista interna;212.mat;12000;598;0,0498333;-0,095025
pista interna;212.mat;12000;599;0,0499167;0,134415
pista interna;212.mat;12000;600;0,0500000;0,079999
pista interna;212.mat;12000;601;0,0500833;-0,085278
pista interna;212.mat;12000;602;0,0501667;0,099492
pista interna;212.mat;12000;603;0,0502500;0,285480
pista interna;212.mat;12000;604;0,0503333;-0,101522
pista interna;212.mat;12000;605;0,0504167;-0,026396
pista interna;212.mat;12000;606;0,0505000;0,628218
pista interna;212.mat;12000;607;0,0505833;0,662735
pista interna;212.mat;12000;608;0,0506667;-0,185176
pista interna;212.mat;12000;609;0,0507500;-0,456443
pista interna;212.mat;12000;610;0,0508333;0,450351
pista interna;212.mat;12000;611;0,0509167;0,570147
pista interna;212.mat;12000;612;0,0510000;-0,366291
pista interna;212.mat;12000;613;0,0510833;-0,577863
pista interna;212.mat;12000;614;0,0511667;0,278576
pista interna;212.mat;12000;615;0,0512500;0,568523
pista interna;212.mat;12000;616;0,0513333;-0,161623
pista interna;212.mat;12000;617;0,0514167;-0,526696
pista interna;212.mat;12000;618;0,0515000;-0,276140
pista interna;212.mat;12000;619;0,0515833;0,015837
pista interna;212.mat;12000;620;0,0516667;0,045076
pista interna;212.mat;12000;621;0,0517500;-0,086091
pista interna;212.mat;12000;622;0,0518333;-0,203450
pista interna;212.mat;12000;623;0,0519167;-0,170557
pista interna;212.mat;12000;624;0,0520000;0,248120
pista interna;212.mat;12000;625;0,0520833;0,516544
pista interna;212.mat;12000;626;0,0521667;0,025584
pista interna;212.mat;12000;627;0,0522500;-0,507204
pista interna;212.mat;12000;628;0,0523333;-0,098679
pista interna;212.mat;12000;629;0,0524167;0,531975
pista interna;212.mat;12000;630;0,0525000;0,285074
pista interna;212.mat;12000;631;0,0525833;-0,236749
pista interna;212.mat;12000;632;0,0526667;-0,158374
pista interna;212.mat;12000;633;0,0527500;0,293195
pista interna;212.mat;12000;634;0,0528333;0,365073
pista interna;212.mat;12000;635;0,0529167;-0,021523
pista interna;212.mat;12000;636;0,0530000;-0,278576
pista interna;212.mat;12000;637;0,0530833;-0,233907
pista interna;212.mat;12000;638;0,0531667;0,020304
pista interna;212.mat;12000;639;0,0532500;0,192080
pista interna;212.mat;12000;640;0,0533333;-0,035736
pista interna;212.mat;12000;641;0,0534167;-0,388220
pista interna;212.mat;12000;642;0,0535000;-0,315936
pista interna;212.mat;12000;643;0,0535833;0,077563
pista interna;212.mat;12000;644;0,0536667;0,147004
pista interna;212.mat;12000;645;0,0537500;-0,174212
pista interna;212.mat;12000;646;0,0538333;-0,341114
pista interna;212.mat;12000;647;0,0539167;-0,019898
pista interna;212.mat;12000;648;0,0540000;0,343550
pista interna;212.mat;12000;649;0,0540833;0,204262
pista interna;212.mat;12000;650;0,0541667;-0,035330
pista interna;212.mat;12000;651;0,0542500;0,088121
pista interna;212.mat;12000;652;0,0543333;0,122232
pista interna;212.mat;12000;653;0,0544167;-0,139694
pista interna;212.mat;12000;654;0,0545000;-0,025177
pista interna;212.mat;12000;655;0,0545833;0,265988
pista interna;212.mat;12000;656;0,0546667;-0,196140
pista interna;212.mat;12000;657;0,0547500;-0,578675
pista interna;212.mat;12000;658;0,0548333;0,021523
pista interna;212.mat;12000;659;0,0549167;0,482838
pista interna;212.mat;12000;660;0,0550000;-0,147410
pista interna;212.mat;12000;661;0,0550833;-0,576645
pista interna;212.mat;12000;662;0,0551667;0,041827
pista interna;212.mat;12000;663;0,0552500;0,471062
pista interna;212.mat;12000;664;0,0553333;0,424362
pista interna;212.mat;12000;665;0,0554167;-0,082030
pista interna;212.mat;12000;666;0,0555000;-0,611162
pista interna;212.mat;12000;667;0,0555833;0,098273
pista interna;212.mat;12000;668;0,0556667;1,012377
pista interna;212.mat;12000;669;0,0557500;0,186800
pista interna;212.mat;12000;670;0,0558333;-0,958367
pista interna;212.mat;12000;671;0,0559167;-0,198983
pista interna;212.mat;12000;672;0,0560000;0,915728
pista interna;212.mat;12000;673;0,0560833;0,229440
pista interna;212.mat;12000;674;0,0561667;-0,913698
pista interna;212.mat;12000;675;0,0562500;-0,390250
pista interna;212.mat;12000;676;0,0563333;0,627000
pista interna;212.mat;12000;677;0,0564167;0,222942
pista interna;212.mat;12000;678;0,0565000;-0,591670
pista interna;212.mat;12000;679;0,0565833;-0,278982
pista interna;212.mat;12000;680;0,0566667;0,244059
pista interna;212.mat;12000;681;0,0567500;0,050355
pista interna;212.mat;12000;682;0,0568333;-0,209541
pista interna;212.mat;12000;683;0,0569167;-0,122639
pista interna;212.mat;12000;684;0,0570000;0,129136
pista interna;212.mat;12000;685;0,0570833;0,274921
pista interna;212.mat;12000;686;0,0571667;0,201420
pista interna;212.mat;12000;687;0,0572500;-0,043045
pista interna;212.mat;12000;688;0,0573333;-0,077969
pista interna;212.mat;12000;689;0,0574167;0,207917
pista interna;212.mat;12000;690;0,0575000;0,229034
pista interna;212.mat;12000;691;0,0575833;-0,148628
pista interna;212.mat;12000;692;0,0576667;-0,141319
pista interna;212.mat;12000;693;0,0577500;0,321622
pista interna;212.mat;12000;694;0,0578333;0,230252
pista interna;212.mat;12000;695;0,0579167;-0,312282
pista interna;212.mat;12000;696;0,0580000;-0,217663
pista interna;212.mat;12000;697;0,0580833;0,345581
pista interna;212.mat;12000;698;0,0581667;0,267206
pista interna;212.mat;12000;699;0,0582500;-0,288322
pista interna;212.mat;12000;700;0,0583333;-0,188019
pista interna;212.mat;12000;701;0,0584167;0,285480
pista interna;212.mat;12000;702;0,0585000;0,181521
pista interna;212.mat;12000;703;0,0585833;-0,230658
pista interna;212.mat;12000;704;0,0586667;-0,239998
pista interna;212.mat;12000;705;0,0587500;0,038172
pista interna;212.mat;12000;706;0,0588333;-0,020710
pista interna;212.mat;12000;707;0,0589167;-0,166090
pista interna;212.mat;12000;708;0,0590000;-0,079999
pista interna;212.mat;12000;709;0,0590833;-0,015837
pista interna;212.mat;12000;710;0,0591667;0,071878
pista interna;212.mat;12000;711;0,0592500;0,217257
pista interna;212.mat;12000;712;0,0593333;0,257866
pista interna;212.mat;12000;713;0,0594167;0,036954
pista interna;212.mat;12000;714;0,0595000;-0,076751
pista interna;212.mat;12000;715;0,0595833;0,182333
pista interna;212.mat;12000;716;0,0596667;0,250150
pista interna;212.mat;12000;717;0,0597500;-0,092182
pista interna;212.mat;12000;718;0,0598333;-0,172993
pista interna;212.mat;12000;719;0,0599167;0,131166
pista interna;212.mat;12000;720;0,0600000;0,108019
pista interna;212.mat;12000;721;0,0600833;-0,183958
pista interna;212.mat;12000;722;0,0601667;-0,169745
pista interna;212.mat;12000;723;0,0602500;0,019492
pista interna;212.mat;12000;724;0,0603333;-0,111268
pista interna;212.mat;12000;725;0,0604167;-0,274921
pista interna;212.mat;12000;726;0,0605000;-0,031675
pista interna;212.mat;12000;727;0,0605833;0,334616
pista interna;212.mat;12000;728;0,0606667;0,257054
pista interna;212.mat;12000;729;0,0607500;-0,077563
pista interna;212.mat;12000;730;0,0608333;-0,367103
pista interna;212.mat;12000;731;0,0609167;-0,350048
pista interna;212.mat;12000;732;0,0610000;0,315124
pista interna;212.mat;12000;733;0,0610833;0,332180
pista interna;212.mat;12000;734;0,0611667;-0,521011
pista interna;212.mat;12000;735;0,0612500;-0,559995
pista interna;212.mat;12000;736;0,0613333;0,380910
pista interna;212.mat;12000;737;0,0614167;0,391469
pista interna;212.mat;12000;738;0,0615000;-0,787404
pista interna;212.mat;12000;739;0,0615833;-1,081412
pista interna;212.mat;12000;740;0,0616667;0,602634
pista interna;212.mat;12000;741;0,0617500;1,775822
pista interna;212.mat;12000;742;0,0618333;-0,351266
pista interna;212.mat;12000;743;0,0619167;-1,990643
pista interna;212.mat;12000;744;0,0620000;0,387814
pista interna;212.mat;12000;745;0,0620833;2,361401
pista interna;212.mat;12000;746;0,0621667;0,048731
pista interna;212.mat;12000;747;0,0622500;-1,802218
pista interna;212.mat;12000;748;0,0623333;0,413397
pista interna;212.mat;12000;749;0,0624167;2,080794
pista interna;212.mat;12000;750;0,0625000;0,124669
pista interna;212.mat;12000;751;0,0625833;-1,524860
pista interna;212.mat;12000;752;0,0626667;-0,005685
pista interna;212.mat;12000;753;0,0627500;1,073696
pista interna;212.mat;12000;754;0,0628333;-0,046700
pista interna;212.mat;12000;755;0,0629167;-0,892987
pista interna;212.mat;12000;756;0,0630000;-0,621314
pista interna;212.mat;12000;757;0,0630833;-0,151065
pista interna;212.mat;12000;758;0,0631667;0,045888
pista interna;212.mat;12000;759;0,0632500;-0,049137
pista interna;212.mat;12000;760;0,0633333;-0,680603
pista interna;212.mat;12000;761;0,0634167;-0,618066
pista interna;212.mat;12000;762;0,0635000;0,526696
pista interna;212.mat;12000;763;0,0635833;0,795932
pista interna;212.mat;12000;764;0,0636667;-0,127105
pista interna;212.mat;12000;765;0,0637500;-0,441824
pista interna;212.mat;12000;766;0,0638333;0,646898
pista interna;212.mat;12000;767;0,0639167;0,801211
pista interna;212.mat;12000;768;0,0640000;-0,339489
pista interna;212.mat;12000;769;0,0640833;-0,343550
pista interna;212.mat;12000;770;0,0641667;0,623751
pista interna;212.mat;12000;771;0,0642500;0,700908
pista interna;212.mat;12000;772;0,0643333;-0,206699
pista interna;212.mat;12000;773;0,0644167;-0,244465
pista interna;212.mat;12000;774;0,0645000;0,252587
pista interna;212.mat;12000;775;0,0645833;-0,021523
pista interna;212.mat;12000;776;0,0646667;-0,294820
pista interna;212.mat;12000;777;0,0647500;0,031269
pista interna;212.mat;12000;778;0,0648333;0,139694
pista interna;212.mat;12000;779;0,0649167;-0,333804
pista interna;212.mat;12000;780;0,0650000;-0,388220
pista interna;212.mat;12000;781;0,0650833;0,063350
pista interna;212.mat;12000;782;0,0651667;0,158374
pista interna;212.mat;12000;783;0,0652500;-0,138070
pista interna;212.mat;12000;784;0,0653333;-0,173400
pista interna;212.mat;12000;785;0,0654167;-0,090964
pista interna;212.mat;12000;786;0,0655000;-0,160405
pista interna;212.mat;12000;787;0,0655833;0,077563
pista interna;212.mat;12000;788;0,0656667;0,311063
pista interna;212.mat;12000;789;0,0657500;0,000812
pista interna;212.mat;12000;790;0,0658333;-0,230252
pista interna;212.mat;12000;791;0,0659167;0,179491
pista interna;212.mat;12000;792;0,0660000;0,431265
pista interna;212.mat;12000;793;0,0660833;-0,079593
pista interna;212.mat;12000;794;0,0661667;-0,366291
pista interna;212.mat;12000;795;0,0662500;0,258678
pista interna;212.mat;12000;796;0,0663333;0,607101
pista interna;212.mat;12000;797;0,0664167;0,013807
pista interna;212.mat;12000;798;0,0665000;-0,454412
pista interna;212.mat;12000;799;0,0665833;0,011777
pista interna;212.mat;12000;800;0,0666667;0,528726
pista interna;212.mat;12000;801;0,0667500;0,118172
pista interna;212.mat;12000;802;0,0668333;-0,407712
pista interna;212.mat;12000;803;0,0669167;-0,278576
pista interna;212.mat;12000;804;0,0670000;0,064568
pista interna;212.mat;12000;805;0,0670833;-0,032893
pista interna;212.mat;12000;806;0,0671667;-0,291571
pista interna;212.mat;12000;807;0,0672500;-0,109238
pista interna;212.mat;12000;808;0,0673333;0,154313
pista interna;212.mat;12000;809;0,0674167;-0,032081
pista interna;212.mat;12000;810;0,0675000;-0,200201
pista interna;212.mat;12000;811;0,0675833;0,096649
pista interna;212.mat;12000;812;0,0676667;0,327307
pista interna;212.mat;12000;813;0,0677500;-0,004467
pista interna;212.mat;12000;814;0,0678333;-0,421519
pista interna;212.mat;12000;815;0,0679167;-0,047106
pista interna;212.mat;12000;816;0,0680000;0,554310
pista interna;212.mat;12000;817;0,0680833;0,303754
pista interna;212.mat;12000;818;0,0681667;-0,629030
pista interna;212.mat;12000;819;0,0682500;-0,676948
pista interna;212.mat;12000;820;0,0683333;0,417052
pista interna;212.mat;12000;821;0,0684167;0,481214
pista interna;212.mat;12000;822;0,0685000;-0,704156
pista interna;212.mat;12000;823;0,0685833;-0,774409
pista interna;212.mat;12000;824;0,0686667;0,706593
pista interna;212.mat;12000;825;0,0687500;1,069635
pista interna;212.mat;12000;826;0,0688333;-0,210760
pista interna;212.mat;12000;827;0,0689167;-0,715121
pista interna;212.mat;12000;828;0,0690000;0,181927
pista interna;212.mat;12000;829;0,0690833;0,614005
pista interna;212.mat;12000;830;0,0691667;-0,036548
pista interna;212.mat;12000;831;0,0692500;-0,358576
pista interna;212.mat;12000;832;0,0693333;0,061319
pista interna;212.mat;12000;833;0,0694167;0,319997
pista interna;212.mat;12000;834;0,0695000;-0,031269
pista interna;212.mat;12000;835;0,0695833;-0,114111
pista interna;212.mat;12000;836;0,0696667;0,052385
pista interna;212.mat;12000;837;0,0697500;-0,145379
pista interna;212.mat;12000;838;0,0698333;-0,395936
pista interna;212.mat;12000;839;0,0699167;-0,155126
pista interna;212.mat;12000;840;0,0700000;0,350454
pista interna;212.mat;12000;841;0,0700833;0,141319
pista interna;212.mat;12000;842;0,0701667;-0,257866
pista interna;212.mat;12000;843;0,0702500;-0,111674
pista interna;212.mat;12000;844;0,0703333;0,294820
pista interna;212.mat;12000;845;0,0704167;0,293195
pista interna;212.mat;12000;846;0,0705000;-0,278982
pista interna;212.mat;12000;847;0,0705833;-0,346393
pista interna;212.mat;12000;848;0,0706667;0,244465
pista interna;212.mat;12000;849;0,0707500;0,523041
pista interna;212.mat;12000;850;0,0708333;0,156344
pista interna;212.mat;12000;851;0,0709167;-0,186800
pista interna;212.mat;12000;852;0,0710000;-0,101522
pista interna;212.mat;12000;853;0,0710833;0,072690
pista interna;212.mat;12000;854;0,0711667;0,111268
pista interna;212.mat;12000;855;0,0712500;-0,036954
pista interna;212.mat;12000;856;0,0713333;-0,221724
pista interna;212.mat;12000;857;0,0714167;-0,216851
pista interna;212.mat;12000;858;0,0715000;0,168120
pista interna;212.mat;12000;859;0,0715833;0,507610
pista interna;212.mat;12000;860;0,0716667;0,131166
pista interna;212.mat;12000;861;0,0717500;-0,422331
pista interna;212.mat;12000;862;0,0718333;-0,123451
pista interna;212.mat;12000;863;0,0719167;0,524259
pista interna;212.mat;12000;864;0,0720000;0,234719
pista interna;212.mat;12000;865;0,0720833;-0,410149
pista interna;212.mat;12000;866;0,0721667;-0,188831
pista interna;212.mat;12000;867;0,0722500;0,444666
pista interna;212.mat;12000;868;0,0723333;0,359794
pista interna;212.mat;12000;869;0,0724167;-0,298475
pista interna;212.mat;12000;870;0,0725000;-0,385377
pista interna;212.mat;12000;871;0,0725833;-0,074314
pista interna;212.mat;12000;872;0,0726667;-0,108425
pista interna;212.mat;12000;873;0,0727500;-0,214820
pista interna;212.mat;12000;874;0,0728333;-0,095025
pista interna;212.mat;12000;875;0,0729167;0,084872
pista interna;212.mat;12000;876;0,0730000;0,038578
pista interna;212.mat;12000;877;0,0730833;0,036548
pista interna;212.mat;12000;878;0,0731667;0,140100
pista interna;212.mat;12000;879;0,0732500;0,010964
pista interna;212.mat;12000;880;0,0733333;-0,157562
pista interna;212.mat;12000;881;0,0734167;-0,305378
pista interna;212.mat;12000;882;0,0735000;-0,138476
pista interna;212.mat;12000;883;0,0735833;0,453600
pista interna;212.mat;12000;884;0,0736667;0,578675
pista interna;212.mat;12000;885;0,0737500;-0,251774
pista interna;212.mat;12000;886;0,0738333;-0,681009
pista interna;212.mat;12000;887;0,0739167;0,408524
pista interna;212.mat;12000;888;0,0740000;0,881211
pista interna;212.mat;12000;889;0,0740833;-0,343550
pista interna;212.mat;12000;890;0,0741667;-0,879992
pista interna;212.mat;12000;891;0,0742500;0,273297
pista interna;212.mat;12000;892;0,0743333;0,920601
pista interna;212.mat;12000;893;0,0744167;-0,078781
pista interna;212.mat;12000;894;0,0745000;-0,777658
pista interna;212.mat;12000;895;0,0745833;-0,309439
pista interna;212.mat;12000;896;0,0746667;0,275734
pista interna;212.mat;12000;897;0,0747500;0,144973
pista interna;212.mat;12000;898;0,0748333;-0,366291
pista interna;212.mat;12000;899;0,0749167;-0,458473
pista interna;212.mat;12000;900;0,0750000;-0,007310
pista interna;212.mat;12000;901;0,0750833;0,545376
pista interna;212.mat;12000;902;0,0751667;0,254617
pista interna;212.mat;12000;903;0,0752500;-0,500300
pista interna;212.mat;12000;904;0,0753333;-0,252181
pista interna;212.mat;12000;905;0,0754167;0,467407
pista interna;212.mat;12000;906;0,0755000;0,235125
pista interna;212.mat;12000;907;0,0755833;-0,402433
pista interna;212.mat;12000;908;0,0756667;-0,120202
pista interna;212.mat;12000;909;0,0757500;0,542533
pista interna;212.mat;12000;910;0,0758333;0,265988
pista interna;212.mat;12000;911;0,0759167;-0,241622
pista interna;212.mat;12000;912;0,0760000;0,045076
pista interna;212.mat;12000;913;0,0760833;0,343956
pista interna;212.mat;12000;914;0,0761667;-0,098679
pista interna;212.mat;12000;915;0,0762500;-0,388626
pista interna;212.mat;12000;916;0,0763333;0,029238
pista interna;212.mat;12000;917;0,0764167;0,178679
pista interna;212.mat;12000;918;0,0765000;-0,178679
pista interna;212.mat;12000;919;0,0765833;-0,211572
pista interna;212.mat;12000;920;0,0766667;0,158780
pista interna;212.mat;12000;921;0,0767500;0,140100
pista interna;212.mat;12000;922;0,0768333;-0,110456
pista interna;212.mat;12000;923;0,0769167;-0,014619
pista interna;212.mat;12000;924;0,0770000;0,133603
pista interna;212.mat;12000;925;0,0770833;0,079593
pista interna;212.mat;12000;926;0,0771667;0,128730
pista interna;212.mat;12000;927;0,0772500;0,305378
pista interna;212.mat;12000;928;0,0773333;0,086091
pista interna;212.mat;12000;929;0,0774167;-0,195734
pista interna;212.mat;12000;930;0,0775000;0,064974
pista interna;212.mat;12000;931;0,0775833;0,243247
pista interna;212.mat;12000;932;0,0776667;-0,149440
pista interna;212.mat;12000;933;0,0777500;-0,395530
pista interna;212.mat;12000;934;0,0778333;0,019086
pista interna;212.mat;12000;935;0,0779167;0,332992
pista interna;212.mat;12000;936;0,0780000;-0,024365
pista interna;212.mat;12000;937;0,0780833;-0,267612
pista interna;212.mat;12000;938;0,0781667;0,056852
pista interna;212.mat;12000;939;0,0782500;0,202232
pista interna;212.mat;12000;940;0,0783333;-0,150252
pista interna;212.mat;12000;941;0,0784167;-0,242028
pista interna;212.mat;12000;942;0,0785000;0,045482
pista interna;212.mat;12000;943;0,0785833;0,124669
pista interna;212.mat;12000;944;0,0786667;0,038984
pista interna;212.mat;12000;945;0,0787500;0,064974
pista interna;212.mat;12000;946;0,0788333;0,150252
pista interna;212.mat;12000;947;0,0789167;-0,008528
pista interna;212.mat;12000;948;0,0790000;-0,205887
pista interna;212.mat;12000;949;0,0790833;-0,125481
pista interna;212.mat;12000;950;0,0791667;-0,007310
pista interna;212.mat;12000;951;0,0792500;-0,005685
pista interna;212.mat;12000;952;0,0793333;-0,025584
pista interna;212.mat;12000;953;0,0794167;-0,008528
pista interna;212.mat;12000;954;0,0795000;-0,084060
pista interna;212.mat;12000;955;0,0795833;-0,060101
pista interna;212.mat;12000;956;0,0796667;0,095025
pista interna;212.mat;12000;957;0,0797500;0,007310
pista interna;212.mat;12000;958;0,0798333;-0,239998
pista interna;212.mat;12000;959;0,0799167;-0,227409
pista interna;212.mat;12000;960;0,0800000;0,227815
pista interna;212.mat;12000;961;0,0800833;0,360200
pista interna;212.mat;12000;962;0,0801667;-0,246495
pista interna;212.mat;12000;963;0,0802500;-0,371570
pista interna;212.mat;12000;964;0,0803333;0,309845
pista interna;212.mat;12000;965;0,0804167;0,382535
pista interna;212.mat;12000;966;0,0805000;-0,246495
pista interna;212.mat;12000;967;0,0805833;-0,263551
pista interna;212.mat;12000;968;0,0806667;0,293195
pista interna;212.mat;12000;969;0,0807500;0,360200
pista interna;212.mat;12000;970;0,0808333;0,054822
pista interna;212.mat;12000;971;0,0809167;-0,071471
pista interna;212.mat;12000;972;0,0810000;-0,160811
pista interna;212.mat;12000;973;0,0810833;-0,155532
pista interna;212.mat;12000;974;0,0811667;0,158780
pista interna;212.mat;12000;975;0,0812500;0,121014
pista interna;212.mat;12000;976;0,0813333;-0,557152
pista interna;212.mat;12000;977;0,0814167;-0,298068
pista interna;212.mat;12000;978;0,0815000;0,521417
pista interna;212.mat;12000;979;0,0815833;0,181521
pista interna;212.mat;12000;980;0,0816667;-0,482838
pista interna;212.mat;12000;981;0,0817500;-0,153907
pista interna;212.mat;12000;982;0,0818333;0,523041
pista interna;212.mat;12000;983;0,0819167;0,051979
pista interna;212.mat;12000;984;0,0820000;-0,424768
pista interna;212.mat;12000;985;0,0820833;0,075126
pista interna;212.mat;12000;986;0,0821667;0,272485
pista interna;212.mat;12000;987;0,0822500;-0,118578
pista interna;212.mat;12000;988;0,0823333;-0,162841
pista interna;212.mat;12000;989;0,0824167;0,284668
pista interna;212.mat;12000;990;0,0825000;0,120202
pista interna;212.mat;12000;991;0,0825833;-0,211166
pista interna;212.mat;12000;992;0,0826667;0,117765
pista interna;212.mat;12000;993;0,0827500;0,356139
pista interna;212.mat;12000;994;0,0828333;-0,057258
pista interna;212.mat;12000;995;0,0829167;-0,262333
pista interna;212.mat;12000;996;0,0830000;0,216445
pista interna;212.mat;12000;997;0,0830833;0,216445
pista interna;212.mat;12000;998;0,0831667;-0,216445
pista interna;212.mat;12000;999;0,0832500;-0,154719
pista interna;212.mat;12000;1000;0,0833333;0,146192
pista interna;212.mat;12000;1001;0,0834167;0,019492
pista interna;212.mat;12000;1002;0,0835000;-0,221724
pista interna;212.mat;12000;1003;0,0835833;-0,002030
pista interna;212.mat;12000;1004;0,0836667;0,176242
pista interna;212.mat;12000;1005;0,0837500;-0,032893
pista interna;212.mat;12000;1006;0,0838333;-0,056040
pista interna;212.mat;12000;1007;0,0839167;0,153907
pista interna;212.mat;12000;1008;0,0840000;-0,004873
pista interna;212.mat;12000;1009;0,0840833;-0,267612
pista interna;212.mat;12000;1010;0,0841667;-0,067004
pista interna;212.mat;12000;1011;0,0842500;0,188425
pista interna;212.mat;12000;1012;0,0843333;0,004873
pista interna;212.mat;12000;1013;0,0844167;-0,149440
pista interna;212.mat;12000;1014;0,0845000;0,084466
pista interna;212.mat;12000;1015;0,0845833;0,237561
pista interna;212.mat;12000;1016;0,0846667;0,039797
pista interna;212.mat;12000;1017;0,0847500;-0,071065
pista interna;212.mat;12000;1018;0,0848333;0,036548
pista interna;212.mat;12000;1019;0,0849167;0,057664
pista interna;212.mat;12000;1020;0,0850000;0,045482
pista interna;212.mat;12000;1021;0,0850833;0,025584
pista interna;212.mat;12000;1022;0,0851667;-0,039391
pista interna;212.mat;12000;1023;0,0852500;-0,127105
pista interna;212.mat;12000;1024;0,0853333;0,009746
pista interna;212.mat;12000;1025;0,0854167;0,164059
pista interna;212.mat;12000;1026;0,0855000;-0,095431
pista interna;212.mat;12000;1027;0,0855833;-0,252587
pista interna;212.mat;12000;1028;0,0856667;0,023553
pista interna;212.mat;12000;1029;0,0857500;0,265988
pista interna;212.mat;12000;1030;0,0858333;0,042639
pista interna;212.mat;12000;1031;0,0859167;-0,133603
pista interna;212.mat;12000;1032;0,0860000;0,054416
pista interna;212.mat;12000;1033;0,0860833;0,173806
pista interna;212.mat;12000;1034;0,0861667;0,027208
pista interna;212.mat;12000;1035;0,0862500;-0,143349
pista interna;212.mat;12000;1036;0,0863333;0,004873
pista interna;212.mat;12000;1037;0,0864167;0,116547
pista interna;212.mat;12000;1038;0,0865000;-0,035330
pista interna;212.mat;12000;1039;0,0865833;-0,272891
pista interna;212.mat;12000;1040;0,0866667;-0,122232
pista interna;212.mat;12000;1041;0,0867500;0,319997
pista interna;212.mat;12000;1042;0,0868333;0,000000
pista interna;212.mat;12000;1043;0,0869167;-0,581518
pista interna;212.mat;12000;1044;0,0870000;-0,204668
pista interna;212.mat;12000;1045;0,0870833;0,496239
pista interna;212.mat;12000;1046;0,0871667;0,125481
pista interna;212.mat;12000;1047;0,0872500;-0,685476
pista interna;212.mat;12000;1048;0,0873333;-0,358169
pista interna;212.mat;12000;1049;0,0874167;0,684664
pista interna;212.mat;12000;1050;0,0875000;0,804866
pista interna;212.mat;12000;1051;0,0875833;-0,291977
pista interna;212.mat;12000;1052;0,0876667;-0,886490
pista interna;212.mat;12000;1053;0,0877500;0,296444
pista interna;212.mat;12000;1054;0,0878333;1,257248
pista interna;212.mat;12000;1055;0,0879167;-0,086497
pista interna;212.mat;12000;1056;0,0880000;-1,212172
pista interna;212.mat;12000;1057;0,0880833;-0,025584
pista interna;212.mat;12000;1058;0,0881667;1,117148
pista interna;212.mat;12000;1059;0,0882500;0,204262
pista interna;212.mat;12000;1060;0,0883333;-1,013595
pista interna;212.mat;12000;1061;0,0884167;-0,398778
pista interna;212.mat;12000;1062;0,0885000;0,619690
pista interna;212.mat;12000;1063;0,0885833;0,223754
pista interna;212.mat;12000;1064;0,0886667;-0,581112
pista interna;212.mat;12000;1065;0,0887500;-0,287916
pista interna;212.mat;12000;1066;0,0888333;0,381723
pista interna;212.mat;12000;1067;0,0889167;0,300505
pista interna;212.mat;12000;1068;0,0890000;-0,033299
pista interna;212.mat;12000;1069;0,0890833;-0,085278
pista interna;212.mat;12000;1070;0,0891667;0,112486
pista interna;212.mat;12000;1071;0,0892500;0,151471
pista interna;212.mat;12000;1072;0,0893333;-0,017056
pista interna;212.mat;12000;1073;0,0894167;0,001218
pista interna;212.mat;12000;1074;0,0895000;0,144567
pista interna;212.mat;12000;1075;0,0895833;0,149846
pista interna;212.mat;12000;1076;0,0896667;-0,069035
pista interna;212.mat;12000;1077;0,0897500;-0,245683
pista interna;212.mat;12000;1078;0,0898333;0,019492
pista interna;212.mat;12000;1079;0,0899167;0,296850
pista interna;212.mat;12000;1080;0,0900000;-0,094212
pista interna;212.mat;12000;1081;0,0900833;-0,478778
pista interna;212.mat;12000;1082;0,0901667;-0,129948
pista interna;212.mat;12000;1083;0,0902500;0,426798
pista interna;212.mat;12000;1084;0,0903333;0,222536
pista interna;212.mat;12000;1085;0,0904167;-0,394311
pista interna;212.mat;12000;1086;0,0905000;-0,256648
pista interna;212.mat;12000;1087;0,0905833;0,277358
pista interna;212.mat;12000;1088;0,0906667;0,265988
pista interna;212.mat;12000;1089;0,0907500;-0,274921
pista interna;212.mat;12000;1090;0,0908333;-0,447103
pista interna;212.mat;12000;1091;0,0909167;0,008528
pista interna;212.mat;12000;1092;0,0910000;0,381723
pista interna;212.mat;12000;1093;0,0910833;0,238374
pista interna;212.mat;12000;1094;0,0911667;-0,229034
pista interna;212.mat;12000;1095;0,0912500;-0,244871
pista interna;212.mat;12000;1096;0,0913333;0,251774
pista interna;212.mat;12000;1097;0,0914167;0,444666
pista interna;212.mat;12000;1098;0,0915000;0,028426
pista interna;212.mat;12000;1099;0,0915833;-0,268830
pista interna;212.mat;12000;1100;0,0916667;0,027208
pista interna;212.mat;12000;1101;0,0917500;0,347205
pista interna;212.mat;12000;1102;0,0918333;0,165278
pista interna;212.mat;12000;1103;0,0919167;-0,242841
pista interna;212.mat;12000;1104;0,0920000;-0,206699
pista interna;212.mat;12000;1105;0,0920833;0,075532
pista interna;212.mat;12000;1106;0,0921667;0,015025
pista interna;212.mat;12000;1107;0,0922500;-0,216039
pista interna;212.mat;12000;1108;0,0923333;-0,097461
pista interna;212.mat;12000;1109;0,0924167;0,134821
pista interna;212.mat;12000;1110;0,0925000;0,094618
pista interna;212.mat;12000;1111;0,0925833;-0,041015
pista interna;212.mat;12000;1112;0,0926667;-0,070253
pista interna;212.mat;12000;1113;0,0927500;0,151065
pista interna;212.mat;12000;1114;0,0928333;0,181115
pista interna;212.mat;12000;1115;0,0929167;0,061319
pista interna;212.mat;12000;1116;0,0930000;-0,265581
pista interna;212.mat;12000;1117;0,0930833;-0,338271
pista interna;212.mat;12000;1118;0,0931667;0,439387
pista interna;212.mat;12000;1119;0,0932500;0,495833
pista interna;212.mat;12000;1120;0,0933333;-0,535224
pista interna;212.mat;12000;1121;0,0934167;-0,712278
pista interna;212.mat;12000;1122;0,0935000;0,404057
pista interna;212.mat;12000;1123;0,0935833;0,304972
pista interna;212.mat;12000;1124;0,0936667;-1,033494
pista interna;212.mat;12000;1125;0,0937500;-1,184964
pista interna;212.mat;12000;1126;0,0938333;0,858470
pista interna;212.mat;12000;1127;0,0939167;2,097444
pista interna;212.mat;12000;1128;0,0940000;-0,393499
pista interna;212.mat;12000;1129;0,0940833;-2,156732
pista interna;212.mat;12000;1130;0,0941667;0,557152
pista interna;212.mat;12000;1131;0,0942500;2,719570
pista interna;212.mat;12000;1132;0,0943333;-0,155938
pista interna;212.mat;12000;1133;0,0944167;-2,244041
pista interna;212.mat;12000;1134;0,0945000;0,458067
pista interna;212.mat;12000;1135;0,0945833;2,610739
pista interna;212.mat;12000;1136;0,0946667;0,312282
pista interna;212.mat;12000;1137;0,0947500;-1,916328
pista interna;212.mat;12000;1138;0,0948333;-0,304972
pista interna;212.mat;12000;1139;0,0949167;1,191462
pista interna;212.mat;12000;1140;0,0950000;0,152283
pista interna;212.mat;12000;1141;0,0950833;-1,212172
pista interna;212.mat;12000;1142;0,0951667;-0,859688
pista interna;212.mat;12000;1143;0,0952500;0,090151
pista interna;212.mat;12000;1144;0,0953333;0,376037
pista interna;212.mat;12000;1145;0,0954167;0,030457
pista interna;212.mat;12000;1146;0,0955000;-0,836947
pista interna;212.mat;12000;1147;0,0955833;-0,629030
pista interna;212.mat;12000;1148;0,0956667;0,522635
pista interna;212.mat;12000;1149;0,0957500;0,579893
pista interna;212.mat;12000;1150;0,0958333;-0,446697
pista interna;212.mat;12000;1151;0,0959167;-0,459285
pista interna;212.mat;12000;1152;0,0960000;0,866998
pista interna;212.mat;12000;1153;0,0960833;0,677761
pista interna;212.mat;12000;1154;0,0961667;-0,606695
pista interna;212.mat;12000;1155;0,0962500;-0,199389
pista interna;212.mat;12000;1156;0,0963333;0,884459
pista interna;212.mat;12000;1157;0,0964167;0,366291
pista interna;212.mat;12000;1158;0,0965000;-0,744765
pista interna;212.mat;12000;1159;0,0965833;-0,107613
pista interna;212.mat;12000;1160;0,0966667;0,787404
pista interna;212.mat;12000;1161;0,0967500;0,054822
pista interna;212.mat;12000;1162;0,0968333;-0,563244
pista interna;212.mat;12000;1163;0,0969167;0,202638
pista interna;212.mat;12000;1164;0,0970000;0,571366
pista interna;212.mat;12000;1165;0,0970833;-0,326089
pista interna;212.mat;12000;1166;0,0971667;-0,644055
pista interna;212.mat;12000;1167;0,0972500;0,002030
pista interna;212.mat;12000;1168;0,0973333;0,200201
pista interna;212.mat;12000;1169;0,0974167;-0,021117
pista interna;212.mat;12000;1170;0,0975000;0,019492
pista interna;212.mat;12000;1171;0,0975833;-0,118578
pista interna;212.mat;12000;1172;0,0976667;-0,389438
pista interna;212.mat;12000;1173;0,0977500;0,017868
pista interna;212.mat;12000;1174;0,0978333;0,505985
pista interna;212.mat;12000;1175;0,0979167;-0,036548
pista interna;212.mat;12000;1176;0,0980000;-0,612787
pista interna;212.mat;12000;1177;0,0980833;0,027614
pista interna;212.mat;12000;1178;0,0981667;0,735831
pista interna;212.mat;12000;1179;0,0982500;0,135633
pista interna;212.mat;12000;1180;0,0983333;-0,520605
pista interna;212.mat;12000;1181;0,0984167;0,114923
pista interna;212.mat;12000;1182;0,0985000;0,624157
pista interna;212.mat;12000;1183;0,0985833;-0,014213
pista interna;212.mat;12000;1184;0,0986667;-0,508016
pista interna;212.mat;12000;1185;0,0987500;0,066192
pista interna;212.mat;12000;1186;0,0988333;0,454412
pista interna;212.mat;12000;1187;0,0989167;-0,033705
pista interna;212.mat;12000;1188;0,0990000;-0,255023
pista interna;212.mat;12000;1189;0,0990833;0,059289
pista interna;212.mat;12000;1190;0,0991667;0,105989
pista interna;212.mat;12000;1191;0,0992500;-0,221724
pista interna;212.mat;12000;1192;0,0993333;-0,249338
pista interna;212.mat;12000;1193;0,0994167;-0,105583
pista interna;212.mat;12000;1194;0,0995000;0,040203
pista interna;212.mat;12000;1195;0,0995833;0,198171
pista interna;212.mat;12000;1196;0,0996667;-0,002030
pista interna;212.mat;12000;1197;0,0997500;-0,161623
pista interna;212.mat;12000;1198;0,0998333;0,230252
pista interna;212.mat;12000;1199;0,0999167;0,495427
pista externa;237.mat;12000;0;0,0000000;-0,034111
pista externa;237.mat;12000;1;0,0000833;-0,176242
pista externa;237.mat;12000;2;0,0001667;-0,030050
pista externa;237.mat;12000;3;0,0002500;-0,019898
pista externa;237.mat;12000;4;0,0003333;-0,027614
pista externa;237.mat;12000;5;0,0004167;-0,021117
pista externa;237.mat;12000;6;0,0005000;-0,041015
pista externa;237.mat;12000;7;0,0005833;0,038578
pista externa;237.mat;12000;8;0,0006667;-0,006091
pista externa;237.mat;12000;9;0,0007500;-0,089745
pista externa;237.mat;12000;10;0,0008333;-0,013401
pista externa;237.mat;12000;11;0,0009167;0,033299
pista externa;237.mat;12000;12;0,0010000;-0,041015
pista externa;237.mat;12000;13;0,0010833;0,031675
pista externa;237.mat;12000;14;0,0011667;0,171775
pista externa;237.mat;12000;15;0,0012500;0,118172
pista externa;237.mat;12000;16;0,0013333;0,032487
pista externa;237.mat;12000;17;0,0014167;0,132791
pista externa;237.mat;12000;18;0,0015000;0,169339
pista externa;237.mat;12000;19;0,0015833;-0,001624
pista externa;237.mat;12000;20;0,0016667;-0,009746
pista externa;237.mat;12000;21;0,0017500;0,110862
pista externa;237.mat;12000;22;0,0018333;0,014213
pista externa;237.mat;12000;23;0,0019167;-0,051573
pista externa;237.mat;12000;24;0,0020000;0,051167
pista externa;237.mat;12000;25;0,0020833;-0,052791
pista externa;237.mat;12000;26;0,0021667;-0,185988
pista externa;237.mat;12000;27;0,0022500;-0,020710
pista externa;237.mat;12000;28;0,0023333;0,092588
pista externa;237.mat;12000;29;0,0024167;-0,018274
pista externa;237.mat;12000;30;0,0025000;0,023553
pista externa;237.mat;12000;31;0,0025833;0,007310
pista externa;237.mat;12000;32;0,0026667;-0,131979
pista externa;237.mat;12000;33;0,0027500;0,049543
pista externa;237.mat;12000;34;0,0028333;-0,006091
pista externa;237.mat;12000;35;0,0029167;-0,273297
pista externa;237.mat;12000;36;0,0030000;-0,101928
pista externa;237.mat;12000;37;0,0030833;0,098273
pista externa;237.mat;12000;38;0,0031667;-0,141319
pista externa;237.mat;12000;39;0,0032500;-0,311469
pista externa;237.mat;12000;40;0,0033333;-0,028426
pista externa;237.mat;12000;41;0,0034167;0,163653
pista externa;237.mat;12000;42;0,0035000;0,235125
pista externa;237.mat;12000;43;0,0035833;0,274515
pista externa;237.mat;12000;44;0,0036667;0,042233
pista externa;237.mat;12000;45;0,0037500;-0,011777
pista externa;237.mat;12000;46;0,0038333;0,374819
pista externa;237.mat;12000;47;0,0039167;0,404057
pista externa;237.mat;12000;48;0,0040000;-0,168526
pista externa;237.mat;12000;49;0,0040833;-0,145786
pista externa;237.mat;12000;50;0,0041667;0,395530
pista externa;237.mat;12000;51;0,0042500;0,116953
pista externa;237.mat;12000;52;0,0043333;-0,403651
pista externa;237.mat;12000;53;0,0044167;-0,221318
pista externa;237.mat;12000;54;0,0045000;-0,012995
pista externa;237.mat;12000;55;0,0045833;-0,239998
pista externa;237.mat;12000;56;0,0046667;-0,276140
pista externa;237.mat;12000;57;0,0047500;-0,135633
pista externa;237.mat;12000;58;0,0048333;-0,211166
pista externa;237.mat;12000;59;0,0049167;-0,140506
pista externa;237.mat;12000;60;0,0050000;-0,032081
pista externa;237.mat;12000;61;0,0050833;-0,123045
pista externa;237.mat;12000;62;0,0051667;-0,154719
pista externa;237.mat;12000;63;0,0052500;0,031675
pista externa;237.mat;12000;64;0,0053333;0,144161
pista externa;237.mat;12000;65;0,0054167;0,090964
pista externa;237.mat;12000;66;0,0055000;0,205074
pista externa;237.mat;12000;67;0,0055833;0,235125
pista externa;237.mat;12000;68;0,0056667;0,128730
pista externa;237.mat;12000;69;0,0057500;0,103552
pista externa;237.mat;12000;70;0,0058333;0,015837
pista externa;237.mat;12000;71;0,0059167;0,008934
pista externa;237.mat;12000;72;0,0060000;0,149846
pista externa;237.mat;12000;73;0,0060833;0,120608
pista externa;237.mat;12000;74;0,0061667;-0,033705
pista externa;237.mat;12000;75;0,0062500;0,010558
pista externa;237.mat;12000;76;0,0063333;0,064974
pista externa;237.mat;12000;77;0,0064167;-0,062944
pista externa;237.mat;12000;78;0,0065000;-0,125075
pista externa;237.mat;12000;79;0,0065833;-0,060507
pista externa;237.mat;12000;80;0,0066667;-0,032081
pista externa;237.mat;12000;81;0,0067500;-0,058477
pista externa;237.mat;12000;82;0,0068333;-0,045888
pista externa;237.mat;12000;83;0,0069167;0,010558
pista externa;237.mat;12000;84;0,0070000;0,010558
pista externa;237.mat;12000;85;0,0070833;-0,050355
pista externa;237.mat;12000;86;0,0071667;-0,128324
pista externa;237.mat;12000;87;0,0072500;-0,145379
pista externa;237.mat;12000;88;0,0073333;-0,054822
pista externa;237.mat;12000;89;0,0074167;-0,013401
pista externa;237.mat;12000;90;0,0075000;-0,007716
pista externa;237.mat;12000;91;0,0075833;0,063350
pista externa;237.mat;12000;92;0,0076667;0,157156
pista externa;237.mat;12000;93;0,0077500;0,077157
pista externa;237.mat;12000;94;0,0078333;-0,034924
pista externa;237.mat;12000;95;0,0079167;0,021929
pista externa;237.mat;12000;96;0,0080000;0,043857
pista externa;237.mat;12000;97;0,0080833;0,103146
pista externa;237.mat;12000;98;0,0081667;0,166902
pista externa;237.mat;12000;99;0,0082500;0,110862
pista externa;237.mat;12000;100;0,0083333;-0,005279
pista externa;237.mat;12000;101;0,0084167;0,078781
pista externa;237.mat;12000;102;0,0085000;0,224567
pista externa;237.mat;12000;103;0,0085833;-0,009340
pista externa;237.mat;12000;104;0,0086667;-0,257866
pista externa;237.mat;12000;105;0,0087500;-0,092182
pista externa;237.mat;12000;106;0,0088333;0,120608
pista externa;237.mat;12000;107;0,0089167;-0,069035
pista externa;237.mat;12000;108;0,0090000;-0,151877
pista externa;237.mat;12000;109;0,0090833;0,085685
pista externa;237.mat;12000;110;0,0091667;0,129136
pista externa;237.mat;12000;111;0,0092500;-0,036142
pista externa;237.mat;12000;112;0,0093333;-0,099085
pista externa;237.mat;12000;113;0,0094167;-0,028832
pista externa;237.mat;12000;114;0,0095000;-0,036142
pista externa;237.mat;12000;115;0,0095833;-0,044264
pista externa;237.mat;12000;116;0,0096667;0,000000
pista externa;237.mat;12000;117;0,0097500;-0,017056
pista externa;237.mat;12000;118;0,0098333;-0,045076
pista externa;237.mat;12000;119;0,0099167;-0,003249
pista externa;237.mat;12000;120;0,0100000;0,006903
pista externa;237.mat;12000;121;0,0100833;-0,104771
pista externa;237.mat;12000;122;0,0101667;-0,103552
pista externa;237.mat;12000;123;0,0102500;0,097461
pista externa;237.mat;12000;124;0,0103333;0,128730
pista externa;237.mat;12000;125;0,0104167;0,036954
pista externa;237.mat;12000;126;0,0105000;0,114517
pista externa;237.mat;12000;127;0,0105833;0,185582
pista externa;237.mat;12000;128;0,0106667;0,099492
pista externa;237.mat;12000;129;0,0107500;-0,009746
pista externa;237.mat;12000;130;0,0108333;0,029644
pista externa;237.mat;12000;131;0,0109167;0,039797
pista externa;237.mat;12000;132;0,0110000;-0,023959
pista externa;237.mat;12000;133;0,0110833;0,028832
pista externa;237.mat;12000;134;0,0111667;0,074314
pista externa;237.mat;12000;135;0,0112500;0,004061
pista externa;237.mat;12000;136;0,0113333;-0,137258
pista externa;237.mat;12000;137;0,0114167;-0,115735
pista externa;237.mat;12000;138;0,0115000;-0,071065
pista externa;237.mat;12000;139;0,0115833;-0,184364
pista externa;237.mat;12000;140;0,0116667;-0,168933
pista externa;237.mat;12000;141;0,0117500;-0,080405
pista externa;237.mat;12000;142;0,0118333;-0,071878
pista externa;237.mat;12000;143;0,0119167;-0,028832
pista externa;237.mat;12000;144;0,0120000;0,121826
pista externa;237.mat;12000;145;0,0120833;0,226191
pista externa;237.mat;12000;146;0,0121667;-0,078375
pista externa;237.mat;12000;147;0,0122500;-0,686695
pista externa;237.mat;12000;148;0,0123333;0,013401
pista externa;237.mat;12000;149;0,0124167;0,897454
pista externa;237.mat;12000;150;0,0125000;-0,270048
pista externa;237.mat;12000;151;0,0125833;-0,793902
pista externa;237.mat;12000;152;0,0126667;0,686695
pista externa;237.mat;12000;153;0,0127500;0,969738
pista externa;237.mat;12000;154;0,0128333;-0,763851
pista externa;237.mat;12000;155;0,0129167;-0,463346
pista externa;237.mat;12000;156;0,0130000;0,218069
pista externa;237.mat;12000;157;0,0130833;-0,454818
pista externa;237.mat;12000;158;0,0131667;0,342738
pista externa;237.mat;12000;159;0,0132500;0,575020
pista externa;237.mat;12000;160;0,0133333;-0,332992
pista externa;237.mat;12000;161;0,0134167;-0,032081
pista externa;237.mat;12000;162;0,0135000;0,970956
pista externa;237.mat;12000;163;0,0135833;0,061319
pista externa;237.mat;12000;164;0,0136667;-0,622533
pista externa;237.mat;12000;165;0,0137500;-0,000812
pista externa;237.mat;12000;166;0,0138333;0,084060
pista externa;237.mat;12000;167;0,0139167;-0,105177
pista externa;237.mat;12000;168;0,0140000;0,020710
pista externa;237.mat;12000;169;0,0140833;0,023553
pista externa;237.mat;12000;170;0,0141667;-0,303754
pista externa;237.mat;12000;171;0,0142500;0,265988
pista externa;237.mat;12000;172;0,0143333;0,046294
pista externa;237.mat;12000;173;0,0144167;-0,482026
pista externa;237.mat;12000;174;0,0145000;-0,114517
pista externa;237.mat;12000;175;0,0145833;0,270861
pista externa;237.mat;12000;176;0,0146667;-0,115329
pista externa;237.mat;12000;177;0,0147500;-0,330555
pista externa;237.mat;12000;178;0,0148333;0,544564
pista externa;237.mat;12000;179;0,0149167;0,301723
pista externa;237.mat;12000;180;0,0150000;-0,326495
pista externa;237.mat;12000;181;0,0150833;0,183552
pista externa;237.mat;12000;182;0,0151667;0,441011
pista externa;237.mat;12000;183;0,0152500;-0,260302
pista externa;237.mat;12000;184;0,0153333;-0,143349
pista externa;237.mat;12000;185;0,0154167;0,419083
pista externa;237.mat;12000;186;0,0155000;-0,071471
pista externa;237.mat;12000;187;0,0155833;-0,311063
pista externa;237.mat;12000;188;0,0156667;0,255835
pista externa;237.mat;12000;189;0,0157500;0,209541
pista externa;237.mat;12000;190;0,0158333;-0,498676
pista externa;237.mat;12000;191;0,0159167;-0,133603
pista externa;237.mat;12000;192;0,0160000;0,378068
pista externa;237.mat;12000;193;0,0160833;-0,223754
pista externa;237.mat;12000;194;0,0161667;-0,444666
pista externa;237.mat;12000;195;0,0162500;0,192892
pista externa;237.mat;12000;196;0,0163333;0,192892
pista externa;237.mat;12000;197;0,0164167;-0,280607
pista externa;237.mat;12000;198;0,0165000;0,027208
pista externa;237.mat;12000;199;0,0165833;0,319591
pista externa;237.mat;12000;200;0,0166667;-0,105989
pista externa;237.mat;12000;201;0,0167500;-0,178679
pista externa;237.mat;12000;202;0,0168333;0,311469
pista externa;237.mat;12000;203;0,0169167;0,076345
pista externa;237.mat;12000;204;0,0170000;-0,268424
pista externa;237.mat;12000;205;0,0170833;0,048324
pista externa;237.mat;12000;206;0,0171667;0,144567
pista externa;237.mat;12000;207;0,0172500;0,007716
pista externa;237.mat;12000;208;0,0173333;-0,029644
pista externa;237.mat;12000;209;0,0174167;0,087715
pista externa;237.mat;12000;210;0,0175000;0,086903
pista externa;237.mat;12000;211;0,0175833;0,012183
pista externa;237.mat;12000;212;0,0176667;0,103552
pista externa;237.mat;12000;213;0,0177500;0,048324
pista externa;237.mat;12000;214;0,0178333;-0,182740
pista externa;237.mat;12000;215;0,0179167;-0,149034
pista externa;237.mat;12000;216;0,0180000;0,001218
pista externa;237.mat;12000;217;0,0180833;-0,092182
pista externa;237.mat;12000;218;0,0181667;-0,079999
pista externa;237.mat;12000;219;0,0182500;-0,058883
pista externa;237.mat;12000;220;0,0183333;-0,021523
pista externa;237.mat;12000;221;0,0184167;0,110862
pista externa;237.mat;12000;222;0,0185000;0,074314
pista externa;237.mat;12000;223;0,0185833;-0,083248
pista externa;237.mat;12000;224;0,0186667;-0,100304
pista externa;237.mat;12000;225;0,0187500;0,022335
pista externa;237.mat;12000;226;0,0188333;-0,007310
pista externa;237.mat;12000;227;0,0189167;0,038578
pista externa;237.mat;12000;228;0,0190000;0,090558
pista externa;237.mat;12000;229;0,0190833;-0,011777
pista externa;237.mat;12000;230;0,0191667;-0,022335
pista externa;237.mat;12000;231;0,0192500;0,080405
pista externa;237.mat;12000;232;0,0193333;0,093806
pista externa;237.mat;12000;233;0,0194167;-0,038172
pista externa;237.mat;12000;234;0,0195000;-0,157156
pista externa;237.mat;12000;235;0,0195833;-0,112080
pista externa;237.mat;12000;236;0,0196667;0,040203
pista externa;237.mat;12000;237;0,0197500;0,034517
pista externa;237.mat;12000;238;0,0198333;-0,064568
pista externa;237.mat;12000;239;0,0199167;-0,104365
pista externa;237.mat;12000;240;0,0200000;0,071471
pista externa;237.mat;12000;241;0,0200833;0,224973
pista externa;237.mat;12000;242;0,0201667;0,035736
pista externa;237.mat;12000;243;0,0202500;-0,071065
pista externa;237.mat;12000;244;0,0203333;0,063350
pista externa;237.mat;12000;245;0,0204167;0,079999
pista externa;237.mat;12000;246;0,0205000;-0,053604
pista externa;237.mat;12000;247;0,0205833;0,017868
pista externa;237.mat;12000;248;0,0206667;0,064568
pista externa;237.mat;12000;249;0,0207500;-0,119390
pista externa;237.mat;12000;250;0,0208333;-0,037766
pista externa;237.mat;12000;251;0,0209167;0,145379
pista externa;237.mat;12000;252;0,0210000;-0,010152
pista externa;237.mat;12000;253;0,0210833;-0,139694
pista externa;237.mat;12000;254;0,0211667;0,039391
pista externa;237.mat;12000;255;0,0212500;0,046700
pista externa;237.mat;12000;256;0,0213333;-0,036548
pista externa;237.mat;12000;257;0,0214167;0,035330
pista externa;237.mat;12000;258;0,0215000;0,114111
pista externa;237.mat;12000;259;0,0215833;0,170151
pista externa;237.mat;12000;260;0,0216667;0,350860
pista externa;237.mat;12000;261;0,0217500;0,588015
pista externa;237.mat;12000;262;0,0218333;-0,911261
pista externa;237.mat;12000;263;0,0219167;-1,505774
pista externa;237.mat;12000;264;0,0220000;1,156944
pista externa;237.mat;12000;265;0,0220833;1,235725
pista externa;237.mat;12000;266;0,0221667;-2,071860
pista externa;237.mat;12000;267;0,0222500;-0,989636
pista externa;237.mat;12000;268;0,0223333;2,369929
pista externa;237.mat;12000;269;0,0224167;0,327307
pista externa;237.mat;12000;270;0,0225000;-1,829426
pista externa;237.mat;12000;271;0,0225833;0,164872
pista externa;237.mat;12000;272;0,0226667;1,135015
pista externa;237.mat;12000;273;0,0227500;-1,488718
pista externa;237.mat;12000;274;0,0228333;-0,852784
pista externa;237.mat;12000;275;0,0229167;2,953071
pista externa;237.mat;12000;276;0,0230000;0,666390
pista externa;237.mat;12000;277;0,0230833;-2,681398
pista externa;237.mat;12000;278;0,0231667;1,286486
pista externa;237.mat;12000;279;0,0232500;3,690526
pista externa;237.mat;12000;280;0,0233333;-1,696229
pista externa;237.mat;12000;281;0,0234167;-2,690738
pista externa;237.mat;12000;282;0,0235000;2,078357
pista externa;237.mat;12000;283;0,0235833;1,397754
pista externa;237.mat;12000;284;0,0236667;-2,186377
pista externa;237.mat;12000;285;0,0237500;-0,458067
pista externa;237.mat;12000;286;0,0238333;1,507804
pista externa;237.mat;12000;287;0,0239167;-1,217451
pista externa;237.mat;12000;288;0,0240000;-1,322222
pista externa;237.mat;12000;289;0,0240833;1,490748
pista externa;237.mat;12000;290;0,0241667;0,098679
pista externa;237.mat;12000;291;0,0242500;-2,334193
pista externa;237.mat;12000;292;0,0243333;0,054822
pista externa;237.mat;12000;293;0,0244167;1,803842
pista externa;237.mat;12000;294;0,0245000;-0,696035
pista externa;237.mat;12000;295;0,0245833;-1,033900
pista externa;237.mat;12000;296;0,0246667;1,285674
pista externa;237.mat;12000;297;0,0247500;0,816237
pista externa;237.mat;12000;298;0,0248333;-1,043646
pista externa;237.mat;12000;299;0,0249167;-0,092588
pista externa;237.mat;12000;300;0,0250000;1,513489
pista externa;237.mat;12000;301;0,0250833;-0,006903
pista externa;237.mat;12000;302;0,0251667;-1,016032
pista externa;237.mat;12000;303;0,0252500;0,625781
pista externa;237.mat;12000;304;0,0253333;0,917352
pista externa;237.mat;12000;305;0,0254167;-0,449945
pista externa;237.mat;12000;306;0,0255000;-0,540097
pista externa;237.mat;12000;307;0,0255833;0,404057
pista externa;237.mat;12000;308;0,0256667;0,110456
pista externa;237.mat;12000;309;0,0257500;-0,531975
pista externa;237.mat;12000;310;0,0258333;-0,244465
pista externa;237.mat;12000;311;0,0259167;0,137664
pista externa;237.mat;12000;312;0,0260000;-0,247714
pista externa;237.mat;12000;313;0,0260833;-0,284668
pista externa;237.mat;12000;314;0,0261667;0,314312
pista externa;237.mat;12000;315;0,0262500;-0,006497
pista externa;237.mat;12000;316;0,0263333;-0,538472
pista externa;237.mat;12000;317;0,0264167;-0,198577
pista externa;237.mat;12000;318;0,0265000;0,472686
pista externa;237.mat;12000;319;0,0265833;0,169745
pista externa;237.mat;12000;320;0,0266667;-0,441824
pista externa;237.mat;12000;321;0,0267500;-0,006903
pista externa;237.mat;12000;322;0,0268333;0,506798
pista externa;237.mat;12000;323;0,0269167;0,203856
pista externa;237.mat;12000;324;0,0270000;-0,121826
pista externa;237.mat;12000;325;0,0270833;0,106801
pista externa;237.mat;12000;326;0,0271667;0,257054
pista externa;237.mat;12000;327;0,0272500;-0,025584
pista externa;237.mat;12000;328;0,0273333;-0,252181
pista externa;237.mat;12000;329;0,0274167;0,049949
pista externa;237.mat;12000;330;0,0275000;0,129948
pista externa;237.mat;12000;331;0,0275833;-0,171369
pista externa;237.mat;12000;332;0,0276667;-0,078375
pista externa;237.mat;12000;333;0,0277500;0,068629
pista externa;237.mat;12000;334;0,0278333;-0,111268
pista externa;237.mat;12000;335;0,0279167;-0,106395
pista externa;237.mat;12000;336;0,0280000;0,076345
pista externa;237.mat;12000;337;0,0280833;0,147410
pista externa;237.mat;12000;338;0,0281667;-0,007716
pista externa;237.mat;12000;339;0,0282500;-0,191267
pista externa;237.mat;12000;340;0,0283333;0,149440
pista externa;237.mat;12000;341;0,0284167;0,363043
pista externa;237.mat;12000;342;0,0285000;0,202232
pista externa;237.mat;12000;343;0,0285833;0,101522
pista externa;237.mat;12000;344;0,0286667;0,106801
pista externa;237.mat;12000;345;0,0287500;0,043857
pista externa;237.mat;12000;346;0,0288333;-0,070253
pista externa;237.mat;12000;347;0,0289167;0,006497
pista externa;237.mat;12000;348;0,0290000;-0,062538
pista externa;237.mat;12000;349;0,0290833;-0,373195
pista externa;237.mat;12000;350;0,0291667;-0,409743
pista externa;237.mat;12000;351;0,0292500;0,134415
pista externa;237.mat;12000;352;0,0293333;0,152689
pista externa;237.mat;12000;353;0,0294167;-0,501112
pista externa;237.mat;12000;354;0,0295000;-0,386596
pista externa;237.mat;12000;355;0,0295833;0,396748
pista externa;237.mat;12000;356;0,0296667;0,450351
pista externa;237.mat;12000;357;0,0297500;-0,221724
pista externa;237.mat;12000;358;0,0298333;-0,071065
pista externa;237.mat;12000;359;0,0299167;0,520199
pista externa;237.mat;12000;360;0,0300000;0,294008
pista externa;237.mat;12000;361;0,0300833;-0,082030
pista externa;237.mat;12000;362;0,0301667;0,098679
pista externa;237.mat;12000;363;0,0302500;0,180709
pista externa;237.mat;12000;364;0,0303333;-0,103552
pista externa;237.mat;12000;365;0,0304167;-0,039797
pista externa;237.mat;12000;366;0,0305000;0,333398
pista externa;237.mat;12000;367;0,0305833;0,139288
pista externa;237.mat;12000;368;0,0306667;-0,503955
pista externa;237.mat;12000;369;0,0307500;-0,403245
pista externa;237.mat;12000;370;0,0308333;0,108019
pista externa;237.mat;12000;371;0,0309167;-0,090964
pista externa;237.mat;12000;372;0,0310000;-0,538472
pista externa;237.mat;12000;373;0,0310833;-0,281013
pista externa;237.mat;12000;374;0,0311667;0,263957
pista externa;237.mat;12000;375;0,0312500;0,148628
pista externa;237.mat;12000;376;0,0313333;-0,051573
pista externa;237.mat;12000;377;0,0314167;0,191673
pista externa;237.mat;12000;378;0,0315000;0,139288
pista externa;237.mat;12000;379;0,0315833;-0,376037
pista externa;237.mat;12000;380;0,0316667;-0,098679
pista externa;237.mat;12000;381;0,0317500;0,509234
pista externa;237.mat;12000;382;0,0318333;-0,051979
pista externa;237.mat;12000;383;0,0319167;-0,371164
pista externa;237.mat;12000;384;0,0320000;0,421519
pista externa;237.mat;12000;385;0,0320833;0,578269
pista externa;237.mat;12000;386;0,0321667;-0,471874
pista externa;237.mat;12000;387;0,0322500;-0,722430
pista externa;237.mat;12000;388;0,0323333;-0,080405
pista externa;237.mat;12000;389;0,0324167;0,069441
pista externa;237.mat;12000;390;0,0325000;0,302129
pista externa;237.mat;12000;391;0,0325833;0,393093
pista externa;237.mat;12000;392;0,0326667;-0,210760
pista externa;237.mat;12000;393;0,0327500;-0,155532
pista externa;237.mat;12000;394;0,0328333;0,803648
pista externa;237.mat;12000;395;0,0329167;0,288728
pista externa;237.mat;12000;396;0,0330000;-1,009128
pista externa;237.mat;12000;397;0,0330833;-0,376037
pista externa;237.mat;12000;398;0,0331667;0,710654
pista externa;237.mat;12000;399;0,0332500;0,086091
pista externa;237.mat;12000;400;0,0333333;-0,653395
pista externa;237.mat;12000;401;0,0334167;-0,020710
pista externa;237.mat;12000;402;0,0335000;0,298881
pista externa;237.mat;12000;403;0,0335833;-0,081218
pista externa;237.mat;12000;404;0,0336667;-0,131166
pista externa;237.mat;12000;405;0,0337500;-0,306596
pista externa;237.mat;12000;406;0,0338333;-0,363043
pista externa;237.mat;12000;407;0,0339167;0,265175
pista externa;237.mat;12000;408;0,0340000;0,414210
pista externa;237.mat;12000;409;0,0340833;-0,103146
pista externa;237.mat;12000;410;0,0341667;0,103552
pista externa;237.mat;12000;411;0,0342500;0,544564
pista externa;237.mat;12000;412;0,0343333;0,201420
pista externa;237.mat;12000;413;0,0344167;-0,068223
pista externa;237.mat;12000;414;0,0345000;0,155532
pista externa;237.mat;12000;415;0,0345833;0,147004
pista externa;237.mat;12000;416;0,0346667;-0,136446
pista externa;237.mat;12000;417;0,0347500;-0,153095
pista externa;237.mat;12000;418;0,0348333;0,068223
pista externa;237.mat;12000;419;0,0349167;-0,011370
pista externa;237.mat;12000;420;0,0350000;-0,084872
pista externa;237.mat;12000;421;0,0350833;0,022741
pista externa;237.mat;12000;422;0,0351667;-0,168933
pista externa;237.mat;12000;423;0,0352500;-0,216851
pista externa;237.mat;12000;424;0,0353333;0,056040
pista externa;237.mat;12000;425;0,0354167;-0,004061
pista externa;237.mat;12000;426;0,0355000;-0,266800
pista externa;237.mat;12000;427;0,0355833;0,030457
pista externa;237.mat;12000;428;0,0356667;0,376443
pista externa;237.mat;12000;429;0,0357500;0,081218
pista externa;237.mat;12000;430;0,0358333;-0,119796
pista externa;237.mat;12000;431;0,0359167;0,236343
pista externa;237.mat;12000;432;0,0360000;0,428017
pista externa;237.mat;12000;433;0,0360833;-0,007310
pista externa;237.mat;12000;434;0,0361667;-0,216445
pista externa;237.mat;12000;435;0,0362500;0,059695
pista externa;237.mat;12000;436;0,0363333;0,006497
pista externa;237.mat;12000;437;0,0364167;-0,197359
pista externa;237.mat;12000;438;0,0365000;0,000000
pista externa;237.mat;12000;439;0,0365833;0,119390
pista externa;237.mat;12000;440;0,0366667;-0,108832
pista externa;237.mat;12000;441;0,0367500;-0,085278
pista externa;237.mat;12000;442;0,0368333;0,070253
pista externa;237.mat;12000;443;0,0369167;-0,110050
pista externa;237.mat;12000;444;0,0370000;-0,158780
pista externa;237.mat;12000;445;0,0370833;0,015837
pista externa;237.mat;12000;446;0,0371667;0,008934
pista externa;237.mat;12000;447;0,0372500;-0,043045
pista externa;237.mat;12000;448;0,0373333;-0,050355
pista externa;237.mat;12000;449;0,0374167;-0,018680
pista externa;237.mat;12000;450;0,0375000;-0,013807
pista externa;237.mat;12000;451;0,0375833;-0,038984
pista externa;237.mat;12000;452;0,0376667;-0,000812
pista externa;237.mat;12000;453;0,0377500;-0,044264
pista externa;237.mat;12000;454;0,0378333;-0,079999
pista externa;237.mat;12000;455;0,0379167;0,036142
pista externa;237.mat;12000;456;0,0380000;0,139288
pista externa;237.mat;12000;457;0,0380833;0,064568
pista externa;237.mat;12000;458;0,0381667;0,033299
pista externa;237.mat;12000;459;0,0382500;0,052791
pista externa;237.mat;12000;460;0,0383333;0,017868
pista externa;237.mat;12000;461;0,0384167;0,084872
pista externa;237.mat;12000;462;0,0385000;0,064974
pista externa;237.mat;12000;463;0,0385833;-0,041827
pista externa;237.mat;12000;464;0,0386667;-0,050355
pista externa;237.mat;12000;465;0,0387500;-0,058477
pista externa;237.mat;12000;466;0,0388333;-0,125075
pista externa;237.mat;12000;467;0,0389167;-0,147816
pista externa;237.mat;12000;468;0,0390000;-0,152283
pista externa;237.mat;12000;469;0,0390833;-0,255429
pista externa;237.mat;12000;470;0,0391667;-0,229846
pista externa;237.mat;12000;471;0,0392500;-0,000812
pista externa;237.mat;12000;472;0,0393333;0,141725
pista externa;237.mat;12000;473;0,0394167;0,069441
pista externa;237.mat;12000;474;0,0395000;-0,004873
pista externa;237.mat;12000;475;0,0395833;0,151471
pista externa;237.mat;12000;476;0,0396667;0,180303
pista externa;237.mat;12000;477;0,0397500;0,017462
pista externa;237.mat;12000;478;0,0398333;0,060507
pista externa;237.mat;12000;479;0,0399167;0,147816
pista externa;237.mat;12000;480;0,0400000;0,163653
pista externa;237.mat;12000;481;0,0400833;0,259490
pista externa;237.mat;12000;482;0,0401667;0,246089
pista externa;237.mat;12000;483;0,0402500;-0,004467
pista externa;237.mat;12000;484;0,0403333;-0,131166
pista externa;237.mat;12000;485;0,0404167;-0,016650
pista externa;237.mat;12000;486;0,0405000;-0,077563
pista externa;237.mat;12000;487;0,0405833;-0,261521
pista externa;237.mat;12000;488;0,0406667;-0,247307
pista externa;237.mat;12000;489;0,0407500;-0,026396
pista externa;237.mat;12000;490;0,0408333;0,062131
pista externa;237.mat;12000;491;0,0409167;-0,067004
pista externa;237.mat;12000;492;0,0410000;-0,060101
pista externa;237.mat;12000;493;0,0410833;-0,055228
pista externa;237.mat;12000;494;0,0411667;-0,045888
pista externa;237.mat;12000;495;0,0412500;-0,147410
pista externa;237.mat;12000;496;0,0413333;-0,025177
pista externa;237.mat;12000;497;0,0414167;0,259490
pista externa;237.mat;12000;498;0,0415000;0,129948
pista externa;237.mat;12000;499;0,0415833;0,049137
pista externa;237.mat;12000;500;0,0416667;0,270454
pista externa;237.mat;12000;501;0,0417500;0,326901
pista externa;237.mat;12000;502;0,0418333;-0,104365
pista externa;237.mat;12000;503;0,0419167;-0,151471
pista externa;237.mat;12000;504;0,0420000;0,110050
pista externa;237.mat;12000;505;0,0420833;-0,006903
pista externa;237.mat;12000;506;0,0421667;-0,153501
pista externa;237.mat;12000;507;0,0422500;-0,031269
pista externa;237.mat;12000;508;0,0423333;0,132791
pista externa;237.mat;12000;509;0,0424167;0,048731
pista externa;237.mat;12000;510;0,0425000;-0,075532
pista externa;237.mat;12000;511;0,0425833;-0,064162
pista externa;237.mat;12000;512;0,0426667;-0,118172
pista externa;237.mat;12000;513;0,0427500;-0,157562
pista externa;237.mat;12000;514;0,0428333;-0,008528
pista externa;237.mat;12000;515;0,0429167;0,048324
pista externa;237.mat;12000;516;0,0430000;-0,007716
pista externa;237.mat;12000;517;0,0430833;0,021117
pista externa;237.mat;12000;518;0,0431667;0,121826
pista externa;237.mat;12000;519;0,0432500;0,017868
pista externa;237.mat;12000;520;0,0433333;-0,113299
pista externa;237.mat;12000;521;0,0434167;-0,088121
pista externa;237.mat;12000;522;0,0435000;0,034517
pista externa;237.mat;12000;523;0,0435833;0,078375
pista externa;237.mat;12000;524;0,0436667;-0,039391
pista externa;237.mat;12000;525;0,0437500;0,067411
pista externa;237.mat;12000;526;0,0438333;0,166902
pista externa;237.mat;12000;527;0,0439167;0,065380
pista externa;237.mat;12000;528;0,0440000;-0,039797
pista externa;237.mat;12000;529;0,0440833;-0,047512
pista externa;237.mat;12000;530;0,0441667;-0,062944
pista externa;237.mat;12000;531;0,0442500;-0,101522
pista externa;237.mat;12000;532;0,0443333;-0,038172
pista externa;237.mat;12000;533;0,0444167;0,042233
pista externa;237.mat;12000;534;0,0445000;0,055634
pista externa;237.mat;12000;535;0,0445833;-0,006497
pista externa;237.mat;12000;536;0,0446667;0,044670
pista externa;237.mat;12000;537;0,0447500;0,049137
pista externa;237.mat;12000;538;0,0448333;-0,086903
pista externa;237.mat;12000;539;0,0449167;-0,085278
pista externa;237.mat;12000;540;0,0450000;0,022741
pista externa;237.mat;12000;541;0,0450833;0,015837
pista externa;237.mat;12000;542;0,0451667;-0,071878
pista externa;237.mat;12000;543;0,0452500;-0,006497
pista externa;237.mat;12000;544;0,0453333;0,061319
pista externa;237.mat;12000;545;0,0454167;-0,027614
pista externa;237.mat;12000;546;0,0455000;-0,040609
pista externa;237.mat;12000;547;0,0455833;0,032893
pista externa;237.mat;12000;548;0,0456667;0,005279
pista externa;237.mat;12000;549;0,0457500;0,006903
pista externa;237.mat;12000;550;0,0458333;0,082030
pista externa;237.mat;12000;551;0,0459167;0,106395
pista externa;237.mat;12000;552;0,0460000;0,053198
pista externa;237.mat;12000;553;0,0460833;-0,006903
pista externa;237.mat;12000;554;0,0461667;-0,008528
pista externa;237.mat;12000;555;0,0462500;-0,018680
pista externa;237.mat;12000;556;0,0463333;-0,046700
pista externa;237.mat;12000;557;0,0464167;-0,031675
pista externa;237.mat;12000;558;0,0465000;0,046294
pista externa;237.mat;12000;559;0,0465833;0,072284
pista externa;237.mat;12000;560;0,0466667;0,075126
pista externa;237.mat;12000;561;0,0467500;0,083654
pista externa;237.mat;12000;562;0,0468333;0,005279
pista externa;237.mat;12000;563;0,0469167;-0,048731
pista externa;237.mat;12000;564;0,0470000;-0,045482
pista externa;237.mat;12000;565;0,0470833;-0,127918
pista externa;237.mat;12000;566;0,0471667;-0,187206
pista externa;237.mat;12000;567;0,0472500;-0,055634
pista externa;237.mat;12000;568;0,0473333;0,061319
pista externa;237.mat;12000;569;0,0474167;-0,025990
pista externa;237.mat;12000;570;0,0475000;-0,043857
pista externa;237.mat;12000;571;0,0475833;0,071471
pista externa;237.mat;12000;572;0,0476667;0,040203
pista externa;237.mat;12000;573;0,0477500;0,012995
pista externa;237.mat;12000;574;0,0478333;0,025990
pista externa;237.mat;12000;575;0,0479167;0,062538
pista externa;237.mat;12000;576;0,0480000;0,139694
pista externa;237.mat;12000;577;0,0480833;0,118984
pista externa;237.mat;12000;578;0,0481667;0,032487
pista externa;237.mat;12000;579;0,0482500;-0,094212
pista externa;237.mat;12000;580;0,0483333;-0,040609
pista externa;237.mat;12000;581;0,0484167;0,032893
pista externa;237.mat;12000;582;0,0485000;-0,089745
pista externa;237.mat;12000;583;0,0485833;-0,107207
pista externa;237.mat;12000;584;0,0486667;0,047512
pista externa;237.mat;12000;585;0,0487500;0,077157
pista externa;237.mat;12000;586;0,0488333;-0,015431
pista externa;237.mat;12000;587;0,0489167;0,015431
pista externa;237.mat;12000;588;0,0490000;-0,015431
pista externa;237.mat;12000;589;0,0490833;-0,087715
pista externa;237.mat;12000;590;0,0491667;-0,116141
pista externa;237.mat;12000;591;0,0492500;-0,071065
pista externa;237.mat;12000;592;0,0493333;0,026802
pista externa;237.mat;12000;593;0,0494167;0,030050
pista externa;237.mat;12000;594;0,0495000;0,036954
pista externa;237.mat;12000;595;0,0495833;0,102740
pista externa;237.mat;12000;596;0,0496667;0,135633
pista externa;237.mat;12000;597;0,0497500;0,023147
pista externa;237.mat;12000;598;0,0498333;-0,032081
pista externa;237.mat;12000;599;0,0499167;-0,019492
pista externa;237.mat;12000;600;0,0500000;-0,011777
pista externa;237.mat;12000;601;0,0500833;0,022741
pista externa;237.mat;12000;602;0,0501667;-0,014619
pista externa;237.mat;12000;603;0,0502500;0,030457
pista externa;237.mat;12000;604;0,0503333;0,060913
pista externa;237.mat;12000;605;0,0504167;-0,039797
pista externa;237.mat;12000;606;0,0505000;0,002843
pista externa;237.mat;12000;607;0,0505833;0,108019
pista externa;237.mat;12000;608;0,0506667;0,231470
pista externa;237.mat;12000;609;0,0507500;0,352890
pista externa;237.mat;12000;610;0,0508333;-0,036954
pista externa;237.mat;12000;611;0,0509167;-1,162223
pista externa;237.mat;12000;612;0,0510000;-0,548219
pista externa;237.mat;12000;613;0,0510833;1,347805
pista externa;237.mat;12000;614;0,0511667;-0,090964
pista externa;237.mat;12000;615;0,0512500;-1,854603
pista externa;237.mat;12000;616;0,0513333;0,546188
pista externa;237.mat;12000;617;0,0514167;1,816837
pista externa;237.mat;12000;618;0,0515000;-0,939687
pista externa;237.mat;12000;619;0,0515833;-1,434302
pista externa;237.mat;12000;620;0,0516667;0,082842
pista externa;237.mat;12000;621;0,0517500;-0,242434
pista externa;237.mat;12000;622;0,0518333;0,337865
pista externa;237.mat;12000;623;0,0519167;2,002419
pista externa;237.mat;12000;624;0,0520000;0,186800
pista externa;237.mat;12000;625;0,0520833;-1,557347
pista externa;237.mat;12000;626;0,0521667;2,087291
pista externa;237.mat;12000;627;0,0522500;2,456425
pista externa;237.mat;12000;628;0,0523333;-2,648099
pista externa;237.mat;12000;629;0,0524167;-2,362619
pista externa;237.mat;12000;630;0,0525000;2,659875
pista externa;237.mat;12000;631;0,0525833;1,441206
pista externa;237.mat;12000;632;0,0526667;-2,653378
pista externa;237.mat;12000;633;0,0527500;-0,824764
pista externa;237.mat;12000;634;0,0528333;1,610544
pista externa;237.mat;12000;635;0,0529167;-0,131979
pista externa;237.mat;12000;636;0,0530000;-1,329532
pista externa;237.mat;12000;637;0,0530833;-0,125887
pista externa;237.mat;12000;638;0,0531667;-0,503143
pista externa;237.mat;12000;639;0,0532500;-0,691974
pista externa;237.mat;12000;640;0,0533333;0,986793
pista externa;237.mat;12000;641;0,0534167;0,604259
pista externa;237.mat;12000;642;0,0535000;-0,935626
pista externa;237.mat;12000;643;0,0535833;0,580706
pista externa;237.mat;12000;644;0,0536667;2,223737
pista externa;237.mat;12000;645;0,0537500;0,253399
pista externa;237.mat;12000;646;0,0538333;-1,190243
pista externa;237.mat;12000;647;0,0539167;0,311469
pista externa;237.mat;12000;648;0,0540000;1,114305
pista externa;237.mat;12000;649;0,0540833;-0,478371
pista externa;237.mat;12000;650;0,0541667;-1,027808
pista externa;237.mat;12000;651;0,0542500;0,112892
pista externa;237.mat;12000;652;0,0543333;0,237155
pista externa;237.mat;12000;653;0,0544167;-0,314718
pista externa;237.mat;12000;654;0,0545000;-0,257054
pista externa;237.mat;12000;655;0,0545833;-0,028426
pista externa;237.mat;12000;656;0,0546667;-0,295226
pista externa;237.mat;12000;657;0,0547500;-0,529539
pista externa;237.mat;12000;658;0,0548333;-0,285074
pista externa;237.mat;12000;659;0,0549167;0,015025
pista externa;237.mat;12000;660;0,0550000;0,105989
pista externa;237.mat;12000;661;0,0550833;0,312282
pista externa;237.mat;12000;662;0,0551667;0,438981
pista externa;237.mat;12000;663;0,0552500;0,306596
pista externa;237.mat;12000;664;0,0553333;0,345987
pista externa;237.mat;12000;665;0,0554167;0,236343
pista externa;237.mat;12000;666;0,0555000;0,027208
pista externa;237.mat;12000;667;0,0555833;-0,075938
pista externa;237.mat;12000;668;0,0556667;-0,112080
pista externa;237.mat;12000;669;0,0557500;-0,049137
pista externa;237.mat;12000;670;0,0558333;-0,039391
pista externa;237.mat;12000;671;0,0559167;-0,030863
pista externa;237.mat;12000;672;0,0560000;0,016244
pista externa;237.mat;12000;673;0,0560833;0,088527
pista externa;237.mat;12000;674;0,0561667;-0,138476
pista externa;237.mat;12000;675;0,0562500;-0,445072
pista externa;237.mat;12000;676;0,0563333;-0,291977
pista externa;237.mat;12000;677;0,0564167;0,099492
pista externa;237.mat;12000;678;0,0565000;-0,058883
pista externa;237.mat;12000;679;0,0565833;-0,375631
pista externa;237.mat;12000;680;0,0566667;0,063756
pista externa;237.mat;12000;681;0,0567500;0,444260
pista externa;237.mat;12000;682;0,0568333;0,091370
pista externa;237.mat;12000;683;0,0569167;-0,255429
pista externa;237.mat;12000;684;0,0570000;0,008122
pista externa;237.mat;12000;685;0,0570833;0,177866
pista externa;237.mat;12000;686;0,0571667;-0,062538
pista externa;237.mat;12000;687;0,0572500;-0,141319
pista externa;237.mat;12000;688;0,0573333;0,006091
pista externa;237.mat;12000;689;0,0574167;0,168933
pista externa;237.mat;12000;690;0,0575000;0,341926
pista externa;237.mat;12000;691;0,0575833;0,368728
pista externa;237.mat;12000;692;0,0576667;0,077563
pista externa;237.mat;12000;693;0,0577500;-0,110456
pista externa;237.mat;12000;694;0,0578333;0,015837
pista externa;237.mat;12000;695;0,0579167;0,056040
pista externa;237.mat;12000;696;0,0580000;-0,112080
pista externa;237.mat;12000;697;0,0580833;-0,182333
pista externa;237.mat;12000;698;0,0581667;-0,171369
pista externa;237.mat;12000;699;0,0582500;-0,113299
pista externa;237.mat;12000;700;0,0583333;-0,039797
pista externa;237.mat;12000;701;0,0584167;-0,123045
pista externa;237.mat;12000;702;0,0585000;-0,215633
pista externa;237.mat;12000;703;0,0585833;-0,209541
pista externa;237.mat;12000;704;0,0586667;-0,037766
pista externa;237.mat;12000;705;0,0587500;0,164872
pista externa;237.mat;12000;706;0,0588333;0,136039
pista externa;237.mat;12000;707;0,0589167;-0,011777
pista externa;237.mat;12000;708;0,0590000;0,075938
pista externa;237.mat;12000;709;0,0590833;0,294820
pista externa;237.mat;12000;710;0,0591667;0,214008
pista externa;237.mat;12000;711;0,0592500;0,015431
pista externa;237.mat;12000;712;0,0593333;0,007716
pista externa;237.mat;12000;713;0,0594167;0,212790
pista externa;237.mat;12000;714;0,0595000;0,352890
pista externa;237.mat;12000;715;0,0595833;0,080811
pista externa;237.mat;12000;716;0,0596667;-0,306596
pista externa;237.mat;12000;717;0,0597500;-0,307815
pista externa;237.mat;12000;718;0,0598333;0,000812
pista externa;237.mat;12000;719;0,0599167;-0,033299
pista externa;237.mat;12000;720;0,0600000;-0,349642
pista externa;237.mat;12000;721;0,0600833;-0,292789
pista externa;237.mat;12000;722;0,0601667;0,123857
pista externa;237.mat;12000;723;0,0602500;0,236343
pista externa;237.mat;12000;724;0,0603333;-0,129136
pista externa;237.mat;12000;725;0,0604167;-0,159999
pista externa;237.mat;12000;726;0,0605000;0,085685
pista externa;237.mat;12000;727;0,0605833;0,126699
pista externa;237.mat;12000;728;0,0606667;0,052385
pista externa;237.mat;12000;729;0,0607500;0,094618
pista externa;237.mat;12000;730;0,0608333;0,192486
pista externa;237.mat;12000;731;0,0609167;0,172993
pista externa;237.mat;12000;732;0,0610000;0,224567
pista externa;237.mat;12000;733;0,0610833;0,149846
pista externa;237.mat;12000;734;0,0611667;-0,151065
pista externa;237.mat;12000;735;0,0612500;-0,332586
pista externa;237.mat;12000;736;0,0613333;-0,080811
pista externa;237.mat;12000;737;0,0614167;0,023553
pista externa;237.mat;12000;738;0,0615000;-0,220100
pista externa;237.mat;12000;739;0,0615833;-0,058883
pista externa;237.mat;12000;740;0,0616667;0,205480
pista externa;237.mat;12000;741;0,0617500;0,120202
pista externa;237.mat;12000;742;0,0618333;0,030050
pista externa;237.mat;12000;743;0,0619167;0,104365
pista externa;237.mat;12000;744;0,0620000;0,023147
pista externa;237.mat;12000;745;0,0620833;-0,065380
pista externa;237.mat;12000;746;0,0621667;0,030863
pista externa;237.mat;12000;747;0,0622500;0,086497
pista externa;237.mat;12000;748;0,0623333;0,074720
pista externa;237.mat;12000;749;0,0624167;0,053198
pista externa;237.mat;12000;750;0,0625000;0,041015
pista externa;237.mat;12000;751;0,0625833;-0,019898
pista externa;237.mat;12000;752;0,0626667;-0,087309
pista externa;237.mat;12000;753;0,0627500;-0,138882
pista externa;237.mat;12000;754;0,0628333;-0,156750
pista externa;237.mat;12000;755;0,0629167;-0,135633
pista externa;237.mat;12000;756;0,0630000;-0,092588
pista externa;237.mat;12000;757;0,0630833;-0,104365
pista externa;237.mat;12000;758;0,0631667;-0,077969
pista externa;237.mat;12000;759;0,0632500;0,028426
pista externa;237.mat;12000;760;0,0633333;0,003655
pista externa;237.mat;12000;761;0,0634167;0,002843
pista externa;237.mat;12000;762;0,0635000;0,021929
pista externa;237.mat;12000;763;0,0635833;0,078781
pista externa;237.mat;12000;764;0,0636667;0,165278
pista externa;237.mat;12000;765;0,0637500;0,181521
pista externa;237.mat;12000;766;0,0638333;0,153501
pista externa;237.mat;12000;767;0,0639167;0,034517
pista externa;237.mat;12000;768;0,0640000;0,084466
pista externa;237.mat;12000;769;0,0640833;0,140912
pista externa;237.mat;12000;770;0,0641667;-0,059695
pista externa;237.mat;12000;771;0,0642500;-0,221724
pista externa;237.mat;12000;772;0,0643333;-0,095431
pista externa;237.mat;12000;773;0,0644167;0,020710
pista externa;237.mat;12000;774;0,0645000;-0,065380
pista externa;237.mat;12000;775;0,0645833;-0,151065
pista externa;237.mat;12000;776;0,0646667;-0,166902
pista externa;237.mat;12000;777;0,0647500;-0,043451
pista externa;237.mat;12000;778;0,0648333;-0,004467
pista externa;237.mat;12000;779;0,0649167;-0,072690
pista externa;237.mat;12000;780;0,0650000;-0,112080
pista externa;237.mat;12000;781;0,0650833;-0,063756
pista externa;237.mat;12000;782;0,0651667;0,081218
pista externa;237.mat;12000;783;0,0652500;0,056446
pista externa;237.mat;12000;784;0,0653333;0,009746
pista externa;237.mat;12000;785;0,0654167;0,116141
pista externa;237.mat;12000;786;0,0655000;0,136446
pista externa;237.mat;12000;787;0,0655833;0,060507
pista externa;237.mat;12000;788;0,0656667;0,088933
pista externa;237.mat;12000;789;0,0657500;0,065380
pista externa;237.mat;12000;790;0,0658333;-0,079593
pista externa;237.mat;12000;791;0,0659167;-0,012589
pista externa;237.mat;12000;792;0,0660000;0,093400
pista externa;237.mat;12000;793;0,0660833;-0,063350
pista externa;237.mat;12000;794;0,0661667;-0,061725
pista externa;237.mat;12000;795;0,0662500;0,139694
pista externa;237.mat;12000;796;0,0663333;0,027208
pista externa;237.mat;12000;797;0,0664167;-0,118984
pista externa;237.mat;12000;798;0,0665000;0,055228
pista externa;237.mat;12000;799;0,0665833;0,073502
pista externa;237.mat;12000;800;0,0666667;-0,190049
pista externa;237.mat;12000;801;0,0667500;-0,139288
pista externa;237.mat;12000;802;0,0668333;0,138476
pista externa;237.mat;12000;803;0,0669167;0,062131
pista externa;237.mat;12000;804;0,0670000;-0,108832
pista externa;237.mat;12000;805;0,0670833;0,021117
pista externa;237.mat;12000;806;0,0671667;0,236343
pista externa;237.mat;12000;807;0,0672500;0,106395
pista externa;237.mat;12000;808;0,0673333;-0,046700
pista externa;237.mat;12000;809;0,0674167;0,083654
pista externa;237.mat;12000;810;0,0675000;0,067411
pista externa;237.mat;12000;811;0,0675833;-0,025584
pista externa;237.mat;12000;812;0,0676667;0,000000
pista externa;237.mat;12000;813;0,0677500;-0,025584
pista externa;237.mat;12000;814;0,0678333;-0,101522
pista externa;237.mat;12000;815;0,0679167;0,000000
pista externa;237.mat;12000;816;0,0680000;-0,009340
pista externa;237.mat;12000;817;0,0680833;-0,103552
pista externa;237.mat;12000;818;0,0681667;0,012589
pista externa;237.mat;12000;819;0,0682500;0,002030
pista externa;237.mat;12000;820;0,0683333;-0,090558
pista externa;237.mat;12000;821;0,0684167;-0,029238
pista externa;237.mat;12000;822;0,0685000;0,072690
pista externa;237.mat;12000;823;0,0685833;-0,032081
pista externa;237.mat;12000;824;0,0686667;-0,129948
pista externa;237.mat;12000;825;0,0687500;-0,018680
pista externa;237.mat;12000;826;0,0688333;0,094212
pista externa;237.mat;12000;827;0,0689167;0,062538
pista externa;237.mat;12000;828;0,0690000;0,015025
pista externa;237.mat;12000;829;0,0690833;0,112080
pista externa;237.mat;12000;830;0,0691667;0,100710
pista externa;237.mat;12000;831;0,0692500;0,041015
pista externa;237.mat;12000;832;0,0693333;0,117359
pista externa;237.mat;12000;833;0,0694167;-0,028020
pista externa;237.mat;12000;834;0,0695000;-0,208729
pista externa;237.mat;12000;835;0,0695833;0,001218
pista externa;237.mat;12000;836;0,0696667;0,054010
pista externa;237.mat;12000;837;0,0697500;-0,149846
pista externa;237.mat;12000;838;0,0698333;-0,101522
pista externa;237.mat;12000;839;0,0699167;0,080405
pista externa;237.mat;12000;840;0,0700000;0,002437
pista externa;237.mat;12000;841;0,0700833;-0,072690
pista externa;237.mat;12000;842;0,0701667;0,149440
pista externa;237.mat;12000;843;0,0702500;0,108019
pista externa;237.mat;12000;844;0,0703333;-0,332180
pista externa;237.mat;12000;845;0,0704167;-0,298881
pista externa;237.mat;12000;846;0,0705000;0,261114
pista externa;237.mat;12000;847;0,0705833;0,050761
pista externa;237.mat;12000;848;0,0706667;-0,460098
pista externa;237.mat;12000;849;0,0707500;0,023553
pista externa;237.mat;12000;850;0,0708333;0,367103
pista externa;237.mat;12000;851;0,0709167;-0,201420
pista externa;237.mat;12000;852;0,0710000;-0,383347
pista externa;237.mat;12000;853;0,0710833;0,006091
pista externa;237.mat;12000;854;0,0711667;0,143349
pista externa;237.mat;12000;855;0,0712500;0,409337
pista externa;237.mat;12000;856;0,0713333;0,518168
pista externa;237.mat;12000;857;0,0714167;-0,101522
pista externa;237.mat;12000;858;0,0715000;-0,118578
pista externa;237.mat;12000;859;0,0715833;0,625375
pista externa;237.mat;12000;860;0,0716667;0,308221
pista externa;237.mat;12000;861;0,0717500;-0,608320
pista externa;237.mat;12000;862;0,0718333;-0,189643
pista externa;237.mat;12000;863;0,0719167;0,568929
pista externa;237.mat;12000;864;0,0720000;-0,033705
pista externa;237.mat;12000;865;0,0720833;-0,590046
pista externa;237.mat;12000;866;0,0721667;-0,153095
pista externa;237.mat;12000;867;0,0722500;-0,034111
pista externa;237.mat;12000;868;0,0723333;-0,342332
pista externa;237.mat;12000;869;0,0724167;-0,325276
pista externa;237.mat;12000;870;0,0725000;-0,287104
pista externa;237.mat;12000;871;0,0725833;-0,277358
pista externa;237.mat;12000;872;0,0726667;0,201420
pista externa;237.mat;12000;873;0,0727500;0,426392
pista externa;237.mat;12000;874;0,0728333;-0,021929
pista externa;237.mat;12000;875;0,0729167;0,033705
pista externa;237.mat;12000;876;0,0730000;0,566086
pista externa;237.mat;12000;877;0,0730833;0,423956
pista externa;237.mat;12000;878;0,0731667;-0,024365
pista externa;237.mat;12000;879;0,0732500;0,145786
pista externa;237.mat;12000;880;0,0733333;0,443448
pista externa;237.mat;12000;881;0,0734167;0,248120
pista externa;237.mat;12000;882;0,0735000;-0,022335
pista externa;237.mat;12000;883;0,0735833;-0,100710
pista externa;237.mat;12000;884;0,0736667;-0,057258
pista externa;237.mat;12000;885;0,0737500;-0,024365
pista externa;237.mat;12000;886;0,0738333;-0,143349
pista externa;237.mat;12000;887;0,0739167;-0,373195
pista externa;237.mat;12000;888;0,0740000;-0,430453
pista externa;237.mat;12000;889;0,0740833;-0,106801
pista externa;237.mat;12000;890;0,0741667;0,002030
pista externa;237.mat;12000;891;0,0742500;-0,169339
pista externa;237.mat;12000;892;0,0743333;-0,114111
pista externa;237.mat;12000;893;0,0744167;0,013401
pista externa;237.mat;12000;894;0,0745000;0,025177
pista externa;237.mat;12000;895;0,0745833;0,061319
pista externa;237.mat;12000;896;0,0746667;0,162435
pista externa;237.mat;12000;897;0,0747500;0,091370
pista externa;237.mat;12000;898;0,0748333;0,085685
pista externa;237.mat;12000;899;0,0749167;0,237561
pista externa;237.mat;12000;900;0,0750000;0,183146
pista externa;237.mat;12000;901;0,0750833;-0,033705
pista externa;237.mat;12000;902;0,0751667;-0,028020
pista externa;237.mat;12000;903;0,0752500;0,142943
pista externa;237.mat;12000;904;0,0753333;-0,027614
pista externa;237.mat;12000;905;0,0754167;-0,154719
pista externa;237.mat;12000;906;0,0755000;0,016650
pista externa;237.mat;12000;907;0,0755833;-0,009340
pista externa;237.mat;12000;908;0,0756667;-0,144161
pista externa;237.mat;12000;909;0,0757500;-0,010964
pista externa;237.mat;12000;910;0,0758333;0,114111
pista externa;237.mat;12000;911;0,0759167;-0,123045
pista externa;237.mat;12000;912;0,0760000;-0,251368
pista externa;237.mat;12000;913;0,0760833;-0,041421
pista externa;237.mat;12000;914;0,0761667;0,031675
pista externa;237.mat;12000;915;0,0762500;-0,121014
pista externa;237.mat;12000;916;0,0763333;-0,134415
pista externa;237.mat;12000;917;0,0764167;0,010558
pista externa;237.mat;12000;918;0,0765000;-0,023553
pista externa;237.mat;12000;919;0,0765833;-0,097867
pista externa;237.mat;12000;920;0,0766667;-0,016650
pista externa;237.mat;12000;921;0,0767500;-0,012589
pista externa;237.mat;12000;922;0,0768333;0,032893
pista externa;237.mat;12000;923;0,0769167;0,099492
pista externa;237.mat;12000;924;0,0770000;0,079999
pista externa;237.mat;12000;925;0,0770833;0,088527
pista externa;237.mat;12000;926;0,0771667;0,054416
pista externa;237.mat;12000;927;0,0772500;0,057258
pista externa;237.mat;12000;928;0,0773333;0,052791
pista externa;237.mat;12000;929;0,0774167;-0,047918
pista externa;237.mat;12000;930;0,0775000;-0,101928
pista externa;237.mat;12000;931;0,0775833;-0,011370
pista externa;237.mat;12000;932;0,0776667;0,062538
pista externa;237.mat;12000;933;0,0777500;0,048324
pista externa;237.mat;12000;934;0,0778333;0,021523
pista externa;237.mat;12000;935;0,0779167;-0,034924
pista externa;237.mat;12000;936;0,0780000;0,005279
pista externa;237.mat;12000;937;0,0780833;0,075938
pista externa;237.mat;12000;938;0,0781667;0,049949
pista externa;237.mat;12000;939;0,0782500;0,012183
pista externa;237.mat;12000;940;0,0783333;0,012589
pista externa;237.mat;12000;941;0,0784167;0,056446
pista externa;237.mat;12000;942;0,0785000;0,131979
pista externa;237.mat;12000;943;0,0785833;0,094618
pista externa;237.mat;12000;944;0,0786667;-0,005685
pista externa;237.mat;12000;945;0,0787500;0,031269
pista externa;237.mat;12000;946;0,0788333;0,121826
pista externa;237.mat;12000;947;0,0789167;0,087309
pista externa;237.mat;12000;948;0,0790000;-0,079187
pista externa;237.mat;12000;949;0,0790833;-0,134009
pista externa;237.mat;12000;950;0,0791667;-0,036954
pista externa;237.mat;12000;951;0,0792500;0,025990
pista externa;237.mat;12000;952;0,0793333;-0,122639
pista externa;237.mat;12000;953;0,0794167;-0,158780
pista externa;237.mat;12000;954;0,0795000;-0,043451
pista externa;237.mat;12000;955;0,0795833;-0,077157
pista externa;237.mat;12000;956;0,0796667;-0,033705
pista externa;237.mat;12000;957;0,0797500;0,058477
pista externa;237.mat;12000;958;0,0798333;0,103552
pista externa;237.mat;12000;959;0,0799167;0,153095
pista externa;237.mat;12000;960;0,0800000;0,311469
pista externa;237.mat;12000;961;0,0800833;0,092182
pista externa;237.mat;12000;962;0,0801667;-0,216445
pista externa;237.mat;12000;963;0,0802500;0,155532
pista externa;237.mat;12000;964;0,0803333;0,374819
pista externa;237.mat;12000;965;0,0804167;-0,247307
pista externa;237.mat;12000;966;0,0805000;-0,480402
pista externa;237.mat;12000;967;0,0805833;0,349236
pista externa;237.mat;12000;968;0,0806667;0,168120
pista externa;237.mat;12000;969;0,0807500;-0,515325
pista externa;237.mat;12000;970;0,0808333;-0,049543
pista externa;237.mat;12000;971;0,0809167;0,216039
pista externa;237.mat;12000;972;0,0810000;-0,508828
pista externa;237.mat;12000;973;0,0810833;-0,722430
pista externa;237.mat;12000;974;0,0811667;0,533599
pista externa;237.mat;12000;975;0,0812500;0,858064
pista externa;237.mat;12000;976;0,0813333;-0,494209
pista externa;237.mat;12000;977;0,0814167;-0,634309
pista externa;237.mat;12000;978;0,0815000;0,938875
pista externa;237.mat;12000;979;0,0815833;0,667608
pista externa;237.mat;12000;980;0,0816667;-0,932378
pista externa;237.mat;12000;981;0,0817500;-0,319185
pista externa;237.mat;12000;982;0,0818333;0,757760
pista externa;237.mat;12000;983;0,0819167;0,188831
pista externa;237.mat;12000;984;0,0820000;-0,276952
pista externa;237.mat;12000;985;0,0820833;0,305378
pista externa;237.mat;12000;986;0,0821667;0,087309
pista externa;237.mat;12000;987;0,0822500;-0,411367
pista externa;237.mat;12000;988;0,0823333;0,205074
pista externa;237.mat;12000;989;0,0824167;0,190455
pista externa;237.mat;12000;990;0,0825000;-0,859688
pista externa;237.mat;12000;991;0,0825833;-0,570959
pista externa;237.mat;12000;992;0,0826667;0,619284
pista externa;237.mat;12000;993;0,0827500;0,149846
pista externa;237.mat;12000;994;0,0828333;-0,569335
pista externa;237.mat;12000;995;0,0829167;0,161217
pista externa;237.mat;12000;996;0,0830000;0,606289
pista externa;237.mat;12000;997;0,0830833;-0,142943
pista externa;237.mat;12000;998;0,0831667;-0,376037
pista externa;237.mat;12000;999;0,0832500;0,276140
pista externa;237.mat;12000;1000;0,0833333;0,163653
pista externa;237.mat;12000;1001;0,0834167;-0,320809
pista externa;237.mat;12000;1002;0,0835000;-0,046700
pista externa;237.mat;12000;1003;0,0835833;0,297662
pista externa;237.mat;12000;1004;0,0836667;0,037360
pista externa;237.mat;12000;1005;0,0837500;-0,128324
pista externa;237.mat;12000;1006;0,0838333;0,133603
pista externa;237.mat;12000;1007;0,0839167;0,123857
pista externa;237.mat;12000;1008;0,0840000;-0,112080
pista externa;237.mat;12000;1009;0,0840833;-0,132791
pista externa;237.mat;12000;1010;0,0841667;0,010152
pista externa;237.mat;12000;1011;0,0842500;0,058071
pista externa;237.mat;12000;1012;0,0843333;0,082436
pista externa;237.mat;12000;1013;0,0844167;0,042233
pista externa;237.mat;12000;1014;0,0845000;-0,044264
pista externa;237.mat;12000;1015;0,0845833;-0,023959
pista externa;237.mat;12000;1016;0,0846667;-0,103146
pista externa;237.mat;12000;1017;0,0847500;-0,000812
pista externa;237.mat;12000;1018;0,0848333;0,133197
pista externa;237.mat;12000;1019;0,0849167;-0,102740
pista externa;237.mat;12000;1020;0,0850000;-0,171775
pista externa;237.mat;12000;1021;0,0850833;0,237561
pista externa;237.mat;12000;1022;0,0851667;0,244871
pista externa;237.mat;12000;1023;0,0852500;-0,200607
pista externa;237.mat;12000;1024;0,0853333;-0,088933
pista externa;237.mat;12000;1025;0,0854167;0,202232
pista externa;237.mat;12000;1026;0,0855000;0,026396
pista externa;237.mat;12000;1027;0,0855833;-0,137664
pista externa;237.mat;12000;1028;0,0856667;0,053604
pista externa;237.mat;12000;1029;0,0857500;0,129542
pista externa;237.mat;12000;1030;0,0858333;-0,028020
pista externa;237.mat;12000;1031;0,0859167;0,008122
pista externa;237.mat;12000;1032;0,0860000;0,090964
pista externa;237.mat;12000;1033;0,0860833;-0,095431
pista externa;237.mat;12000;1034;0,0861667;-0,123857
pista externa;237.mat;12000;1035;0,0862500;0,045076
pista externa;237.mat;12000;1036;0,0863333;-0,028426
pista externa;237.mat;12000;1037;0,0864167;-0,047512
pista externa;237.mat;12000;1038;0,0865000;0,114923
pista externa;237.mat;12000;1039;0,0865833;-0,042233
pista externa;237.mat;12000;1040;0,0866667;-0,165684
pista externa;237.mat;12000;1041;0,0867500;0,150252
pista externa;237.mat;12000;1042;0,0868333;0,190049
pista externa;237.mat;12000;1043;0,0869167;-0,037766
pista externa;237.mat;12000;1044;0,0870000;-0,007716
pista externa;237.mat;12000;1045;0,0870833;0,180303
pista externa;237.mat;12000;1046;0,0871667;0,173400
pista externa;237.mat;12000;1047;0,0872500;-0,008934
pista externa;237.mat;12000;1048;0,0873333;-0,024365
pista externa;237.mat;12000;1049;0,0874167;0,016244
pista externa;237.mat;12000;1050;0,0875000;-0,124669
pista externa;237.mat;12000;1051;0,0875833;-0,175430
pista externa;237.mat;12000;1052;0,0876667;-0,008528
pista externa;237.mat;12000;1053;0,0877500;-0,069847
pista externa;237.mat;12000;1054;0,0878333;-0,139694
pista externa;237.mat;12000;1055;0,0879167;0,074720
pista externa;237.mat;12000;1056;0,0880000;0,095837
pista externa;237.mat;12000;1057;0,0880833;-0,089339
pista externa;237.mat;12000;1058;0,0881667;-0,034517
pista externa;237.mat;12000;1059;0,0882500;0,072284
pista externa;237.mat;12000;1060;0,0883333;-0,086903
pista externa;237.mat;12000;1061;0,0884167;-0,145379
pista externa;237.mat;12000;1062;0,0885000;0,071065
pista externa;237.mat;12000;1063;0,0885833;0,159186
pista externa;237.mat;12000;1064;0,0886667;-0,054822
pista externa;237.mat;12000;1065;0,0887500;-0,058477
pista externa;237.mat;12000;1066;0,0888333;0,184364
pista externa;237.mat;12000;1067;0,0889167;0,084872
pista externa;237.mat;12000;1068;0,0890000;-0,214820
pista externa;237.mat;12000;1069;0,0890833;-0,114517
pista externa;237.mat;12000;1070;0,0891667;-0,005685
pista externa;237.mat;12000;1071;0,0892500;-0,123045
pista externa;237.mat;12000;1072;0,0893333;-0,025584
pista externa;237.mat;12000;1073;0,0894167;0,124263
pista externa;237.mat;12000;1074;0,0895000;0,078781
pista externa;237.mat;12000;1075;0,0895833;0,133603
pista externa;237.mat;12000;1076;0,0896667;0,445884
pista externa;237.mat;12000;1077;0,0897500;0,778064
pista externa;237.mat;12000;1078;0,0898333;-0,112892
pista externa;237.mat;12000;1079;0,0899167;-1,835517
pista externa;237.mat;12000;1080;0,0900000;-0,491772
pista externa;237.mat;12000;1081;0,0900833;2,231453
pista externa;237.mat;12000;1082;0,0901667;-0,336647
pista externa;237.mat;12000;1083;0,0902500;-2,938858
pista externa;237.mat;12000;1084;0,0903333;1,064762
pista externa;237.mat;12000;1085;0,0904167;2,283432
pista externa;237.mat;12000;1086;0,0905000;-1,205675
pista externa;237.mat;12000;1087;0,0905833;-2,599368
pista externa;237.mat;12000;1088;0,0906667;0,241622
pista externa;237.mat;12000;1089;0,0907500;1,559377
pista externa;237.mat;12000;1090;0,0908333;-1,461104
pista externa;237.mat;12000;1091;0,0909167;0,624969
pista externa;237.mat;12000;1092;0,0910000;3,037537
pista externa;237.mat;12000;1093;0,0910833;-1,086691
pista externa;237.mat;12000;1094;0,0911667;-0,991260
pista externa;237.mat;12000;1095;0,0912500;4,010523
pista externa;237.mat;12000;1096;0,0913333;0,515325
pista externa;237.mat;12000;1097;0,0914167;-4,144532
pista externa;237.mat;12000;1098;0,0915000;0,872277
pista externa;237.mat;12000;1099;0,0915833;3,648293
pista externa;237.mat;12000;1100;0,0916667;-1,968714
pista externa;237.mat;12000;1101;0,0917500;-3,001801
pista externa;237.mat;12000;1102;0,0918333;2,461298
pista externa;237.mat;12000;1103;0,0919167;0,799587
pista externa;237.mat;12000;1104;0,0920000;-3,285250
pista externa;237.mat;12000;1105;0,0920833;-0,199795
pista externa;237.mat;12000;1106;0,0921667;2,004450
pista externa;237.mat;12000;1107;0,0922500;-1,781101
pista externa;237.mat;12000;1108;0,0923333;-1,914704
pista externa;237.mat;12000;1109;0,0924167;2,043028
pista externa;237.mat;12000;1110;0,0925000;0,643243
pista externa;237.mat;12000;1111;0,0925833;-1,578869
pista externa;237.mat;12000;1112;0,0926667;1,044052
pista externa;237.mat;12000;1113;0,0927500;2,097038
pista externa;237.mat;12000;1114;0,0928333;-0,687913
pista externa;237.mat;12000;1115;0,0929167;-0,650553
pista externa;237.mat;12000;1116;0,0930000;2,068205
pista externa;237.mat;12000;1117;0,0930833;0,780907
pista externa;237.mat;12000;1118;0,0931667;-1,591864
pista externa;237.mat;12000;1119;0,0932500;0,083248
pista externa;237.mat;12000;1120;0,0933333;1,578463
pista externa;237.mat;12000;1121;0,0934167;-0,306190
pista externa;237.mat;12000;1122;0,0935000;-1,446485
pista externa;237.mat;12000;1123;0,0935833;0,166902
pista externa;237.mat;12000;1124;0,0936667;0,326089
pista externa;237.mat;12000;1125;0,0937500;-0,877962
pista externa;237.mat;12000;1126;0,0938333;-0,720806
pista externa;237.mat;12000;1127;0,0939167;0,191673
pista externa;237.mat;12000;1128;0,0940000;-0,068223
pista externa;237.mat;12000;1129;0,0940833;-0,497051
pista externa;237.mat;12000;1130;0,0941667;0,298068
pista externa;237.mat;12000;1131;0,0942500;0,258678
pista externa;237.mat;12000;1132;0,0943333;-0,378880
pista externa;237.mat;12000;1133;0,0944167;-0,196140
pista externa;237.mat;12000;1134;0,0945000;0,344769
pista externa;237.mat;12000;1135;0,0945833;0,255429
pista externa;237.mat;12000;1136;0,0946667;-0,028832
pista externa;237.mat;12000;1137;0,0947500;0,092994
pista externa;237.mat;12000;1138;0,0948333;0,529945
pista externa;237.mat;12000;1139;0,0949167;0,410555
pista externa;237.mat;12000;1140;0,0950000;-0,051979
pista externa;237.mat;12000;1141;0,0950833;0,008934
pista externa;237.mat;12000;1142;0,0951667;0,087309
pista externa;237.mat;12000;1143;0,0952500;0,140100
pista externa;237.mat;12000;1144;0,0953333;-0,194110
pista externa;237.mat;12000;1145;0,0954167;-0,170151
pista externa;237.mat;12000;1146;0,0955000;0,099085
pista externa;237.mat;12000;1147;0,0955833;-0,246495
pista externa;237.mat;12000;1148;0,0956667;-0,212790
pista externa;237.mat;12000;1149;0,0957500;0,042233
pista externa;237.mat;12000;1150;0,0958333;-0,285480
pista externa;237.mat;12000;1151;0,0959167;-0,484463
pista externa;237.mat;12000;1152;0,0960000;-0,057664
pista externa;237.mat;12000;1153;0,0960833;0,155532
pista externa;237.mat;12000;1154;0,0961667;-0,144567
pista externa;237.mat;12000;1155;0,0962500;-0,262333
pista externa;237.mat;12000;1156;0,0963333;0,114923
pista externa;237.mat;12000;1157;0,0964167;0,356545
pista externa;237.mat;12000;1158;0,0965000;0,243653
pista externa;237.mat;12000;1159;0,0965833;0,165684
pista externa;237.mat;12000;1160;0,0966667;0,126293
pista externa;237.mat;12000;1161;0,0967500;0,040203
pista externa;237.mat;12000;1162;0,0968333;0,120202
pista externa;237.mat;12000;1163;0,0969167;0,114923
pista externa;237.mat;12000;1164;0,0970000;-0,068223
pista externa;237.mat;12000;1165;0,0970833;-0,181521
pista externa;237.mat;12000;1166;0,0971667;-0,239592
pista externa;237.mat;12000;1167;0,0972500;-0,010152
pista externa;237.mat;12000;1168;0,0973333;0,013807
pista externa;237.mat;12000;1169;0,0974167;-0,327713
pista externa;237.mat;12000;1170;0,0975000;-0,441011
pista externa;237.mat;12000;1171;0,0975833;-0,212384
pista externa;237.mat;12000;1172;0,0976667;0,326089
pista externa;237.mat;12000;1173;0,0977500;0,376850
pista externa;237.mat;12000;1174;0,0978333;-0,186800
pista externa;237.mat;12000;1175;0,0979167;-0,072284
pista externa;237.mat;12000;1176;0,0980000;0,535224
pista externa;237.mat;12000;1177;0,0980833;0,507610
pista externa;237.mat;12000;1178;0,0981667;-0,000812
pista externa;237.mat;12000;1179;0,0982500;-0,069847
pista externa;237.mat;12000;1180;0,0983333;0,264769
pista externa;237.mat;12000;1181;0,0984167;0,271267
pista externa;237.mat;12000;1182;0,0985000;0,070659
pista externa;237.mat;12000;1183;0,0985833;0,078781
pista externa;237.mat;12000;1184;0,0986667;-0,202232
pista externa;237.mat;12000;1185;0,0987500;-0,677761
pista externa;237.mat;12000;1186;0,0988333;-0,286698
pista externa;237.mat;12000;1187;0,0989167;0,116547
pista externa;237.mat;12000;1188;0,0990000;-0,359794
pista externa;237.mat;12000;1189;0,0990833;-0,505173
pista externa;237.mat;12000;1190;0,0991667;0,171369
pista externa;237.mat;12000;1191;0,0992500;0,453600
pista externa;237.mat;12000;1192;0,0993333;0,010558
pista externa;237.mat;12000;1193;0,0994167;-0,043045
pista externa;237.mat;12000;1194;0,0995000;0,091370
pista externa;237.mat;12000;1195;0,0995833;-0,110456
pista externa;237.mat;12000;1196;0,0996667;0,269642
pista externa;237.mat;12000;1197;0,0997500;0,559183
pista externa;237.mat;12000;1198;0,0998333;-0,082436
pista externa;237.mat;12000;1199;0,0999167;-0,054416
